system:index,epp_row_id,first_month,latitude,longitude,pre_max_mm_day_first_month,pre_mean_mm_day_first_month,pre_sd_mm_day_first_month,pre_sum_mm_first_month,pre_wet_days_gt1mm_first_month,tmp_mean_C_first_month,tmp_range_C_first_month,tmp_sd_C_first_month,weather_dataset,weather_end_date,weather_start_date,year,.geo
00000000000000000009,13,1,-77.52,167.77,3.732546681892046,0.3926536503041322,0.7649309064406218,12.172263159428098,3,-9.431871405980896,6.095792770385742,1.2971074696726215,ECMWF/ERA5_LAND/DAILY_AGGR,1988-01-31,1988-01-01,1988,"{""type"":""Point"",""coordinates"":[167.77,-77.52]}"
0000000000000000003a,63,1,-71.88,5.17,3.693356288238192,0.5401559454891377,0.9595473821260366,16.74483431016327,6,-15.72262615490983,5.785116195678739,1.4700411912739169,ECMWF/ERA5_LAND/DAILY_AGGR,1993-01-31,1993-01-01,1993,"{""type"":""Point"",""coordinates"":[5.17,-71.88]}"
00000000000000000040,69,1,-0.12,-77.92,25.000726918790406,6.461055610490263,4.88365857613067,200.29272392519815,31,7.2629331855364,0.9938850402832031,0.3050188147136586,ECMWF/ERA5_LAND/DAILY_AGGR,2009-01-31,2009-01-01,2009,"{""type"":""Point"",""coordinates"":[-77.92,-0.11999999999999997]}"
000000000000000000ba,191,1,-0.42,-90.37,,,,,,,,,ECMWF/ERA5_LAND/DAILY_AGGR,1987-01-31,1987-01-01,1987,"{""type"":""Point"",""coordinates"":[-90.37,-0.41999999999999993]}"
000000000000000000bb,192,1,-0.42,-90.37,,,,,,,,,ECMWF/ERA5_LAND/DAILY_AGGR,1991-01-31,1991-01-01,1991,"{""type"":""Point"",""coordinates"":[-90.37,-0.41999999999999993]}"
0000000000000000011b,290,1,9.12,-79.7,6.169560551541053,1.1580751072366016,1.172699815944277,35.90032832433465,12,25.156954147995183,1.3464864095051894,0.34615068476458927,ECMWF/ERA5_LAND/DAILY_AGGR,1994-01-31,1994-01-01,1994,"{""type"":""Point"",""coordinates"":[-79.7,9.12]}"
0000000000000000011c,291,1,9.12,-79.7,4.011407494601826,1.1316012548208634,1.0011548513985236,35.07963889944676,13,25.678653068952688,1.9588680267333984,0.4538849599468199,ECMWF/ERA5_LAND/DAILY_AGGR,1995-01-31,1995-01-01,1995,"{""type"":""Point"",""coordinates"":[-79.7,9.12]}"
000000000000000001a5,449,1,46.0,6.0,43.15023422230979,8.271325681576972,10.360106688035955,256.41109612888613,21,0.7851190751598918,14.100647608439147,2.791667242937249,ECMWF/ERA5_LAND/DAILY_AGGR,2004-01-31,2004-01-01,2004,"{""type"":""Point"",""coordinates"":[6.000000000000001,46.00000000000001]}"
000000000000000001a9,459,1,9.17,-79.85,,,,,,,,,ECMWF/ERA5_LAND/DAILY_AGGR,1996-01-31,1996-01-01,1996,"{""type"":""Point"",""coordinates"":[-79.85,9.17]}"
00000000000000000237,628,1,22.0,121.08,,,,,,,,,ECMWF/ERA5_LAND/DAILY_AGGR,1999-01-31,1999-01-01,1999,"{""type"":""Point"",""coordinates"":[121.08,22.0]}"
00000000000000000238,629,1,22.0,121.08,,,,,,,,,ECMWF/ERA5_LAND/DAILY_AGGR,2000-01-31,2000-01-01,2000,"{""type"":""Point"",""coordinates"":[121.08,22.0]}"
00000000000000000239,630,1,22.0,121.08,,,,,,,,,ECMWF/ERA5_LAND/DAILY_AGGR,2001-01-31,2001-01-01,2001,"{""type"":""Point"",""coordinates"":[121.08,22.0]}"
0000000000000000023a,631,1,22.0,121.08,,,,,,,,,ECMWF/ERA5_LAND/DAILY_AGGR,2002-01-31,2002-01-01,2002,"{""type"":""Point"",""coordinates"":[121.08,22.0]}"
0000000000000000023b,632,1,22.0,121.08,,,,,,,,,ECMWF/ERA5_LAND/DAILY_AGGR,2003-01-31,2003-01-01,2003,"{""type"":""Point"",""coordinates"":[121.08,22.0]}"
0000000000000000023c,633,1,22.0,121.08,,,,,,,,,ECMWF/ERA5_LAND/DAILY_AGGR,2004-01-31,2004-01-01,2004,"{""type"":""Point"",""coordinates"":[121.08,22.0]}"
00000000000000000008,12,2,42.27,-83.73,14.813351631062233,1.2589486649227257,2.9366143437185848,35.25056261783632,8,-1.0337512788318253,21.053480784098326,4.915077249644038,ECMWF/ERA5_LAND/DAILY_AGGR,1991-02-28,1991-02-01,1991,"{""type"":""Point"",""coordinates"":[-83.73,42.27]}"
00000000000000000023,40,2,23.75,-166.02,,,,,,,,,ECMWF/ERA5_LAND/DAILY_AGGR,2007-02-28,2007-02-01,2007,"{""type"":""Point"",""coordinates"":[-166.02,23.75]}"
0000000000000000003c,65,2,37.0,-3.0,14.783051453207463,0.8195544203359566,2.7542274050351088,22.947523769406786,4,8.99199095680603,11.123023986816406,2.697313238651376,ECMWF/ERA5_LAND/DAILY_AGGR,1995-02-28,1995-02-01,1995,"{""type"":""Point"",""coordinates"":[-3.0000000000000004,37.00000000000001]}"
0000000000000000004d,82,2,44.97,-90.05,13.592436909561911,1.0000239188603695,2.553375762452844,28.000669728090344,7,-11.649558743976387,22.210439682006864,6.236001221870861,ECMWF/ERA5_LAND/DAILY_AGGR,2003-02-28,2003-02-01,2003,"{""type"":""Point"",""coordinates"":[-90.05,44.97]}"
0000000000000000004e,83,2,44.97,-90.05,19.494895740876927,1.9823610654790527,3.9511389878883696,57.48847089889253,10,-6.167999561353637,20.730836868286104,5.019197082694379,ECMWF/ERA5_LAND/DAILY_AGGR,2004-02-29,2004-02-01,2004,"{""type"":""Point"",""coordinates"":[-90.05,44.97]}"
0000000000000000004f,84,2,44.97,-90.05,12.657856940677448,1.0452868281750785,2.808785713649483,29.2680311889022,4,-12.235569540659569,26.666441599527985,7.413660362116928,ECMWF/ERA5_LAND/DAILY_AGGR,2007-02-28,2007-02-01,2007,"{""type"":""Point"",""coordinates"":[-90.05,44.97]}"
0000000000000000009a,159,2,51.75,4.75,19.6389898101188,4.087015455663336,4.930653170332253,114.4364327585734,19,6.876695387704054,10.672938028971316,3.2273795620697303,ECMWF/ERA5_LAND/DAILY_AGGR,2002-02-28,2002-02-01,2002,"{""type"":""Point"",""coordinates"":[4.749999999999999,51.75000000000001]}"
0000000000000000009b,160,2,51.75,4.75,5.220998960908219,0.7400289905344438,1.4406515591827287,20.72081173496443,7,1.8860189392453381,11.234154383341433,3.0565339614327693,ECMWF/ERA5_LAND/DAILY_AGGR,2003-02-28,2003-02-01,2003,"{""type"":""Point"",""coordinates"":[4.749999999999999,51.75000000000001]}"
000000000000000000aa,175,2,-15.57,128.0,78.53663304803149,13.568953416644913,16.779993332465015,393.4996490827025,23,28.331693925528718,6.864665349324525,1.771475545728581,ECMWF/ERA5_LAND/DAILY_AGGR,2008-02-29,2008-02-01,2008,"{""type"":""Point"",""coordinates"":[128.0,-15.570000000000002]}"
000000000000000000ab,176,2,-15.57,128.0,27.911835222880654,10.12408287164008,8.745360145054397,283.47432040592224,20,27.895635268801755,6.244228363037109,1.7206150084572338,ECMWF/ERA5_LAND/DAILY_AGGR,2009-02-28,2009-02-01,2009,"{""type"":""Point"",""coordinates"":[128.0,-15.570000000000002]}"
000000000000000001a8,457,2,21.87,-105.9,,,,,,,,,ECMWF/ERA5_LAND/DAILY_AGGR,2011-02-28,2011-02-01,2011,"{""type"":""Point"",""coordinates"":[-105.90000000000002,21.87]}"
00000000000000000245,642,2,25.8333,131.2333,,,,,,,,,ECMWF/ERA5_LAND/DAILY_AGGR,2008-02-29,2008-02-01,2008,"{""type"":""Point"",""coordinates"":[131.2333,25.8333]}"
00000000000000000016,27,3,37.17,-6.35,28.3726505833215,2.560201022349028,6.095430042510943,79.36623169281987,8,14.401357207759757,5.4240716298421034,1.385239327336037,ECMWF/ERA5_LAND/DAILY_AGGR,2003-03-31,2003-03-01,2003,"{""type"":""Point"",""coordinates"":[-6.349999999999999,37.17000000000001]}"
00000000000000000024,41,3,59.53,-1.62,,,,,,,,,ECMWF/ERA5_LAND/DAILY_AGGR,1988-03-31,1988-03-01,1988,"{""type"":""Point"",""coordinates"":[-1.62,59.53]}"
00000000000000000025,42,3,45.43,8.62,16.96725487704498,0.6518000632637256,2.989153388283817,20.205801961175496,1,10.74595310662385,6.030504862467467,1.7649578918364497,ECMWF/ERA5_LAND/DAILY_AGGR,1994-03-31,1994-03-01,1994,"{""type"":""Point"",""coordinates"":[8.62,45.43]}"
00000000000000000026,43,3,38.83,-6.98,5.295768380051413,0.3454004640653535,1.2367075588156435,10.70741438602596,2,14.496643525810676,6.700677871704102,1.427697259922596,ECMWF/ERA5_LAND/DAILY_AGGR,1994-03-31,1994-03-01,1994,"{""type"":""Point"",""coordinates"":[-6.9799999999999995,38.830000000000005]}"
00000000000000000029,46,3,34.57,135.53,31.55454173003136,3.0867776886059155,6.696478071125998,95.69010834678338,10,7.220326667703632,9.80528450012207,2.567426793383139,ECMWF/ERA5_LAND/DAILY_AGGR,1989-03-31,1989-03-01,1989,"{""type"":""Point"",""coordinates"":[135.53,34.57]}"
0000000000000000002b,48,3,37.62,-84.12,51.521373070499976,7.5228615229281015,11.813359307992165,233.20870721077114,16,6.716608978599655,16.227341334025027,4.239681430677818,ECMWF/ERA5_LAND/DAILY_AGGR,1994-03-31,1994-03-01,1994,"{""type"":""Point"",""coordinates"":[-84.12,37.620000000000005]}"
0000000000000000002d,50,3,52.77,-4.78,25.07801651944419,3.824656467607327,5.285880861097044,118.56435049582714,18,7.897637221633772,5.66025479634601,1.2262639266376698,ECMWF/ERA5_LAND/DAILY_AGGR,1991-03-31,1991-03-01,1991,"{""type"":""Point"",""coordinates"":[-4.779999999999999,52.77]}"
00000000000000000038,61,3,53.07,-0.95,7.345828793745568,1.8990921473423605,2.101645953858721,58.87185656761318,17,7.178071512201805,8.441224416096986,2.409487773097527,ECMWF/ERA5_LAND/DAILY_AGGR,1994-03-31,1994-03-01,1994,"{""type"":""Point"",""coordinates"":[-0.9499999999999997,53.07]}"
00000000000000000044,73,3,37.18,-3.05,41.85491502283867,2.636612568302037,7.5655716997184586,81.73498961736314,10,6.494937105076307,18.115784962972043,4.300343243894219,ECMWF/ERA5_LAND/DAILY_AGGR,1993-03-31,1993-03-01,1993,"{""type"":""Point"",""coordinates"":[-3.05,37.18]}"
0000000000000000006e,115,3,43.0,-84.0,8.901536464691162,1.341270411211624,2.3491577661802934,41.579382747560345,9,4.884445260160734,20.996529897054018,5.1979446726331275,ECMWF/ERA5_LAND/DAILY_AGGR,2000-03-31,2000-03-01,2000,"{""type"":""Point"",""coordinates"":[-84.0,43.0]}"
0000000000000000006f,116,3,43.0,-84.0,3.532576560871803,0.7980138490872438,1.005431882830563,24.738429321704558,11,0.02997038236230398,11.911956787109375,2.96991522576314,ECMWF/ERA5_LAND/DAILY_AGGR,2001-03-31,2001-03-01,2001,"{""type"":""Point"",""coordinates"":[-84.0,43.0]}"
00000000000000000070,117,3,43.0,-84.0,19.62667958923703,2.479068264308133,4.677824824392322,76.85111619355212,12,-0.48833040216915297,24.032246271769168,5.0085072137380795,ECMWF/ERA5_LAND/DAILY_AGGR,2002-03-31,2002-03-01,2002,"{""type"":""Point"",""coordinates"":[-84.0,43.0]}"
0000000000000000007a,127,3,36.92,-25.17,,,,,,,,,ECMWF/ERA5_LAND/DAILY_AGGR,2002-03-31,2002-03-01,2002,"{""type"":""Point"",""coordinates"":[-25.170000000000005,36.92]}"
0000000000000000007b,128,3,36.92,-25.17,,,,,,,,,ECMWF/ERA5_LAND/DAILY_AGGR,2003-03-31,2003-03-01,2003,"{""type"":""Point"",""coordinates"":[-25.170000000000005,36.92]}"
00000000000000000085,138,3,40.98,-124.0,41.72182083129883,10.279925392552741,11.279109342428546,318.67768716913497,24,5.941552549792897,8.674687703450502,1.8595304586866621,ECMWF/ERA5_LAND/DAILY_AGGR,2006-03-31,2006-03-01,2006,"{""type"":""Point"",""coordinates"":[-124.0,40.98]}"
00000000000000000086,139,3,40.98,-124.0,23.941129992692822,3.3163480223136377,5.920923834549931,102.80678869172277,10,8.597110079693561,8.333117802937807,2.0061096521845267,ECMWF/ERA5_LAND/DAILY_AGGR,2007-03-31,2007-03-01,2007,"{""type"":""Point"",""coordinates"":[-124.0,40.98]}"
00000000000000000087,140,3,40.98,-124.0,25.09830892086029,4.317346791974468,6.870445257305577,133.8377505512085,14,6.626133157873684,5.843758900960324,1.5104430905298372,ECMWF/ERA5_LAND/DAILY_AGGR,2008-03-31,2008-03-01,2008,"{""type"":""Point"",""coordinates"":[-124.0,40.98]}"
0000000000000000009c,161,3,47.0,8.0,28.83889377108062,3.346504273376776,6.5195741529805336,103.74163247468005,13,2.981073264665528,10.71426773071289,2.7916379985793363,ECMWF/ERA5_LAND/DAILY_AGGR,2002-03-31,2002-03-01,2002,"{""type"":""Point"",""coordinates"":[8.0,47.0]}"
0000000000000000009d,162,3,47.0,8.0,11.190357804196083,1.5775689429169404,3.2461386302677973,48.90463723042515,7,2.526383459439864,9.514640172322629,2.3320400075606966,ECMWF/ERA5_LAND/DAILY_AGGR,2003-03-31,2003-03-01,2003,"{""type"":""Point"",""coordinates"":[8.0,47.0]}"
0000000000000000009e,163,3,47.0,8.0,23.341703414814674,3.0684008710759674,4.870340825363655,95.12042700335499,15,0.2956207111317858,13.859245936075808,3.767025330797454,ECMWF/ERA5_LAND/DAILY_AGGR,2004-03-31,2004-03-01,2004,"{""type"":""Point"",""coordinates"":[8.0,47.0]}"
0000000000000000009f,164,3,47.0,8.0,7.685229182243347,2.1117987351076986,2.384401993992144,65.46576078833866,17,0.5285357690626766,17.138272603352902,5.452184417773197,ECMWF/ERA5_LAND/DAILY_AGGR,2005-03-31,2005-03-01,2005,"{""type"":""Point"",""coordinates"":[8.0,47.0]}"
000000000000000000c5,202,3,36.37,-121.55,18.83156510371009,0.8774747847662143,3.335715840034189,27.201718327752644,6,9.99455914241014,10.244278589884402,2.384613870915176,ECMWF/ERA5_LAND/DAILY_AGGR,1994-03-31,1994-03-01,1994,"{""type"":""Point"",""coordinates"":[-121.55000000000003,36.37]}"
000000000000000000c6,203,3,36.37,-121.55,94.25282444226468,8.459419050396264,17.520610913528078,262.2419905622842,17,8.828870207263599,7.522058486938477,2.064424967562742,ECMWF/ERA5_LAND/DAILY_AGGR,1995-03-31,1995-03-01,1995,"{""type"":""Point"",""coordinates"":[-121.55000000000003,36.37]}"
000000000000000000d1,214,3,40.63,-8.68,34.55519619867076,4.437500000423619,8.410622655697495,137.5625000131322,11,13.236630745344291,10.230527242024777,2.923747310626398,ECMWF/ERA5_LAND/DAILY_AGGR,2002-03-31,2002-03-01,2002,"{""type"":""Point"",""coordinates"":[-8.68,40.63000000000001]}"
000000000000000000d2,215,3,40.63,-8.68,16.65800950161156,3.4095797081464423,5.25096434146993,105.69697095253971,11,13.478584400300079,6.898611068725586,1.488281510786857,ECMWF/ERA5_LAND/DAILY_AGGR,2003-03-31,2003-03-01,2003,"{""type"":""Point"",""coordinates"":[-8.68,40.63000000000001]}"
000000000000000000d3,216,3,40.63,-8.68,31.1920193998958,2.987686586668968,6.18854836103629,92.61828418673801,10,12.64966364624682,14.748233159383119,3.4875878539600498,ECMWF/ERA5_LAND/DAILY_AGGR,2005-03-31,2005-03-01,2005,"{""type"":""Point"",""coordinates"":[-8.68,40.63000000000001]}"
000000000000000000d4,217,3,40.63,-8.68,40.31130639498315,6.10442583025849,8.999701886118157,189.2372007380132,17,12.483455481580531,8.126916249593137,1.8621568864842166,ECMWF/ERA5_LAND/DAILY_AGGR,2006-03-31,2006-03-01,2006,"{""type"":""Point"",""coordinates"":[-8.68,40.63000000000001]}"
000000000000000000d5,218,3,40.63,-8.68,19.110628962515364,1.4965639001849973,3.686863106629438,46.39348090573492,9,12.323984974686834,6.10587183634442,1.7372639230030773,ECMWF/ERA5_LAND/DAILY_AGGR,2007-03-31,2007-03-01,2007,"{""type"":""Point"",""coordinates"":[-8.68,40.63000000000001]}"
000000000000000000d6,219,3,40.63,-8.68,9.746450185730282,1.4777046056557934,2.57671635130056,45.808842775329595,10,12.014093612342782,5.7448355356851835,1.2642570565178788,ECMWF/ERA5_LAND/DAILY_AGGR,2008-03-31,2008-03-01,2008,"{""type"":""Point"",""coordinates"":[-8.68,40.63000000000001]}"
000000000000000000f3,248,3,51.25,4.47,4.7195328162956685,0.9651759765596297,1.4049852540439445,29.920455273348523,9,8.443270394109938,11.199481964111328,2.649408813030471,ECMWF/ERA5_LAND/DAILY_AGGR,1990-03-31,1990-03-01,1990,"{""type"":""Point"",""coordinates"":[4.469999999999999,51.25]}"
000000000000000000f4,249,3,51.25,4.47,4.427043633558725,0.9892529406243737,1.1252872560522438,30.666841159355585,11,9.108144194080012,8.646589914957644,2.4848808711947137,ECMWF/ERA5_LAND/DAILY_AGGR,1991-03-31,1991-03-01,1991,"{""type"":""Point"",""coordinates"":[4.469999999999999,51.25]}"
000000000000000000f5,250,3,51.25,4.47,15.507410149723455,3.021135390861058,3.8133004688858025,93.65519711669279,19,7.199935695689233,5.814497629801451,1.8973803555939965,ECMWF/ERA5_LAND/DAILY_AGGR,1992-03-31,1992-03-01,1992,"{""type"":""Point"",""coordinates"":[4.469999999999999,51.25]}"
000000000000000000f6,251,3,51.25,4.47,1.6979753970645106,0.23529188396134446,0.42478744201057633,7.294048402801678,2,6.165200251917706,12.424402872721316,3.1736653598908453,ECMWF/ERA5_LAND/DAILY_AGGR,1993-03-31,1993-03-01,1993,"{""type"":""Point"",""coordinates"":[4.469999999999999,51.25]}"
000000000000000000fe,261,3,51.42,7.65,4.2857646942024985,0.7387809706662138,1.119510853941435,22.90221009065263,8,4.69023910440427,12.21299870808923,3.7586808905284887,ECMWF/ERA5_LAND/DAILY_AGGR,1993-03-31,1993-03-01,1993,"{""type"":""Point"",""coordinates"":[7.650000000000001,51.42]}"
000000000000000000ff,262,3,51.42,7.65,30.899042681312494,4.488430396118212,6.155399685904763,139.14134227966457,21,6.813070777154764,10.429749806722043,2.677587210978924,ECMWF/ERA5_LAND/DAILY_AGGR,1994-03-31,1994-03-01,1994,"{""type"":""Point"",""coordinates"":[7.650000000000001,51.42]}"
00000000000000000102,265,3,40.02,122.93,6.609538197437814,0.5765734572671664,1.5713768573394946,17.873777175282157,4,1.0199521054503973,12.595877329508426,2.737445903903507,ECMWF/ERA5_LAND/DAILY_AGGR,2009-03-31,2009-03-01,2009,"{""type"":""Point"",""coordinates"":[122.93,40.02]}"
00000000000000000103,266,3,40.02,122.93,15.142935514347755,1.0672747998478096,3.259784342682832,33.0855187952821,4,-0.39151580564434735,12.485557556152344,2.962270822059805,ECMWF/ERA5_LAND/DAILY_AGGR,2010-03-31,2010-03-01,2010,"{""type"":""Point"",""coordinates"":[122.93,40.02]}"
00000000000000000104,267,3,40.02,122.93,0.31111836432273776,0.03794741959583711,0.08428375941126094,1.1763700074709504,0,0.8078942124561782,14.156234105428041,3.2458882507264453,ECMWF/ERA5_LAND/DAILY_AGGR,2011-03-31,2011-03-01,2011,"{""type"":""Point"",""coordinates"":[122.93,40.02]}"
0000000000000000010a,273,3,35.7,-83.2,46.77106738080283,3.3310868469619033,8.781905589212638,103.263692255819,9,6.719545085455802,20.029097874959348,4.213683184093396,ECMWF/ERA5_LAND/DAILY_AGGR,1995-03-31,1995-03-01,1995,"{""type"":""Point"",""coordinates"":[-83.2,35.7]}"
0000000000000000010b,274,3,35.7,-83.2,25.53961277004646,4.792454004150647,6.548574705261943,148.56607412867007,16,2.486690078243152,20.115800857543945,5.459095371287853,ECMWF/ERA5_LAND/DAILY_AGGR,1996-03-31,1996-03-01,1996,"{""type"":""Point"",""coordinates"":[-83.2,35.7]}"
0000000000000000012a,305,3,43.16,-124.41,,,,,,,,,ECMWF/ERA5_LAND/DAILY_AGGR,2005-03-31,2005-03-01,2005,"{""type"":""Point"",""coordinates"":[-124.41,43.16]}"
0000000000000000012b,306,3,43.16,-124.41,,,,,,,,,ECMWF/ERA5_LAND/DAILY_AGGR,2006-03-31,2006-03-01,2006,"{""type"":""Point"",""coordinates"":[-124.41,43.16]}"
0000000000000000012c,307,3,43.16,-124.41,,,,,,,,,ECMWF/ERA5_LAND/DAILY_AGGR,2007-03-31,2007-03-01,2007,"{""type"":""Point"",""coordinates"":[-124.41,43.16]}"
00000000000000000132,313,3,31.92,-109.25,9.658902883529663,1.399590542562929,2.661969801978465,43.3873068194508,8,6.3679413210961355,11.502944946289062,3.1788191509859707,ECMWF/ERA5_LAND/DAILY_AGGR,1991-03-31,1991-03-01,1991,"{""type"":""Point"",""coordinates"":[-109.25000000000001,31.919999999999998]}"
00000000000000000133,314,3,31.92,-109.25,12.906387448310852,1.5403618188622155,2.867322849582905,47.75121638472868,10,7.616828126804819,9.53262710571289,2.314749216234794,ECMWF/ERA5_LAND/DAILY_AGGR,1992-03-31,1992-03-01,1992,"{""type"":""Point"",""coordinates"":[-109.25000000000001,31.919999999999998]}"
00000000000000000134,315,3,31.92,-109.25,8.658182336944265,0.6816965448630602,1.7497467695215498,21.132592890754864,4,9.20983860877255,13.29941495259601,3.382982338886197,ECMWF/ERA5_LAND/DAILY_AGGR,1993-03-31,1993-03-01,1993,"{""type"":""Point"",""coordinates"":[-109.25000000000001,31.919999999999998]}"
00000000000000000135,316,3,31.92,-109.25,5.52135705947876,0.6564078868509587,1.3080424473204346,20.34864449237972,5,9.52150649204051,9.138051986694336,2.5732486627467477,ECMWF/ERA5_LAND/DAILY_AGGR,1994-03-31,1994-03-01,1994,"{""type"":""Point"",""coordinates"":[-109.25000000000001,31.919999999999998]}"
00000000000000000136,317,3,31.92,-109.25,9.055495262145996,0.4639789364672525,1.6229126918788552,14.383347030484828,2,9.3208135666386,9.56701914469403,2.521916116437443,ECMWF/ERA5_LAND/DAILY_AGGR,1995-03-31,1995-03-01,1995,"{""type"":""Point"",""coordinates"":[-109.25000000000001,31.919999999999998]}"
00000000000000000137,318,3,31.92,-109.25,2.8000438636013314,0.2400242819492077,0.6298259939697186,7.440752740425438,2,9.073349499446111,9.818413416544615,2.5582221680131925,ECMWF/ERA5_LAND/DAILY_AGGR,1996-03-31,1996-03-01,1996,"{""type"":""Point"",""coordinates"":[-109.25000000000001,31.919999999999998]}"
00000000000000000138,319,3,49.4,-110.7,2.2106319665908813,0.2837809670386414,0.49958939150274845,8.797209978197884,3,2.0156158201156353,17.94076919555664,4.366346284269158,ECMWF/ERA5_LAND/DAILY_AGGR,1999-03-31,1999-03-01,1999,"{""type"":""Point"",""coordinates"":[-110.70000000000002,49.4]}"
00000000000000000139,320,3,49.4,-110.7,10.796043276684486,1.124321521294681,2.2551747856953535,34.85396716013511,9,0.8093365782050929,15.41412289937341,3.624883276489114,ECMWF/ERA5_LAND/DAILY_AGGR,2000-03-31,2000-03-01,2000,"{""type"":""Point"",""coordinates"":[-110.70000000000002,49.4]}"
0000000000000000013a,321,3,49.4,-110.7,2.0948888206753224,0.2724248982840408,0.4945640820575702,8.445171846805266,3,0.9985418709375741,14.510891596476256,3.0928419285393707,ECMWF/ERA5_LAND/DAILY_AGGR,2001-03-31,2001-03-01,2001,"{""type"":""Point"",""coordinates"":[-110.70000000000002,49.4]}"
0000000000000000013b,322,3,49.4,-110.7,5.201217532146529,1.0644669037102146,1.4063773606063126,32.998474015016654,9,-11.37249486369469,26.26255162556967,7.676209440198574,ECMWF/ERA5_LAND/DAILY_AGGR,2002-03-31,2002-03-01,2002,"{""type"":""Point"",""coordinates"":[-110.70000000000002,49.4]}"
0000000000000000013c,323,3,49.4,-110.7,3.4097909926344983,0.7133626403664092,0.9200716298207556,22.114241851358685,7,-3.5614310356878267,35.93753687540689,10.123710262303662,ECMWF/ERA5_LAND/DAILY_AGGR,2003-03-31,2003-03-01,2003,"{""type"":""Point"",""coordinates"":[-110.70000000000002,49.4]}"
0000000000000000013d,324,3,49.4,-110.7,6.529289691684426,0.6928293932782439,1.2479276100768597,21.47771119162556,7,2.8808126634167297,15.407881418863894,3.865287946264287,ECMWF/ERA5_LAND/DAILY_AGGR,2004-03-31,2004-03-01,2004,"{""type"":""Point"",""coordinates"":[-110.70000000000002,49.4]}"
0000000000000000013e,325,3,49.4,-110.7,10.32846706084456,1.1789264397280599,2.0750594349444205,36.54671963156986,10,0.6297176197011181,15.293460210164369,4.37246136954367,ECMWF/ERA5_LAND/DAILY_AGGR,2005-03-31,2005-03-01,2005,"{""type"":""Point"",""coordinates"":[-110.70000000000002,49.4]}"
0000000000000000013f,326,3,49.4,-110.7,4.0302492575392534,0.8307255891388594,1.2810313462522502,25.752493263304643,9,-2.0879412128079133,15.998109181722043,4.708406221696284,ECMWF/ERA5_LAND/DAILY_AGGR,2006-03-31,2006-03-01,2006,"{""type"":""Point"",""coordinates"":[-110.70000000000002,49.4]}"
00000000000000000140,327,3,8.2,-82.2,,,,,,,,,ECMWF/ERA5_LAND/DAILY_AGGR,2000-03-31,2000-03-01,2000,"{""type"":""Point"",""coordinates"":[-82.2,8.2]}"
00000000000000000141,328,3,8.2,-82.2,,,,,,,,,ECMWF/ERA5_LAND/DAILY_AGGR,2001-03-31,2001-03-01,2001,"{""type"":""Point"",""coordinates"":[-82.2,8.2]}"
00000000000000000142,329,3,8.2,-82.2,,,,,,,,,ECMWF/ERA5_LAND/DAILY_AGGR,2002-03-31,2002-03-01,2002,"{""type"":""Point"",""coordinates"":[-82.2,8.2]}"
00000000000000000143,330,3,8.2,-82.2,,,,,,,,,ECMWF/ERA5_LAND/DAILY_AGGR,2003-03-31,2003-03-01,2003,"{""type"":""Point"",""coordinates"":[-82.2,8.2]}"
00000000000000000144,331,3,8.2,-82.2,,,,,,,,,ECMWF/ERA5_LAND/DAILY_AGGR,2004-03-31,2004-03-01,2004,"{""type"":""Point"",""coordinates"":[-82.2,8.2]}"
00000000000000000145,332,3,8.2,-82.2,,,,,,,,,ECMWF/ERA5_LAND/DAILY_AGGR,2005-03-31,2005-03-01,2005,"{""type"":""Point"",""coordinates"":[-82.2,8.2]}"
00000000000000000146,333,3,8.2,-82.2,,,,,,,,,ECMWF/ERA5_LAND/DAILY_AGGR,2006-03-31,2006-03-01,2006,"{""type"":""Point"",""coordinates"":[-82.2,8.2]}"
0000000000000000016e,373,3,35.0,-83.0,68.87477934350272,4.4137086021004235,12.37230079809142,136.82496666511312,9,10.400600297989406,17.355676651000977,3.7830965593424892,ECMWF/ERA5_LAND/DAILY_AGGR,1995-03-31,1995-03-01,1995,"{""type"":""Point"",""coordinates"":[-83.0,35.0]}"
0000000000000000016f,374,3,35.0,-83.0,45.10210573585027,6.315386806627838,11.525467482345496,195.77699100546297,14,5.938334483485089,18.916579564412416,4.730321655559481,ECMWF/ERA5_LAND/DAILY_AGGR,1996-03-31,1996-03-01,1996,"{""type"":""Point"",""coordinates"":[-83.0,35.0]}"
00000000000000000171,377,3,48.17,16.3,9.080517291920387,0.9382582326119584,1.7322616308134933,29.08600521097071,8,5.935117668233917,12.014124552408816,3.329224994126918,ECMWF/ERA5_LAND/DAILY_AGGR,1999-03-31,1999-03-01,1999,"{""type"":""Point"",""coordinates"":[16.3,48.17]}"
00000000000000000172,379,3,53.07,-0.95,7.890851068339089,1.6668136700350866,2.0587343153319275,51.67122377108768,11,3.787278378394365,12.071269989013672,2.908255115042617,ECMWF/ERA5_LAND/DAILY_AGGR,1985-03-31,1985-03-01,1985,"{""type"":""Point"",""coordinates"":[-0.9499999999999997,53.07]}"
00000000000000000173,380,3,53.07,-0.95,11.275532841580116,2.1411140172915566,2.650146677465204,66.37453453603825,17,4.6965876630557695,9.832526524861635,2.485663663334733,ECMWF/ERA5_LAND/DAILY_AGGR,1986-03-31,1986-03-01,1986,"{""type"":""Point"",""coordinates"":[-0.9499999999999997,53.07]}"
00000000000000000174,381,3,53.07,-0.95,8.342499530442637,2.488886820749311,2.6957452477335937,77.15549144322864,17,3.3212055165280776,9.243332544962584,3.0047770460683108,ECMWF/ERA5_LAND/DAILY_AGGR,1987-03-31,1987-03-01,1987,"{""type"":""Point"",""coordinates"":[-0.9499999999999997,53.07]}"
00000000000000000175,382,3,53.07,-0.95,10.566633803136938,2.4996942204826986,2.65734704705851,77.49052083496366,17,5.431021093553134,9.380643208821596,2.334798946259822,ECMWF/ERA5_LAND/DAILY_AGGR,1988-03-31,1988-03-01,1988,"{""type"":""Point"",""coordinates"":[-0.9499999999999997,53.07]}"
00000000000000000176,383,3,53.07,-0.95,9.453266859054565,2.054605497078333,2.525057813794508,63.692770409428334,19,7.022541259437505,9.700311660766602,2.6415898698584854,ECMWF/ERA5_LAND/DAILY_AGGR,1989-03-31,1989-03-01,1989,"{""type"":""Point"",""coordinates"":[-0.9499999999999997,53.07]}"
00000000000000000177,384,3,35.2,-97.43,52.51170247782966,2.9382582709786678,9.61898631176799,91.0860064003387,6,11.457754286899382,21.174457550048828,5.131248354511648,ECMWF/ERA5_LAND/DAILY_AGGR,1994-03-31,1994-03-01,1994,"{""type"":""Point"",""coordinates"":[-97.43000000000002,35.199999999999996]}"
00000000000000000178,385,3,35.2,-97.43,81.08137249945457,4.961171015488337,14.788105108431372,153.79630148013845,10,10.519231640395317,26.777587890625,7.213385535087091,ECMWF/ERA5_LAND/DAILY_AGGR,1995-03-31,1995-03-01,1995,"{""type"":""Point"",""coordinates"":[-97.43000000000002,35.199999999999996]}"
00000000000000000179,386,3,35.2,-97.43,22.73443341255188,1.6657217201277317,4.951292559471253,51.63737332395968,5,8.609519064298263,23.52793566385901,6.360889949006832,ECMWF/ERA5_LAND/DAILY_AGGR,1996-03-31,1996-03-01,1996,"{""type"":""Point"",""coordinates"":[-97.43000000000002,35.199999999999996]}"
0000000000000000017a,387,3,46.25,20.13,19.39329472963891,2.1948331633248768,4.09963002352441,68.03982806307118,10,4.96763359397973,15.619462966918945,4.640982334473291,ECMWF/ERA5_LAND/DAILY_AGGR,2006-03-31,2006-03-01,2006,"{""type"":""Point"",""coordinates"":[20.129999999999995,46.25]}"
00000000000000000183,407,3,-1.38,-89.62,,,,,,,,,ECMWF/ERA5_LAND/DAILY_AGGR,2000-03-31,2000-03-01,2000,"{""type"":""Point"",""coordinates"":[-89.62,-1.38]}"
00000000000000000184,408,3,-1.38,-89.62,,,,,,,,,ECMWF/ERA5_LAND/DAILY_AGGR,2001-03-31,2001-03-01,2001,"{""type"":""Point"",""coordinates"":[-89.62,-1.38]}"
00000000000000000185,409,3,-1.38,-89.62,,,,,,,,,ECMWF/ERA5_LAND/DAILY_AGGR,2002-03-31,2002-03-01,2002,"{""type"":""Point"",""coordinates"":[-89.62,-1.38]}"
00000000000000000196,429,3,-15.55,128.0,10.910964646143384,1.444797554230967,2.862964150644562,44.78872418115998,7,29.042760447020196,4.952371597290039,1.1710181101807746,ECMWF/ERA5_LAND/DAILY_AGGR,2008-03-31,2008-03-01,2008,"{""type"":""Point"",""coordinates"":[128.0,-15.549999999999997]}"
00000000000000000197,430,3,-15.55,128.0,1.396733522312843,0.19472567382469988,0.4129629087205038,6.036495888565696,3,30.6150225649598,4.889440536499023,1.063997523134167,ECMWF/ERA5_LAND/DAILY_AGGR,2009-03-31,2009-03-01,2009,"{""type"":""Point"",""coordinates"":[128.0,-15.549999999999997]}"
00000000000000000198,431,3,-15.55,128.0,8.824589848416053,0.8730083613636177,2.0976827570776666,27.06325920227215,6,30.248182510047855,5.783312479654967,1.4489240748643248,ECMWF/ERA5_LAND/DAILY_AGGR,2010-03-31,2010-03-01,2010,"{""type"":""Point"",""coordinates"":[128.0,-15.549999999999997]}"
000000000000000001a3,446,3,-15.37,-75.2,,,,,,,,,ECMWF/ERA5_LAND/DAILY_AGGR,1995-03-31,1995-03-01,1995,"{""type"":""Point"",""coordinates"":[-75.2,-15.369999999999996]}"
000000000000000001b3,476,3,40.75,-3.7833,21.977922668213523,3.0908823971739112,5.723652848722333,95.81735431239125,11,4.2789745207755985,14.325132369995117,3.3417112904052315,ECMWF/ERA5_LAND/DAILY_AGGR,2004-03-31,2004-03-01,2004,"{""type"":""Point"",""coordinates"":[-3.7833,40.75]}"
000000000000000001b4,477,3,40.75,-3.7833,4.97494619776262,0.8731613415869742,1.3314962216694388,27.0680015891962,9,5.361632837275043,16.15115292867023,4.908296484063878,ECMWF/ERA5_LAND/DAILY_AGGR,2005-03-31,2005-03-01,2005,"{""type"":""Point"",""coordinates"":[-3.7833,40.75]}"
000000000000000001b5,478,3,40.75,-3.7833,15.69619050280835,2.138858153006736,3.7635450403464086,66.30460274320882,10,5.829213735108758,12.380112965901674,3.4097179352305873,ECMWF/ERA5_LAND/DAILY_AGGR,2006-03-31,2006-03-01,2006,"{""type"":""Point"",""coordinates"":[-3.7833,40.75]}"
000000000000000001d9,515,3,48.1333,10.8833,11.015521065417033,1.6228736504887038,2.2033793575386267,50.309083165149815,15,3.1557293020269137,16.295881907145144,3.9191199439398354,ECMWF/ERA5_LAND/DAILY_AGGR,2018-03-31,2018-03-01,2018,"{""type"":""Point"",""coordinates"":[10.8833,48.1333]}"
00000000000000000209,578,3,47.9919,17.3367,5.988854169800106,1.0682683328759879,1.6757119431696497,33.116318319155624,10,6.608900837231726,9.782047907511412,2.1824642904571454,ECMWF/ERA5_LAND/DAILY_AGGR,2016-03-31,2016-03-01,2016,"{""type"":""Point"",""coordinates"":[17.3367,47.99190000000001]}"
0000000000000000020a,579,3,47.9919,17.3367,12.541217431817131,1.1107600025519972,2.6364595108904303,34.43356007911191,6,8.793976658646802,7.7942110697428575,2.3723966022627145,ECMWF/ERA5_LAND/DAILY_AGGR,2017-03-31,2017-03-01,2017,"{""type"":""Point"",""coordinates"":[17.3367,47.99190000000001]}"
0000000000000000020b,580,3,47.9919,17.3367,12.359800811282184,1.658181711596216,2.605256189505344,51.4036330594827,11,3.5066328848562085,19.542464574178098,4.66857701905149,ECMWF/ERA5_LAND/DAILY_AGGR,2018-03-31,2018-03-01,2018,"{""type"":""Point"",""coordinates"":[17.3367,47.99190000000001]}"
00000000000000000235,626,3,52.63,-0.27,9.174749255066672,1.8294693350180484,2.2485728950854713,56.7135493855595,16,8.062681534469789,10.691013971964537,2.5983514575137727,ECMWF/ERA5_LAND/DAILY_AGGR,1991-03-31,1991-03-01,1991,"{""type"":""Point"",""coordinates"":[-0.27,52.63]}"
00000000000000000236,627,3,52.63,-0.27,10.222489814907476,2.3523852162771304,2.5234449407794846,72.92394170459104,16,7.375793075561548,7.426891326904297,1.7120512636536473,ECMWF/ERA5_LAND/DAILY_AGGR,1992-03-31,1992-03-01,1992,"{""type"":""Point"",""coordinates"":[-0.27,52.63]}"
00000000000000000249,646,3,48.1333,10.8833,11.015521065417033,1.6228736504887038,2.2033793575386267,50.309083165149815,15,3.1557293020269137,16.295881907145144,3.9191199439398354,ECMWF/ERA5_LAND/DAILY_AGGR,2018-03-31,2018-03-01,2018,"{""type"":""Point"",""coordinates"":[10.8833,48.1333]}"
0000000000000000024b,648,3,37.1833,-80.5667,23.09333682057968,3.234625872289438,5.129737731835842,100.27340204097257,13,6.27299369073686,22.319857279459654,6.044151890818,ECMWF/ERA5_LAND/DAILY_AGGR,2017-03-31,2017-03-01,2017,"{""type"":""Point"",""coordinates"":[-80.5667,37.1833]}"
00000000000000000002,6,4,49.15,14.72,13.426798582031552,1.8653726589233106,3.119548391507358,55.96117976769932,11,8.861875131395156,10.978501001993834,2.9818496384623945,ECMWF/ERA5_LAND/DAILY_AGGR,2004-04-30,2004-04-01,2004,"{""type"":""Point"",""coordinates"":[14.72,49.150000000000006]}"
00000000000000000006,10,4,37.65,-84.12,12.439975142473969,1.7556762459062014,2.7528751277978953,52.67028737718604,15,12.788363308376757,19.6979764302572,5.745482259981053,ECMWF/ERA5_LAND/DAILY_AGGR,1992-04-30,1992-04-01,1992,"{""type"":""Point"",""coordinates"":[-84.12,37.65]}"
0000000000000000000a,14,4,16.8,41.88,,,,,,,,,ECMWF/ERA5_LAND/DAILY_AGGR,2011-04-30,2011-04-01,2011,"{""type"":""Point"",""coordinates"":[41.879999999999995,16.8]}"
0000000000000000000e,19,4,60.38,10.52,26.60902304349122,4.638572511972328,5.560614779505367,139.15717535916983,19,0.8105067147149214,8.793929417928041,2.6241131635631527,ECMWF/ERA5_LAND/DAILY_AGGR,1998-04-30,1998-04-01,1998,"{""type"":""Point"",""coordinates"":[10.52,60.379999999999995]}"
00000000000000000017,28,4,41.35,-0.18,18.38633716096183,1.8315644632578436,4.1597355837203285,54.946933897735306,7,13.465512953864224,10.488955815633119,2.5739208818039496,ECMWF/ERA5_LAND/DAILY_AGGR,1993-04-30,1993-04-01,1993,"{""type"":""Point"",""coordinates"":[-0.18000000000000002,41.349999999999994]}"
00000000000000000022,39,4,52.03,5.85,16.00425447992393,2.462894944711754,3.7058660537491748,73.88684834135262,13,11.749973932902043,9.701541264851869,2.4617443969046375,ECMWF/ERA5_LAND/DAILY_AGGR,2014-04-30,2014-04-01,2014,"{""type"":""Point"",""coordinates"":[5.85,52.03]}"
0000000000000000002a,47,4,48.92,17.08,9.911152720349037,1.1620467912704175,2.079379796764588,34.86140373811253,7,10.129835743374315,11.067337671915652,2.712875780808778,ECMWF/ERA5_LAND/DAILY_AGGR,2004-04-30,2004-04-01,2004,"{""type"":""Point"",""coordinates"":[17.080000000000002,48.92]}"
0000000000000000002c,49,4,44.75,-63.68,21.67523205270072,3.5321063284564267,5.412632018220095,105.9631898536928,15,5.406470765007884,9.359820048014342,2.5565586345469455,ECMWF/ERA5_LAND/DAILY_AGGR,2000-04-30,2000-04-01,2000,"{""type"":""Point"",""coordinates"":[-63.67999999999999,44.75]}"
0000000000000000002f,52,4,52.33,11.0,7.7308356761882635,0.9744069547256373,1.8930030055996303,29.23220864176912,5,10.701941447787837,15.734257380167662,5.14762253935984,ECMWF/ERA5_LAND/DAILY_AGGR,1993-04-30,1993-04-01,1993,"{""type"":""Point"",""coordinates"":[10.999999999999998,52.33]}"
00000000000000000030,53,4,59.83,17.63,11.746600270271301,1.6986602535583966,2.675386061652977,50.959807606751895,11,3.435297075907414,9.938069025675475,2.963605130830271,ECMWF/ERA5_LAND/DAILY_AGGR,1988-04-30,1988-04-01,1988,"{""type"":""Point"",""coordinates"":[17.63,59.82999999999999]}"
00000000000000000031,54,4,53.13,6.58,6.00134492020743,1.4620038860414297,1.8273882324650068,43.86011658124289,11,7.87729746500654,11.304348627726256,2.971202264728963,ECMWF/ERA5_LAND/DAILY_AGGR,2008-04-30,2008-04-01,2008,"{""type"":""Point"",""coordinates"":[6.58,53.13]}"
00000000000000000032,55,4,39.55,-4.33,12.229595040082586,2.844050136397769,3.493636351841247,85.32150409193306,16,9.233036740620955,8.171014785766602,1.7793266552896523,ECMWF/ERA5_LAND/DAILY_AGGR,2012-04-30,2012-04-01,2012,"{""type"":""Point"",""coordinates"":[-4.33,39.55]}"
00000000000000000033,56,4,59.83,17.67,5.224752426045143,1.1697992462926503,1.7259494460387954,35.09397738877951,9,3.8240646574232526,16.428853352864564,4.493608540501786,ECMWF/ERA5_LAND/DAILY_AGGR,1998-04-30,1998-04-01,1998,"{""type"":""Point"",""coordinates"":[17.67,59.82999999999999]}"
00000000000000000034,57,4,52.37,11.02,7.862219214434418,0.9857417713404241,1.9224704988426478,29.572253140212723,5,10.667921808030892,15.856653213500977,5.137891223126476,ECMWF/ERA5_LAND/DAILY_AGGR,1993-04-30,1993-04-01,1993,"{""type"":""Point"",""coordinates"":[11.019999999999998,52.37]}"
00000000000000000035,58,4,55.67,12.57,,,,,,,,,ECMWF/ERA5_LAND/DAILY_AGGR,1998-04-30,1998-04-01,1998,"{""type"":""Point"",""coordinates"":[12.569999999999997,55.67]}"
00000000000000000036,59,4,52.15,10.32,15.068956392326527,3.394762156309028,3.7903013659680553,101.84286468927084,18,9.291946601867696,9.381807327270508,2.593887993919727,ECMWF/ERA5_LAND/DAILY_AGGR,1998-04-30,1998-04-01,1998,"{""type"":""Point"",""coordinates"":[10.320000000000004,52.15]}"
00000000000000000037,60,4,28.42,16.38,4.15995717048645,0.14415041653007185,0.7457992367645421,4.324512495902155,1,20.727434857686383,10.855908075968443,2.7399632323597034,ECMWF/ERA5_LAND/DAILY_AGGR,2009-04-30,2009-04-01,2009,"{""type"":""Point"",""coordinates"":[16.38,28.419999999999998]}"
00000000000000000039,62,4,41.38,2.15,,,,,,,,,ECMWF/ERA5_LAND/DAILY_AGGR,1995-04-30,1995-04-01,1995,"{""type"":""Point"",""coordinates"":[2.15,41.379999999999995]}"
0000000000000000003b,64,4,46.33,7.67,24.61776435370666,3.7817975890189834,5.6892593161897524,113.4539276705695,14,-1.7092647340562395,10.123187383015932,2.7358587345518024,ECMWF/ERA5_LAND/DAILY_AGGR,2004-04-30,2004-04-01,2004,"{""type"":""Point"",""coordinates"":[7.670000000000002,46.330000000000005]}"
0000000000000000003d,66,4,44.57,-76.32,34.62918400759918,4.381662972005884,8.292395004904364,131.44988916017653,12,6.713731087578691,9.464101791381836,2.4653495445021263,ECMWF/ERA5_LAND/DAILY_AGGR,2005-04-30,2005-04-01,2005,"{""type"":""Point"",""coordinates"":[-76.32,44.57]}"
00000000000000000063,104,4,54.75,-3.02,16.982132784960413,4.157051422100603,4.357442983709493,124.7115426630181,22,5.718262248569086,9.841033299763978,2.6448815451057985,ECMWF/ERA5_LAND/DAILY_AGGR,1998-04-30,1998-04-01,1998,"{""type"":""Point"",""coordinates"":[-3.02,54.75000000000001]}"
00000000000000000064,105,4,54.75,-3.02,15.568721294300758,3.277500729133346,3.952152290841498,98.32502187400038,19,7.471891318427214,10.462615331013978,3.0493116091830927,ECMWF/ERA5_LAND/DAILY_AGGR,1999-04-30,1999-04-01,1999,"{""type"":""Point"",""coordinates"":[-3.02,54.75000000000001]}"
00000000000000000065,106,4,51.17,-4.63,,,,,,,,,ECMWF/ERA5_LAND/DAILY_AGGR,1997-04-30,1997-04-01,1997,"{""type"":""Point"",""coordinates"":[-4.63,51.17]}"
00000000000000000066,107,4,51.17,-4.63,,,,,,,,,ECMWF/ERA5_LAND/DAILY_AGGR,1998-04-30,1998-04-01,1998,"{""type"":""Point"",""coordinates"":[-4.63,51.17]}"
00000000000000000067,108,4,51.17,-4.63,,,,,,,,,ECMWF/ERA5_LAND/DAILY_AGGR,1999-04-30,1999-04-01,1999,"{""type"":""Point"",""coordinates"":[-4.63,51.17]}"
00000000000000000068,109,4,51.17,-4.63,,,,,,,,,ECMWF/ERA5_LAND/DAILY_AGGR,2000-04-30,2000-04-01,2000,"{""type"":""Point"",""coordinates"":[-4.63,51.17]}"
0000000000000000007c,129,4,56.5,10.83,15.854800336001063,2.9651164789014453,3.952277511563653,88.95349436704336,18,6.442456584506584,10.99185625712073,2.4570760412432144,ECMWF/ERA5_LAND/DAILY_AGGR,1998-04-30,1998-04-01,1998,"{""type"":""Point"",""coordinates"":[10.83,56.5]}"
0000000000000000007d,130,4,56.5,10.83,11.558926105294631,1.459802449116765,2.6107705614886543,43.79407347350295,10,7.408243857489712,7.055287043253543,1.797372241034585,ECMWF/ERA5_LAND/DAILY_AGGR,1999-04-30,1999-04-01,1999,"{""type"":""Point"",""coordinates"":[10.83,56.5]}"
000000000000000000ac,177,4,62.98,22.83,12.844398617744446,1.5382711328609133,2.8929198515760084,46.1481339858274,8,4.863020176357716,16.184462229410826,4.723327588647612,ECMWF/ERA5_LAND/DAILY_AGGR,1990-04-30,1990-04-01,1990,"{""type"":""Point"",""coordinates"":[22.83,62.980000000000004]}"
000000000000000000ad,178,4,62.98,22.83,4.658913612331617,0.7741538575733861,1.180294712406829,23.22461572720158,9,3.9289784749349206,11.103238423665346,3.3310891007951504,ECMWF/ERA5_LAND/DAILY_AGGR,1991-04-30,1991-04-01,1991,"{""type"":""Point"",""coordinates"":[22.83,62.980000000000004]}"
000000000000000000ae,179,4,62.98,22.83,5.278795957565308,1.363158053376523,1.5522778164751272,40.89474160129569,13,0.13282131618925633,13.850461959838867,3.0267370174110395,ECMWF/ERA5_LAND/DAILY_AGGR,1992-04-30,1992-04-01,1992,"{""type"":""Point"",""coordinates"":[22.83,62.980000000000004]}"
000000000000000000af,180,4,50.1,20.4,10.100437451569633,2.166283287615419,3.0048523694091545,64.98849862846257,13,7.260141097174772,21.19245656331384,5.080266534350834,ECMWF/ERA5_LAND/DAILY_AGGR,2003-04-30,2003-04-01,2003,"{""type"":""Point"",""coordinates"":[20.4,50.1]}"
000000000000000000b0,181,4,50.1,20.4,11.566513776774201,1.5873040767064122,2.611940254308948,47.61912230119236,11,8.856617969936819,10.288252512613894,2.5647492157360903,ECMWF/ERA5_LAND/DAILY_AGGR,2004-04-30,2004-04-01,2004,"{""type"":""Point"",""coordinates"":[20.4,50.1]}"
000000000000000000b1,182,4,50.1,20.4,7.632642984390259,1.3930682015743656,1.9571722152110234,41.79204604723097,11,9.06781637403702,11.703145345052121,3.0261379248580633,ECMWF/ERA5_LAND/DAILY_AGGR,2005-04-30,2005-04-01,2005,"{""type"":""Point"",""coordinates"":[20.4,50.1]}"
000000000000000000b2,183,4,50.1,20.4,8.745490404692191,2.069527404002258,2.476917765508229,62.085822120067746,17,9.412003707885766,12.173373540242494,3.4151386309743503,ECMWF/ERA5_LAND/DAILY_AGGR,2006-04-30,2006-04-01,2006,"{""type"":""Point"",""coordinates"":[20.4,50.1]}"
000000000000000000b3,184,4,52.45,7.25,10.832437872881684,2.6095456451972865,2.7131875862181762,78.2863693559186,19,11.021247545878117,14.092750549316406,4.4820872569625285,ECMWF/ERA5_LAND/DAILY_AGGR,1993-04-30,1993-04-01,1993,"{""type"":""Point"",""coordinates"":[7.250000000000001,52.45]}"
000000000000000000b4,185,4,52.45,7.25,11.87797249514233,1.7371596416441075,2.6290737020766866,52.11478924932322,13,8.85366853078209,12.990341186523438,3.055472830183058,ECMWF/ERA5_LAND/DAILY_AGGR,1995-04-30,1995-04-01,1995,"{""type"":""Point"",""coordinates"":[7.250000000000001,52.45]}"
000000000000000000b5,186,4,52.45,7.25,2.959832549095154,0.3631054184419706,0.666857642072846,10.893162553259117,4,8.743372323777967,19.075511932373047,4.914056367705531,ECMWF/ERA5_LAND/DAILY_AGGR,1996-04-30,1996-04-01,1996,"{""type"":""Point"",""coordinates"":[7.250000000000001,52.45]}"
000000000000000000b6,187,4,41.07,-3.45,14.81132805330887,1.9879891149527633,3.0766107808109378,59.6396734485829,12,7.146429655287024,17.18922742207843,4.0206453006594876,ECMWF/ERA5_LAND/DAILY_AGGR,2005-04-30,2005-04-01,2005,"{""type"":""Point"",""coordinates"":[-3.45,41.07]}"
000000000000000000b7,188,4,41.07,-3.45,15.276539325668637,2.624916033438751,4.210797059505262,78.74748100316253,11,8.196902253892711,7.477988560994447,2.0113947238297283,ECMWF/ERA5_LAND/DAILY_AGGR,2006-04-30,2006-04-01,2006,"{""type"":""Point"",""coordinates"":[-3.45,41.07]}"
000000000000000000bc,193,4,37.22,-80.42,16.755405068295204,2.8511847659716003,4.089898408328488,85.535542979148,11,10.84363765716555,18.916501363118527,4.529618755382265,ECMWF/ERA5_LAND/DAILY_AGGR,2009-04-30,2009-04-01,2009,"{""type"":""Point"",""coordinates"":[-80.42,37.22]}"
000000000000000000bd,194,4,37.22,-80.42,9.620734083910065,1.1952475321891143,2.4018540299708646,35.85742596567343,6,12.984339523315453,12.316137313842773,3.4521623918512296,ECMWF/ERA5_LAND/DAILY_AGGR,2010-04-30,2010-04-01,2010,"{""type"":""Point"",""coordinates"":[-80.42,37.22]}"
000000000000000000be,195,4,37.12,138.02,,,,,,,,,ECMWF/ERA5_LAND/DAILY_AGGR,2005-04-30,2005-04-01,2005,"{""type"":""Point"",""coordinates"":[138.02,37.11999999999999]}"
000000000000000000bf,196,4,37.12,138.02,,,,,,,,,ECMWF/ERA5_LAND/DAILY_AGGR,2006-04-30,2006-04-01,2006,"{""type"":""Point"",""coordinates"":[138.02,37.11999999999999]}"
000000000000000000c0,197,4,35.22,139.88,46.31967732581188,3.627042468877543,8.750854942955254,108.81127406632629,14,12.819748391045486,9.367324829101562,2.323035999023085,ECMWF/ERA5_LAND/DAILY_AGGR,2006-04-30,2006-04-01,2006,"{""type"":""Point"",""coordinates"":[139.88,35.22]}"
000000000000000000c1,198,4,35.22,139.88,27.843783553148427,3.8876787616473507,6.6376039682258,116.63036284942052,17,13.122003322177486,11.105656941731752,2.8586718858305002,ECMWF/ERA5_LAND/DAILY_AGGR,2007-04-30,2007-04-01,2007,"{""type"":""Point"",""coordinates"":[139.88,35.22]}"
000000000000000000e8,237,4,49.5,8.17,16.03252589702464,2.7807343674030705,4.028752617361956,83.42203102209211,13,10.535676617092578,12.593998591105162,2.666705628769734,ECMWF/ERA5_LAND/DAILY_AGGR,2005-04-30,2005-04-01,2005,"{""type"":""Point"",""coordinates"":[8.170000000000002,49.50000000000001]}"
000000000000000000e9,238,4,49.5,8.17,7.814131435907257,1.697978870562622,1.8956332520287205,50.93936611687866,15,9.400746112399652,10.595917383829715,2.913523363604607,ECMWF/ERA5_LAND/DAILY_AGGR,2006-04-30,2006-04-01,2006,"{""type"":""Point"",""coordinates"":[8.170000000000002,49.50000000000001]}"
000000000000000000ea,239,4,37.53,127.03,35.24323105801841,2.2137888940500026,6.649797464473484,66.41366682150007,6,11.388842307196747,14.250485102335631,3.2562835125507985,ECMWF/ERA5_LAND/DAILY_AGGR,2005-04-30,2005-04-01,2005,"{""type"":""Point"",""coordinates"":[127.03000000000002,37.53]}"
000000000000000000eb,240,4,37.53,127.03,33.57012327086295,3.5220374628821105,6.9118474851566525,105.66112388646332,12,9.759727774726041,8.959233601888002,2.2927752217079673,ECMWF/ERA5_LAND/DAILY_AGGR,2006-04-30,2006-04-01,2006,"{""type"":""Point"",""coordinates"":[127.03000000000002,37.53]}"
000000000000000000ec,241,4,52.45,7.25,10.954933344635265,1.5379584316897639,2.4766787677869018,46.13875295069292,10,9.927057245042612,14.869665781656863,4.010036428686292,ECMWF/ERA5_LAND/DAILY_AGGR,2000-04-30,2000-04-01,2000,"{""type"":""Point"",""coordinates"":[7.250000000000001,52.45]}"
000000000000000000ed,242,4,52.45,7.25,9.96096730222007,3.0918466428730085,2.5251240038201797,92.75539928619025,21,7.566777420043972,13.120844523111998,3.1580315170355293,ECMWF/ERA5_LAND/DAILY_AGGR,2001-04-30,2001-04-01,2001,"{""type"":""Point"",""coordinates"":[7.250000000000001,52.45]}"
000000000000000000ee,243,4,52.45,7.25,9.20659005635116,1.9704020800253612,3.0286607515682458,59.112062400760834,10,8.733943282233366,9.280099868774414,2.415882822617446,ECMWF/ERA5_LAND/DAILY_AGGR,2002-04-30,2002-04-01,2002,"{""type"":""Point"",""coordinates"":[7.250000000000001,52.45]}"
000000000000000000f1,246,4,43.66,3.67,34.452974796295166,4.054260401376908,7.785191775183556,121.62781204130724,12,11.368300734625949,5.345357259114564,1.4259468254944072,ECMWF/ERA5_LAND/DAILY_AGGR,2000-04-30,2000-04-01,2000,"{""type"":""Point"",""coordinates"":[3.67,43.660000000000004]}"
000000000000000000f2,247,4,43.66,3.67,34.763145446675026,2.001976209860364,6.305648674447805,60.05928629581092,8,11.311729134453687,8.013179779052734,1.8704243819573647,ECMWF/ERA5_LAND/DAILY_AGGR,2001-04-30,2001-04-01,2001,"{""type"":""Point"",""coordinates"":[3.67,43.660000000000004]}"
000000000000000000f7,252,4,58.87,9.6,,,,,,,,,ECMWF/ERA5_LAND/DAILY_AGGR,1992-04-30,1992-04-01,1992,"{""type"":""Point"",""coordinates"":[9.6,58.870000000000005]}"
000000000000000000f8,253,4,58.87,9.6,,,,,,,,,ECMWF/ERA5_LAND/DAILY_AGGR,1993-04-30,1993-04-01,1993,"{""type"":""Point"",""coordinates"":[9.6,58.870000000000005]}"
000000000000000000f9,254,4,58.87,9.6,,,,,,,,,ECMWF/ERA5_LAND/DAILY_AGGR,1994-04-30,1994-04-01,1994,"{""type"":""Point"",""coordinates"":[9.6,58.870000000000005]}"
000000000000000000fa,257,4,58.87,9.6,,,,,,,,,ECMWF/ERA5_LAND/DAILY_AGGR,1992-04-30,1992-04-01,1992,"{""type"":""Point"",""coordinates"":[9.6,58.870000000000005]}"
000000000000000000fb,258,4,58.87,9.6,,,,,,,,,ECMWF/ERA5_LAND/DAILY_AGGR,1993-04-30,1993-04-01,1993,"{""type"":""Point"",""coordinates"":[9.6,58.870000000000005]}"
000000000000000000fc,259,4,58.87,9.6,,,,,,,,,ECMWF/ERA5_LAND/DAILY_AGGR,1994-04-30,1994-04-01,1994,"{""type"":""Point"",""coordinates"":[9.6,58.870000000000005]}"
000000000000000000fd,260,4,58.87,9.6,,,,,,,,,ECMWF/ERA5_LAND/DAILY_AGGR,1995-04-30,1995-04-01,1995,"{""type"":""Point"",""coordinates"":[9.6,58.870000000000005]}"
00000000000000000105,268,4,47.33,-2.87,,,,,,,,,ECMWF/ERA5_LAND/DAILY_AGGR,2009-04-30,2009-04-01,2009,"{""type"":""Point"",""coordinates"":[-2.8700000000000006,47.33]}"
00000000000000000106,269,4,47.33,-2.87,,,,,,,,,ECMWF/ERA5_LAND/DAILY_AGGR,2010-04-30,2010-04-01,2010,"{""type"":""Point"",""coordinates"":[-2.8700000000000006,47.33]}"
00000000000000000107,270,4,47.33,-2.87,,,,,,,,,ECMWF/ERA5_LAND/DAILY_AGGR,2011-04-30,2011-04-01,2011,"{""type"":""Point"",""coordinates"":[-2.8700000000000006,47.33]}"
00000000000000000108,271,4,51.0,-4.0,12.126073241233826,1.2647069017695856,2.5996612968447845,37.94120705308757,8,8.585008049011256,7.580617904663086,1.7318101530772627,ECMWF/ERA5_LAND/DAILY_AGGR,1995-04-30,1995-04-01,1995,"{""type"":""Point"",""coordinates"":[-4.0,50.99999999999999]}"
00000000000000000109,272,4,51.0,-4.0,13.82489204399917,2.147862694818059,3.215395162168654,64.43588084454177,12,8.118469980027962,7.571733474731445,1.9591560986594119,ECMWF/ERA5_LAND/DAILY_AGGR,1996-04-30,1996-04-01,1996,"{""type"":""Point"",""coordinates"":[-4.0,50.99999999999999]}"
00000000000000000117,286,4,10.67,-85.5,0.3485945127863488,0.07406689545123395,0.08488818977825668,2.2220068635370183,0,27.68863078223337,1.2113018035888672,0.3193654220352166,ECMWF/ERA5_LAND/DAILY_AGGR,2002-04-30,2002-04-01,2002,"{""type"":""Point"",""coordinates"":[-85.5,10.67]}"
00000000000000000118,287,4,10.67,-85.5,8.485615253448486,1.0497656047451898,1.8434447556082334,31.492968142355693,9,28.121523475646992,3.6777483622232694,0.8064795556311675,ECMWF/ERA5_LAND/DAILY_AGGR,2003-04-30,2003-04-01,2003,"{""type"":""Point"",""coordinates"":[-85.5,10.67]}"
00000000000000000119,288,4,10.67,-85.5,2.438831329243385,0.359726549342317,0.5694264966856192,10.791796480269511,4,28.088239606221546,3.3135509490966797,0.9325066740770366,ECMWF/ERA5_LAND/DAILY_AGGR,2004-04-30,2004-04-01,2004,"{""type"":""Point"",""coordinates"":[-85.5,10.67]}"
0000000000000000011a,289,4,10.67,-85.5,5.044671893017494,0.5265780957864526,1.1793242492334888,15.797342873593578,3,28.972872797648133,2.927339553833008,0.812298345748653,ECMWF/ERA5_LAND/DAILY_AGGR,2005-04-30,2005-04-01,2005,"{""type"":""Point"",""coordinates"":[-85.5,10.67]}"
0000000000000000011d,292,4,34.77,-98.48,55.362743139198756,3.883028327760485,11.598034396132995,116.49084983281455,11,16.366468471950984,13.04084587097168,4.064786802073709,ECMWF/ERA5_LAND/DAILY_AGGR,2008-04-30,2008-04-01,2008,"{""type"":""Point"",""coordinates"":[-98.48,34.77]}"
0000000000000000011e,293,4,34.77,-98.48,38.91099448810564,3.6920344436932595,8.36095034476038,110.76103331079779,9,16.48860836029055,18.447731653849303,4.5458351019337115,ECMWF/ERA5_LAND/DAILY_AGGR,2009-04-30,2009-04-01,2009,"{""type"":""Point"",""coordinates"":[-98.48,34.77]}"
0000000000000000011f,294,4,34.77,-98.48,26.168498396771156,2.6145399225356414,6.07011954894212,78.43619767606924,9,17.593467670016842,13.019317626953125,3.685619548428155,ECMWF/ERA5_LAND/DAILY_AGGR,2010-04-30,2010-04-01,2010,"{""type"":""Point"",""coordinates"":[-98.48,34.77]}"
00000000000000000120,295,4,34.77,-98.48,23.737648129458222,1.2642406141979496,4.428168439724415,37.92721842593849,4,19.86868794759117,14.112998326619447,4.0818894751085,ECMWF/ERA5_LAND/DAILY_AGGR,2011-04-30,2011-04-01,2011,"{""type"":""Point"",""coordinates"":[-98.48,34.77]}"
0000000000000000016b,370,4,36.71,-112.22,4.122084976984297,0.4004466425821344,0.825565352110107,12.013399277464032,3,7.1922027587890875,13.99264907836914,3.4803191577869774,ECMWF/ERA5_LAND/DAILY_AGGR,1991-04-30,1991-04-01,1991,"{""type"":""Point"",""coordinates"":[-112.22,36.71]}"
0000000000000000016c,371,4,36.71,-112.22,4.936641454605706,0.3907502454700544,0.9064071138440373,11.72250736410163,3,11.387430148654536,15.45962905883789,3.775693909464076,ECMWF/ERA5_LAND/DAILY_AGGR,1992-04-30,1992-04-01,1992,"{""type"":""Point"",""coordinates"":[-112.22,36.71]}"
0000000000000000016d,372,4,36.71,-112.22,4.20565307139853,0.29049879022444713,0.7913283650770725,8.714963706733414,2,8.908828926086445,12.471593221028684,3.7330455030319114,ECMWF/ERA5_LAND/DAILY_AGGR,1993-04-30,1993-04-01,1993,"{""type"":""Point"",""coordinates"":[-112.22,36.71]}"
00000000000000000182,406,4,-1.38,-89.62,,,,,,,,,ECMWF/ERA5_LAND/DAILY_AGGR,1996-04-30,1996-04-01,1996,"{""type"":""Point"",""coordinates"":[-89.62,-1.38]}"
00000000000000000189,413,4,56.92,18.12,11.546999216079712,1.53496024630293,2.66595722970708,46.0488073890879,9,4.310420057508704,4.94407844543457,1.3813068817806053,ECMWF/ERA5_LAND/DAILY_AGGR,1992-04-30,1992-04-01,1992,"{""type"":""Point"",""coordinates"":[18.12,56.919999999999995]}"
0000000000000000018a,414,4,56.92,18.12,6.2971442937396205,0.6770016323328557,1.4908513599698616,20.310048969985672,4,4.933744833204501,9.812413533528627,2.6169054752271648,ECMWF/ERA5_LAND/DAILY_AGGR,1993-04-30,1993-04-01,1993,"{""type"":""Point"",""coordinates"":[18.12,56.919999999999995]}"
0000000000000000018b,418,4,78.22,15.63,10.921752452759392,1.0383986039654995,2.0159750806551275,31.151958118964984,8,-13.610880491468622,15.25674311319986,4.261094609845801,ECMWF/ERA5_LAND/DAILY_AGGR,1999-04-30,1999-04-01,1999,"{""type"":""Point"",""coordinates"":[15.63,78.22]}"
0000000000000000018c,419,4,78.22,15.63,4.820480942726135,0.7086313252139339,1.2509087214159165,21.258939756418016,5,-15.66316356658933,16.759565353393583,3.337738970365015,ECMWF/ERA5_LAND/DAILY_AGGR,2000-04-30,2000-04-01,2000,"{""type"":""Point"",""coordinates"":[15.63,78.22]}"
0000000000000000018d,420,4,78.22,15.63,11.483486546069344,0.9602658331208621,2.078523485321151,28.807974993625862,7,-14.557829242282416,21.143421173095703,6.549735279879931,ECMWF/ERA5_LAND/DAILY_AGGR,2001-04-30,2001-04-01,2001,"{""type"":""Point"",""coordinates"":[15.63,78.22]}"
0000000000000000018e,421,4,78.22,15.63,8.674907684223854,2.1556657336216034,2.108930856961962,64.6699720086481,19,-9.010910775926353,15.7991943359375,4.757412212058943,ECMWF/ERA5_LAND/DAILY_AGGR,2002-04-30,2002-04-01,2002,"{""type"":""Point"",""coordinates"":[15.63,78.22]}"
0000000000000000018f,422,4,78.22,15.63,7.722291458605923,1.6577230473467115,2.0595673888103225,49.73169142040135,13,-12.039959271748844,23.619724273681612,6.732401908567703,ECMWF/ERA5_LAND/DAILY_AGGR,2003-04-30,2003-04-01,2003,"{""type"":""Point"",""coordinates"":[15.63,78.22]}"
000000000000000001a4,448,4,53.52,8.08,11.341249942745435,2.3405345880683845,3.111460605247205,70.21603764205153,16,9.035804621378597,9.111384709676145,2.500741275395013,ECMWF/ERA5_LAND/DAILY_AGGR,1999-04-30,1999-04-01,1999,"{""type"":""Point"",""coordinates"":[8.08,53.52]}"
000000000000000001a6,450,4,40.5,-4.0,7.6100409029891125,1.1971080125950568,2.119817859397409,35.91324037785171,8,12.032049624125186,8.734834035237668,2.2171805755689076,ECMWF/ERA5_LAND/DAILY_AGGR,1996-04-30,1996-04-01,1996,"{""type"":""Point"",""coordinates"":[-4.000000000000001,40.50000000000001]}"
000000000000000001a7,451,4,40.5,-4.0,18.292164802517163,1.7220242809867632,4.3982493073372035,51.6607284296029,5,14.711298582288977,7.3296724955241075,2.0447050453441102,ECMWF/ERA5_LAND/DAILY_AGGR,1997-04-30,1997-04-01,1997,"{""type"":""Point"",""coordinates"":[-4.000000000000001,40.50000000000001]}"
000000000000000001aa,460,4,44.57,-76.32,22.475662827389442,5.139648573676799,6.360702166228466,154.18945721030397,14,5.247685262892008,13.984220504760742,3.723206526244945,ECMWF/ERA5_LAND/DAILY_AGGR,1993-04-30,1993-04-01,1993,"{""type"":""Point"",""coordinates"":[-76.32,44.57]}"
000000000000000001b6,479,4,34.74,-98.67,43.86529028408859,3.1882592035704724,9.766572992825445,95.64777610711417,8,16.241758728027367,13.148593266804994,4.145353152940481,ECMWF/ERA5_LAND/DAILY_AGGR,2008-04-30,2008-04-01,2008,"{""type"":""Point"",""coordinates"":[-98.67,34.74]}"
000000000000000001b7,480,4,34.74,-98.67,40.35339708934771,3.6317542796104143,8.426652615018137,108.95262838831243,9,16.262094688415555,18.791318893432617,4.581432417052677,ECMWF/ERA5_LAND/DAILY_AGGR,2009-04-30,2009-04-01,2009,"{""type"":""Point"",""coordinates"":[-98.67,34.74]}"
000000000000000001b8,481,4,34.74,-98.67,20.926091074841224,2.4454807850323355,5.253453683675065,73.36442355097006,9,17.246326828002953,13.597560246785463,3.769252631620624,ECMWF/ERA5_LAND/DAILY_AGGR,2010-04-30,2010-04-01,2010,"{""type"":""Point"",""coordinates"":[-98.67,34.74]}"
000000000000000001b9,482,4,34.74,-98.67,19.54182386397818,1.1147144154929123,3.699986756651796,33.44143246478737,4,19.507180786132835,13.969118118286133,4.031783579234176,ECMWF/ERA5_LAND/DAILY_AGGR,2011-04-30,2011-04-01,2011,"{""type"":""Point"",""coordinates"":[-98.67,34.74]}"
000000000000000001ba,483,4,34.74,-98.67,51.00007479524038,5.26251033662805,11.66174603745237,157.87531009884148,11,18.86303891075984,11.923753102620424,3.2592354174621874,ECMWF/ERA5_LAND/DAILY_AGGR,2012-04-30,2012-04-01,2012,"{""type"":""Point"",""coordinates"":[-98.67,34.74]}"
000000000000000001bb,484,4,34.74,-98.67,53.018689654550144,2.9842105811791697,9.630221703231662,89.52631743537509,8,13.874133406745083,18.774384816487668,5.604150558727983,ECMWF/ERA5_LAND/DAILY_AGGR,2013-04-30,2013-04-01,2013,"{""type"":""Point"",""coordinates"":[-98.67,34.74]}"
000000000000000001bc,485,4,34.74,-98.67,14.800310134887695,1.5562352819882126,3.3812735363333304,46.68705845964638,8,17.175098715888154,17.929080327351926,4.842790321957071,ECMWF/ERA5_LAND/DAILY_AGGR,2014-04-30,2014-04-01,2014,"{""type"":""Point"",""coordinates"":[-98.67,34.74]}"
000000000000000001c0,489,4,34.75,-98.5833,40.920356470451225,3.7130515381464355,8.574008611197293,111.39154614439306,9,16.31443030039472,18.714821497599246,4.564698208629587,ECMWF/ERA5_LAND/DAILY_AGGR,2009-04-30,2009-04-01,2009,"{""type"":""Point"",""coordinates"":[-98.5833,34.75]}"
000000000000000001c1,490,4,34.75,-98.5833,23.643198609249794,2.499849658469581,5.645126074564141,74.99548975408743,10,17.345862960815452,13.330958684285463,3.7267222234347885,ECMWF/ERA5_LAND/DAILY_AGGR,2010-04-30,2010-04-01,2010,"{""type"":""Point"",""coordinates"":[-98.5833,34.75]}"
000000000000000001c2,491,4,34.75,-98.5833,22.494041919703278,1.2135533209863307,4.20770953307919,36.40659962958992,4,19.629373168945342,14.075482050577818,4.058784187104813,ECMWF/ERA5_LAND/DAILY_AGGR,2011-04-30,2011-04-01,2011,"{""type"":""Point"",""coordinates"":[-98.5833,34.75]}"
000000000000000001c3,492,4,34.75,-98.5833,45.298532894605614,4.9454913608138655,10.528226080986673,148.36474082441597,11,18.954898177252904,11.69369125366211,3.2560577547592455,ECMWF/ERA5_LAND/DAILY_AGGR,2012-04-30,2012-04-01,2012,"{""type"":""Point"",""coordinates"":[-98.5833,34.75]}"
000000000000000001c4,493,4,34.75,-98.5833,55.3219025356384,3.162514895792512,10.117318995674063,94.87544687377536,8,13.90385345882842,18.74020512898761,5.584559630061902,ECMWF/ERA5_LAND/DAILY_AGGR,2013-04-30,2013-04-01,2013,"{""type"":""Point"",""coordinates"":[-98.5833,34.75]}"
000000000000000001c5,494,4,34.75,-98.5833,15.45897126197815,1.5430696093680751,3.3902825057461485,46.292088281042254,7,17.274369006686765,17.67452303568524,4.81231293927386,ECMWF/ERA5_LAND/DAILY_AGGR,2014-04-30,2014-04-01,2014,"{""type"":""Point"",""coordinates"":[-98.5833,34.75]}"
000000000000000001c6,495,4,40.9,-4.0167,21.14306688298484,2.6382682031350413,4.346829813450716,79.14804609405124,15,7.327255694071469,15.390576044718443,4.1513829193035345,ECMWF/ERA5_LAND/DAILY_AGGR,2013-04-30,2013-04-01,2013,"{""type"":""Point"",""coordinates"":[-4.0167,40.9]}"
000000000000000001c7,496,4,39.2311,-75.9819,41.57071411593094,3.728613622221033,8.618385360413196,111.858408666631,8,12.41348152160647,12.695500691731809,3.1127769289322718,ECMWF/ERA5_LAND/DAILY_AGGR,2005-04-30,2005-04-01,2005,"{""type"":""Point"",""coordinates"":[-75.9819,39.2311]}"
000000000000000001c8,497,4,39.2311,-75.9819,28.07044088837074,3.5640130405544332,7.3967243962256735,106.92039121663299,13,13.399370786878823,12.210084915161133,2.9562995229367317,ECMWF/ERA5_LAND/DAILY_AGGR,2006-04-30,2006-04-01,2006,"{""type"":""Point"",""coordinates"":[-75.9819,39.2311]}"
000000000000000001c9,498,4,39.2311,-75.9819,86.30852699269553,5.2487463547450375,15.990717265554432,157.46239064235112,9,10.432479667663596,17.460596720377623,4.912975598088824,ECMWF/ERA5_LAND/DAILY_AGGR,2007-04-30,2007-04-01,2007,"{""type"":""Point"",""coordinates"":[-75.9819,39.2311]}"
000000000000000001ca,499,4,39.2311,-75.9819,22.591150404025484,2.540313004789141,4.784964023371577,76.20939014367423,11,13.290532599555142,12.489444732666016,3.6012956709240553,ECMWF/ERA5_LAND/DAILY_AGGR,2008-04-30,2008-04-01,2008,"{""type"":""Point"",""coordinates"":[-75.9819,39.2311]}"
000000000000000001cb,500,4,39.2311,-75.9819,19.272774457874675,3.9031675065327676,6.176508897449067,117.09502519598303,12,12.34505909813777,16.25713793436688,4.497991174960827,ECMWF/ERA5_LAND/DAILY_AGGR,2009-04-30,2009-04-01,2009,"{""type"":""Point"",""coordinates"":[-75.9819,39.2311]}"
000000000000000001cc,502,4,57.05,18.2833,4.666760563850403,0.2515957360236835,0.9275872131722153,7.547872080710505,2,6.33879553476972,8.580731074015262,2.0721437412054655,ECMWF/ERA5_LAND/DAILY_AGGR,2009-04-30,2009-04-01,2009,"{""type"":""Point"",""coordinates"":[18.2833,57.050000000000004]}"
000000000000000001cd,503,4,57.05,18.2833,6.887915730374061,1.020428599179013,1.7256280981316598,30.61285797537039,8,4.435337787204338,6.3131688435872775,1.5731766037203656,ECMWF/ERA5_LAND/DAILY_AGGR,2010-04-30,2010-04-01,2010,"{""type"":""Point"",""coordinates"":[18.2833,57.050000000000004]}"
000000000000000001ce,504,4,57.05,18.2833,10.325731191130672,0.8288793480617803,2.105438017136018,24.86638044185341,4,6.3246287027995,5.54608154296875,1.5381801683402656,ECMWF/ERA5_LAND/DAILY_AGGR,2011-04-30,2011-04-01,2011,"{""type"":""Point"",""coordinates"":[18.2833,57.050000000000004]}"
000000000000000001cf,505,4,57.05,18.2833,8.861348723826268,1.7078003358746467,2.391414746497421,51.2340100762394,12,4.990157508850122,8.176835378011049,2.4466219080984533,ECMWF/ERA5_LAND/DAILY_AGGR,2012-04-30,2012-04-01,2012,"{""type"":""Point"",""coordinates"":[18.2833,57.050000000000004]}"
000000000000000001d0,506,4,57.05,18.2833,11.267998814577851,0.9476187135733246,2.293620371129991,28.428561407199737,6,4.124667803446471,8.011407216389955,2.4398472699103904,ECMWF/ERA5_LAND/DAILY_AGGR,2013-04-30,2013-04-01,2013,"{""type"":""Point"",""coordinates"":[18.2833,57.050000000000004]}"
000000000000000001d1,507,4,57.05,18.2833,5.558526388028895,0.46375168200754047,1.1691704955578903,13.912550460226214,3,6.666523954603431,9.079968134562193,2.4427597872910884,ECMWF/ERA5_LAND/DAILY_AGGR,2014-04-30,2014-04-01,2014,"{""type"":""Point"",""coordinates"":[18.2833,57.050000000000004]}"
000000000000000001d2,508,4,57.05,18.2833,8.163168039686752,1.1983292517527389,1.9545082374601108,35.949877552582166,11,6.222055498758971,6.993003845214844,1.8435849131734143,ECMWF/ERA5_LAND/DAILY_AGGR,2015-04-30,2015-04-01,2015,"{""type"":""Point"",""coordinates"":[18.2833,57.050000000000004]}"
000000000000000001d3,509,4,57.05,18.2833,4.99633550651879,0.9949897168758307,1.3427264654623228,29.849691506274922,10,5.732823393079995,4.049199422200502,1.0649075531916017,ECMWF/ERA5_LAND/DAILY_AGGR,2016-04-30,2016-04-01,2016,"{""type"":""Point"",""coordinates"":[18.2833,57.050000000000004]}"
000000000000000001d4,510,4,56.35,84.9333,12.220844626426697,1.24400592568783,2.516974936470158,37.3201777706349,7,1.01935174730091,22.20378875732422,5.36090161754157,ECMWF/ERA5_LAND/DAILY_AGGR,2005-04-30,2005-04-01,2005,"{""type"":""Point"",""coordinates"":[84.9333,56.35]}"
000000000000000001d7,513,4,41.39,2.17,,,,,,,,,ECMWF/ERA5_LAND/DAILY_AGGR,2017-04-30,2017-04-01,2017,"{""type"":""Point"",""coordinates"":[2.1699999999999995,41.38999999999999]}"
000000000000000001d8,514,4,41.39,2.17,,,,,,,,,ECMWF/ERA5_LAND/DAILY_AGGR,2018-04-30,2018-04-01,2018,"{""type"":""Point"",""coordinates"":[2.1699999999999995,41.38999999999999]}"
000000000000000001da,516,4,44.6167,-63.5667,27.77036726473625,3.9446786834460568,7.1067153190896555,118.3403605033817,13,2.633127996656655,11.871785481770871,2.8649648761159274,ECMWF/ERA5_LAND/DAILY_AGGR,2007-04-30,2007-04-01,2007,"{""type"":""Point"",""coordinates"":[-63.5667,44.6167]}"
000000000000000001db,517,4,44.6167,-63.5667,12.840142846016533,2.5074504805976026,4.057808207310175,75.22351441792807,11,5.045304192437086,7.640843709309877,1.8340282777536585,ECMWF/ERA5_LAND/DAILY_AGGR,2008-04-30,2008-04-01,2008,"{""type"":""Point"",""coordinates"":[-63.5667,44.6167]}"
000000000000000001dc,518,4,44.6167,-63.5667,25.725290179252625,4.17408353137662,7.958127657929073,125.22250594129858,11,5.196846750047492,12.262428919474246,2.9853999234487114,ECMWF/ERA5_LAND/DAILY_AGGR,2009-04-30,2009-04-01,2009,"{""type"":""Point"",""coordinates"":[-63.5667,44.6167]}"
000000000000000001dd,519,4,44.6167,-63.5667,14.685824513435364,3.8291884180131555,4.138405123915051,114.87565254039467,17,5.088270738389777,12.328690846761049,2.972346039243664,ECMWF/ERA5_LAND/DAILY_AGGR,2011-04-30,2011-04-01,2011,"{""type"":""Point"",""coordinates"":[-63.5667,44.6167]}"
000000000000000001f6,555,4,40.0,-3.0,33.60965299754426,3.8337369202258977,6.855157256209888,115.01210760677694,15,10.465364625718875,6.733053207397461,1.806146113923336,ECMWF/ERA5_LAND/DAILY_AGGR,2016-04-30,2016-04-01,2016,"{""type"":""Point"",""coordinates"":[-3.0000000000000004,40.0]}"
000000000000000001f7,556,4,40.0,-3.0,11.348828673362732,0.7016311418022761,2.137373061607312,21.048934254068286,4,14.127167828877788,9.911154429117857,3.133463230326785,ECMWF/ERA5_LAND/DAILY_AGGR,2017-04-30,2017-04-01,2017,"{""type"":""Point"",""coordinates"":[-3.0000000000000004,40.0]}"
000000000000000001f8,557,4,40.0,-3.0,16.24924242491943,1.3769822535380172,3.293628003480297,41.309467606140515,7,12.842682668897858,8.700385411580385,1.8982582738319527,ECMWF/ERA5_LAND/DAILY_AGGR,2015-04-30,2015-04-01,2015,"{""type"":""Point"",""coordinates"":[-3.0000000000000004,40.0]}"
000000000000000001f9,558,4,40.0,-3.0,33.60965299754426,3.8337369202258977,6.855157256209888,115.01210760677694,15,10.465364625718875,6.733053207397461,1.806146113923336,ECMWF/ERA5_LAND/DAILY_AGGR,2016-04-30,2016-04-01,2016,"{""type"":""Point"",""coordinates"":[-3.0000000000000004,40.0]}"
000000000000000001fa,559,4,40.0,-3.0,11.348828673362732,0.7016311418022761,2.137373061607312,21.048934254068286,4,14.127167828877788,9.911154429117857,3.133463230326785,ECMWF/ERA5_LAND/DAILY_AGGR,2017-04-30,2017-04-01,2017,"{""type"":""Point"",""coordinates"":[-3.0000000000000004,40.0]}"
00000000000000000203,568,4,39.4,141.99,65.04033803929588,3.9792872750403774,12.737257160888719,119.37861825121132,5,7.639595243665933,11.02689043680823,2.5566027262246975,ECMWF/ERA5_LAND/DAILY_AGGR,2014-04-30,2014-04-01,2014,"{""type"":""Point"",""coordinates"":[141.99,39.4]}"
00000000000000000204,569,4,39.4,141.99,28.513804078102112,4.14282006198808,6.651397505339997,124.28460185964241,11,8.985136010911756,12.896983464558957,3.1502326935973097,ECMWF/ERA5_LAND/DAILY_AGGR,2015-04-30,2015-04-01,2015,"{""type"":""Point"",""coordinates"":[141.99,39.4]}"
00000000000000000205,570,4,39.4,141.99,49.09946086849004,5.149282459287126,10.653216153823102,154.4784737786138,13,9.05713166130916,7.584499359130859,2.068058289719682,ECMWF/ERA5_LAND/DAILY_AGGR,2016-04-30,2016-04-01,2016,"{""type"":""Point"",""coordinates"":[141.99,39.4]}"
0000000000000000020f,584,4,52.3833,-1.5667,8.59840214252472,0.8364579598712396,1.6629204795271455,25.09373879613719,9,8.615916252136255,9.42193857828778,2.3350876895337564,ECMWF/ERA5_LAND/DAILY_AGGR,1995-04-30,1995-04-01,1995,"{""type"":""Point"",""coordinates"":[-1.5667000000000002,52.3833]}"
00000000000000000210,585,4,52.3833,-1.5667,14.784705638817286,1.6952473741355334,3.005003131214598,50.857421224066,12,7.76824754079185,11.250932693481445,2.965246996680239,ECMWF/ERA5_LAND/DAILY_AGGR,1996-04-30,1996-04-01,1996,"{""type"":""Point"",""coordinates"":[-1.5667000000000002,52.3833]}"
00000000000000000211,586,4,52.3833,-1.5667,11.06425860143645,1.0485131533558938,2.511402974963247,31.45539460067681,6,8.642201360066755,8.33447265625,1.886668329546131,ECMWF/ERA5_LAND/DAILY_AGGR,1997-04-30,1997-04-01,1997,"{""type"":""Point"",""coordinates"":[-1.5667000000000002,52.3833]}"
00000000000000000212,587,4,52.3833,-1.5667,22.594618797199928,4.711000599365771,4.934111450820932,141.3300179809731,24,7.158643107944083,9.275377909342467,2.7028413317843256,ECMWF/ERA5_LAND/DAILY_AGGR,1998-04-30,1998-04-01,1998,"{""type"":""Point"",""coordinates"":[-1.5667000000000002,52.3833]}"
00000000000000000213,588,4,52.3833,-1.5667,13.650554418461525,2.661358575393417,3.1046254074958637,79.84075726180251,18,8.736832724677216,10.637076059977176,2.930854766800922,ECMWF/ERA5_LAND/DAILY_AGGR,1999-04-30,1999-04-01,1999,"{""type"":""Point"",""coordinates"":[-1.5667000000000002,52.3833]}"
00000000000000000214,589,4,52.3833,-1.5667,20.815827003104914,4.058564353435064,4.718394903035612,121.75693060305193,19,7.2035383648342775,9.232596079508482,2.813849626045747,ECMWF/ERA5_LAND/DAILY_AGGR,2000-04-30,2000-04-01,2000,"{""type"":""Point"",""coordinates"":[-1.5667000000000002,52.3833]}"
00000000000000000215,590,4,52.3833,-1.5667,8.224353194236755,3.1349820275915854,2.760775361195605,94.04946082774757,20,7.0461800893148,7.4329458872476835,1.8259438026783426,ECMWF/ERA5_LAND/DAILY_AGGR,2001-04-30,2001-04-01,2001,"{""type"":""Point"",""coordinates"":[-1.5667000000000002,52.3833]}"
00000000000000000216,591,4,52.3833,-1.5667,11.600167908568437,1.4019724510173859,2.5930596350611013,42.059173530521576,7,8.73601033952504,8.006806691487611,2.422004842122287,ECMWF/ERA5_LAND/DAILY_AGGR,2002-04-30,2002-04-01,2002,"{""type"":""Point"",""coordinates"":[-1.5667000000000002,52.3833]}"
00000000000000000217,592,4,52.3833,-1.5667,7.197142847303439,1.3311020116118992,2.067516828622888,39.933060348356975,11,9.29263621436227,12.477069854736328,3.1887743844655634,ECMWF/ERA5_LAND/DAILY_AGGR,2003-04-30,2003-04-01,2003,"{""type"":""Point"",""coordinates"":[-1.5667000000000002,52.3833]}"
00000000000000000218,593,4,52.3833,-1.5667,12.45327809618857,3.4379756462127395,3.7388171760991793,103.13926938638218,18,9.047058508131265,9.533727010091184,2.2584252375124847,ECMWF/ERA5_LAND/DAILY_AGGR,2004-04-30,2004-04-01,2004,"{""type"":""Point"",""coordinates"":[-1.5667000000000002,52.3833]}"
00000000000000000219,594,4,52.3833,-1.5667,8.986130356788635,1.9091897877382042,2.169437127015422,57.27569363214613,16,8.688145150078693,10.861934661865234,2.169767499667767,ECMWF/ERA5_LAND/DAILY_AGGR,2005-04-30,2005-04-01,2005,"{""type"":""Point"",""coordinates"":[-1.5667000000000002,52.3833]}"
0000000000000000021a,595,4,52.3833,-1.5667,9.313419461250305,1.678827898196289,2.3831410625573994,50.36483694588867,14,7.9933866288927105,8.517468134562193,2.3718721382211894,ECMWF/ERA5_LAND/DAILY_AGGR,2006-04-30,2006-04-01,2006,"{""type"":""Point"",""coordinates"":[-1.5667000000000002,52.3833]}"
0000000000000000021b,596,4,52.3833,-1.5667,3.971083866929348,0.43864307737967084,1.0275484047301964,13.159292321390126,4,10.841230752733038,7.9654388427734375,2.2031497133845055,ECMWF/ERA5_LAND/DAILY_AGGR,2007-04-30,2007-04-01,2007,"{""type"":""Point"",""coordinates"":[-1.5667000000000002,52.3833]}"
0000000000000000021c,597,4,52.3833,-1.5667,14.005586480323018,2.5572576118880384,2.800447381266935,76.71772835664115,22,7.198019578721809,10.837480545043945,2.812856397147165,ECMWF/ERA5_LAND/DAILY_AGGR,2008-04-30,2008-04-01,2008,"{""type"":""Point"",""coordinates"":[-1.5667000000000002,52.3833]}"
0000000000000000021d,598,4,52.3833,-1.5667,10.27899512246222,1.787653625485201,2.7583948954702966,53.629608764556025,11,9.309794341193326,5.04769198099774,1.3920800069801391,ECMWF/ERA5_LAND/DAILY_AGGR,2009-04-30,2009-04-01,2009,"{""type"":""Point"",""coordinates"":[-1.5667000000000002,52.3833]}"
0000000000000000021e,599,4,52.3833,-1.5667,6.34843111038208,1.0943001123867664,1.84030888106699,32.829003371602994,7,8.386102761162677,9.305936813354492,2.3333349302914725,ECMWF/ERA5_LAND/DAILY_AGGR,2010-04-30,2010-04-01,2010,"{""type"":""Point"",""coordinates"":[-1.5667000000000002,52.3833]}"
0000000000000000021f,600,4,52.3833,-1.5667,3.1403905687170663,0.3563054120762151,0.6054561987090407,10.689162362286453,2,11.529736667209223,9.087281545003236,2.3164425739328776,ECMWF/ERA5_LAND/DAILY_AGGR,2011-04-30,2011-04-01,2011,"{""type"":""Point"",""coordinates"":[-1.5667000000000002,52.3833]}"
00000000000000000220,601,4,52.3833,-1.5667,19.02395486831665,4.422493633817126,5.187236292176951,132.67480901451378,20,6.51895525190568,7.988843282063783,1.5316271341258303,ECMWF/ERA5_LAND/DAILY_AGGR,2012-04-30,2012-04-01,2012,"{""type"":""Point"",""coordinates"":[-1.5667000000000002,52.3833]}"
00000000000000000221,602,4,52.3833,-1.5667,6.3945144414851995,0.8333759810484528,1.2756699944789527,25.001279431453582,10,6.687878523932581,12.002148310343387,3.3440925765335323,ECMWF/ERA5_LAND/DAILY_AGGR,2013-04-30,2013-04-01,2013,"{""type"":""Point"",""coordinates"":[-1.5667000000000002,52.3833]}"
00000000000000000222,603,4,52.3833,-1.5667,12.412777543033826,1.86521980003936,2.883626529396798,55.956594001180804,12,9.729959826999265,5.626138051350949,1.4051961113703548,ECMWF/ERA5_LAND/DAILY_AGGR,2014-04-30,2014-04-01,2014,"{""type"":""Point"",""coordinates"":[-1.5667000000000002,52.3833]}"
00000000000000000223,604,4,52.3833,-1.5667,5.463684938774804,0.8841874418124007,1.3272784195343184,26.52562325437202,10,8.538591957092303,5.639091491699219,1.6090875766286301,ECMWF/ERA5_LAND/DAILY_AGGR,2015-04-30,2015-04-01,2015,"{""type"":""Point"",""coordinates"":[-1.5667000000000002,52.3833]}"
00000000000000000230,621,4,49.5,8.17,16.03252589702464,2.7807343674030705,4.028752617361956,83.42203102209211,13,10.535676617092578,12.593998591105162,2.666705628769734,ECMWF/ERA5_LAND/DAILY_AGGR,2005-04-30,2005-04-01,2005,"{""type"":""Point"",""coordinates"":[8.170000000000002,49.50000000000001]}"
00000000000000000231,622,4,49.5,8.17,7.814131435907257,1.697978870562622,1.8956332520287205,50.93936611687866,15,9.400746112399652,10.595917383829715,2.913523363604607,ECMWF/ERA5_LAND/DAILY_AGGR,2006-04-30,2006-04-01,2006,"{""type"":""Point"",""coordinates"":[8.170000000000002,49.50000000000001]}"
0000000000000000023d,634,4,49.5,8.17,16.03252589702464,2.7807343674030705,4.028752617361956,83.42203102209211,13,10.535676617092578,12.593998591105162,2.666705628769734,ECMWF/ERA5_LAND/DAILY_AGGR,2005-04-30,2005-04-01,2005,"{""type"":""Point"",""coordinates"":[8.170000000000002,49.50000000000001]}"
0000000000000000023e,635,4,49.5,8.17,7.814131435907257,1.697978870562622,1.8956332520287205,50.93936611687866,15,9.400746112399652,10.595917383829715,2.913523363604607,ECMWF/ERA5_LAND/DAILY_AGGR,2006-04-30,2006-04-01,2006,"{""type"":""Point"",""coordinates"":[8.170000000000002,49.50000000000001]}"
00000000000000000242,639,4,59.9833,10.6,17.421147529148584,3.78380901087129,4.4621040116093615,113.5142703261387,16,3.7197541342841474,13.377354303995787,3.143159718790985,ECMWF/ERA5_LAND/DAILY_AGGR,1989-04-30,1989-04-01,1989,"{""type"":""Point"",""coordinates"":[10.600000000000001,59.98330000000001]}"
00000000000000000244,641,4,42.4686,-76.4492,11.866524815502544,2.019923488772809,3.019974298451024,60.59770466318426,14,8.351903173658606,21.157201131184877,5.433233924108988,ECMWF/ERA5_LAND/DAILY_AGGR,2009-04-30,2009-04-01,2009,"{""type"":""Point"",""coordinates"":[-76.4492,42.4686]}"
00000000000000000246,643,4,56.35,84.9333,12.220844626426697,1.24400592568783,2.516974936470158,37.3201777706349,7,1.01935174730091,22.20378875732422,5.36090161754157,ECMWF/ERA5_LAND/DAILY_AGGR,2005-04-30,2005-04-01,2005,"{""type"":""Point"",""coordinates"":[84.9333,56.35]}"
0000000000000000024a,647,4,40.9,-4.0167,21.14306688298484,2.6382682031350413,4.346829813450716,79.14804609405124,15,7.327255694071469,15.390576044718443,4.1513829193035345,ECMWF/ERA5_LAND/DAILY_AGGR,2013-04-30,2013-04-01,2013,"{""type"":""Point"",""coordinates"":[-4.0167,40.9]}"
00000000000000000003,7,5,48.62,-99.08,11.949050426380836,1.525812211523298,2.852294353567584,47.30017855722224,9,9.124393307265436,16.8868192036947,3.895461698360262,ECMWF/ERA5_LAND/DAILY_AGGR,1997-05-31,1997-05-01,1997,"{""type"":""Point"",""coordinates"":[-99.08,48.62]}"
00000000000000000005,9,5,64.33,-164.93,,,,,,,,,ECMWF/ERA5_LAND/DAILY_AGGR,1996-05-31,1996-05-01,1996,"{""type"":""Point"",""coordinates"":[-164.93,64.33]}"
0000000000000000000d,17,5,51.73,18.63,10.148197412490845,1.0216517549648396,2.087712662682042,31.671204403910025,6,15.814280282297462,14.019306818644225,4.234010702320467,ECMWF/ERA5_LAND/DAILY_AGGR,2012-05-31,2012-05-01,2012,"{""type"":""Point"",""coordinates"":[18.630000000000003,51.73]}"
00000000000000000010,21,5,58.67,-94.42,,,,,,,,,ECMWF/ERA5_LAND/DAILY_AGGR,1994-05-31,1994-05-01,1994,"{""type"":""Point"",""coordinates"":[-94.42000000000002,58.67]}"
00000000000000000015,26,5,38.0,24.98,,,,,,,,,ECMWF/ERA5_LAND/DAILY_AGGR,1991-05-31,1991-05-01,1991,"{""type"":""Point"",""coordinates"":[24.979999999999997,38.0]}"
00000000000000000018,29,5,57.17,18.33,10.616517066864617,1.5264280920277429,3.259162172199761,47.31927085286003,7,8.820831081431423,9.073421478271484,1.9886775790490796,ECMWF/ERA5_LAND/DAILY_AGGR,1994-05-31,1994-05-01,1994,"{""type"":""Point"",""coordinates"":[18.33,57.17]}"
00000000000000000019,30,5,40.8,-4.02,10.348707437515259,2.143502353756241,2.9245253350774525,66.44857296644346,13,10.177155102965674,16.40714708964032,4.668788701321491,ECMWF/ERA5_LAND/DAILY_AGGR,2010-05-31,2010-05-01,2010,"{""type"":""Point"",""coordinates"":[-4.02,40.8]}"
0000000000000000001a,31,5,59.98,10.63,17.838051915134656,1.6228323229238495,4.046128822533686,50.307802010639335,8,9.996135822419221,11.04998779296875,2.7857444703751897,ECMWF/ERA5_LAND/DAILY_AGGR,1989-05-31,1989-05-01,1989,"{""type"":""Point"",""coordinates"":[10.629999999999999,59.98]}"
0000000000000000001b,32,5,52.53,7.35,23.468197482429787,2.6500158723772604,4.649284395225037,82.15049204369507,15,14.646638406733054,11.618877410888672,3.194384084432419,ECMWF/ERA5_LAND/DAILY_AGGR,1993-05-31,1993-05-01,1993,"{""type"":""Point"",""coordinates"":[7.3500000000000005,52.53]}"
0000000000000000001c,33,5,59.97,10.78,25.01775622357627,1.533039336656942,5.052424256196205,47.5242194363652,3,12.460754751390054,15.998139699300111,5.133301297752193,ECMWF/ERA5_LAND/DAILY_AGGR,1992-05-31,1992-05-01,1992,"{""type"":""Point"",""coordinates"":[10.780000000000001,59.97]}"
0000000000000000001d,34,5,59.83,17.67,11.606171727180481,1.9724412702781444,3.1250509060236644,61.145679378622475,13,8.245690507786264,11.618113199869754,2.316263495099759,ECMWF/ERA5_LAND/DAILY_AGGR,1987-05-31,1987-05-01,1987,"{""type"":""Point"",""coordinates"":[17.67,59.82999999999999]}"
0000000000000000001e,35,5,40.8,-4.02,15.807393193142616,2.1444242407218024,4.274366831800112,66.47715146237587,8,12.450854319910873,15.484923680623353,3.6569619000160394,ECMWF/ERA5_LAND/DAILY_AGGR,2003-05-31,2003-05-01,2003,"{""type"":""Point"",""coordinates"":[-4.02,40.8]}"
0000000000000000001f,36,5,40.8,-4.02,16.68459177017212,2.8665666376182095,4.552193206477613,88.8635657661645,14,13.470536229943741,9.078184127807617,2.379429288769484,ECMWF/ERA5_LAND/DAILY_AGGR,2011-05-31,2011-05-01,2011,"{""type"":""Point"",""coordinates"":[-4.02,40.8]}"
00000000000000000020,37,5,62.62,26.33,11.65961027135154,1.2683809998718278,2.683896024066129,39.31981099602666,8,9.1391614975468,9.489470799763978,2.3018142237772112,ECMWF/ERA5_LAND/DAILY_AGGR,1990-05-31,1990-05-01,1990,"{""type"":""Point"",""coordinates"":[26.330000000000002,62.62]}"
00000000000000000021,38,5,62.62,26.33,3.70651302148417,0.6336528345755938,1.0770132668261754,19.64323787184341,6,10.476676395375268,14.913101832071959,4.827596476405392,ECMWF/ERA5_LAND/DAILY_AGGR,1992-05-31,1992-05-01,1992,"{""type"":""Point"",""coordinates"":[26.330000000000002,62.62]}"
00000000000000000027,44,5,42.35,-76.5,24.81652796268463,5.085045668175849,6.927618178306423,157.63641571345133,18,11.223680996638496,15.983177185058594,4.440050379017865,ECMWF/ERA5_LAND/DAILY_AGGR,2002-05-31,2002-05-01,2002,"{""type"":""Point"",""coordinates"":[-76.5,42.35]}"
00000000000000000028,45,5,44.55,-76.32,17.214018106358253,3.7930201346215324,5.078417497906649,117.58362417326751,15,13.034171881727017,15.45035171508789,4.198879993102514,ECMWF/ERA5_LAND/DAILY_AGGR,1989-05-31,1989-05-01,1989,"{""type"":""Point"",""coordinates"":[-76.32,44.55]}"
00000000000000000042,71,5,-4.32,55.65,,,,,,,,,ECMWF/ERA5_LAND/DAILY_AGGR,1999-05-31,1999-05-01,1999,"{""type"":""Point"",""coordinates"":[55.65,-4.32]}"
00000000000000000045,74,5,50.18,-98.38,16.00512564073142,2.2136316723610836,4.583619400426176,68.62258184319359,8,10.667912419637064,17.301516215006473,4.4977696691190845,ECMWF/ERA5_LAND/DAILY_AGGR,1994-05-31,1994-05-01,1994,"{""type"":""Point"",""coordinates"":[-98.38,50.18]}"
00000000000000000048,77,5,46.2,7.63,28.049156069755554,3.200961312023581,5.291284501387175,99.22980067273102,20,3.809128431094613,9.556107203165709,2.4483164941813893,ECMWF/ERA5_LAND/DAILY_AGGR,1993-05-31,1993-05-01,1993,"{""type"":""Point"",""coordinates"":[7.629999999999998,46.199999999999996]}"
00000000000000000050,85,5,49.67,10.85,8.790495639686924,0.9042310036291946,2.071058449001133,28.031161112505032,6,15.04444773274086,10.069939931233705,3.387537448433443,ECMWF/ERA5_LAND/DAILY_AGGR,1992-05-31,1992-05-01,1992,"{""type"":""Point"",""coordinates"":[10.85,49.67]}"
00000000000000000051,86,5,49.67,10.85,8.661586044581782,1.927285190668677,2.570285978782439,59.74584091072899,14,13.597156266243251,8.147518157958984,2.136142006339192,ECMWF/ERA5_LAND/DAILY_AGGR,1994-05-31,1994-05-01,1994,"{""type"":""Point"",""coordinates"":[10.85,49.67]}"
00000000000000000052,87,5,49.67,10.85,12.08736002445221,2.089858364971202,3.200810881110315,64.78560931410726,12,12.687448817427464,12.026446660359738,3.385899350646727,ECMWF/ERA5_LAND/DAILY_AGGR,1995-05-31,1995-05-01,1995,"{""type"":""Point"",""coordinates"":[10.85,49.67]}"
00000000000000000053,88,5,49.67,10.85,16.15467965592643,3.3059309479404697,4.226188287431037,102.48385938615456,18,12.075464646534273,13.287718454996764,2.8455763753032217,ECMWF/ERA5_LAND/DAILY_AGGR,1996-05-31,1996-05-01,1996,"{""type"":""Point"",""coordinates"":[10.85,49.67]}"
00000000000000000054,89,5,49.67,10.85,8.655899763105879,1.4655721043253827,2.192634686600959,45.43273523408686,11,13.343390073058446,14.236465454101562,3.76167117896344,ECMWF/ERA5_LAND/DAILY_AGGR,1997-05-31,1997-05-01,1997,"{""type"":""Point"",""coordinates"":[10.85,49.67]}"
00000000000000000055,90,5,59.1,15.25,3.666206436264474,0.5383095011806044,0.9914256201263564,16.687594536598738,6,10.732937831263413,8.85336685180664,2.2150102258384052,ECMWF/ERA5_LAND/DAILY_AGGR,1994-05-31,1994-05-01,1994,"{""type"":""Point"",""coordinates"":[15.25,59.1]}"
00000000000000000056,91,5,59.1,15.25,14.964009461778005,2.1112054800879365,3.997396862165426,65.44736988272604,9,9.265544940579346,17.59920883178711,4.565480990300228,ECMWF/ERA5_LAND/DAILY_AGGR,1995-05-31,1995-05-01,1995,"{""type"":""Point"",""coordinates"":[15.25,59.1]}"
00000000000000000057,92,5,59.1,15.25,26.537163981174672,2.546435105099106,5.1854815253708555,78.93948825807229,12,8.256026327481855,12.880043665568053,3.1017134828124053,ECMWF/ERA5_LAND/DAILY_AGGR,1996-05-31,1996-05-01,1996,"{""type"":""Point"",""coordinates"":[15.25,59.1]}"
00000000000000000058,93,5,59.1,15.25,27.04411745071411,2.92644589657377,5.823036327233989,90.71982279378688,14,9.123288111532906,9.166706085205078,2.2583550717031815,ECMWF/ERA5_LAND/DAILY_AGGR,1997-05-31,1997-05-01,1997,"{""type"":""Point"",""coordinates"":[15.25,59.1]}"
00000000000000000059,94,5,59.1,15.25,8.245000243181977,1.403670473398772,2.2389811717968913,43.51378467536193,10,11.136661681308565,11.097546895345033,3.1168399157809117,ECMWF/ERA5_LAND/DAILY_AGGR,1998-05-31,1998-05-01,1998,"{""type"":""Point"",""coordinates"":[15.25,59.1]}"
0000000000000000005a,95,5,59.17,15.42,4.354184865917432,0.7124451132734253,1.227927188979825,22.085798511476185,6,12.982620103897606,9.54054069519043,3.1420389474212245,ECMWF/ERA5_LAND/DAILY_AGGR,1990-05-31,1990-05-01,1990,"{""type"":""Point"",""coordinates"":[15.420000000000002,59.17000000000001]}"
0000000000000000005b,96,5,59.17,15.42,8.227232308911425,1.3178212844898263,2.105181933838366,40.85245981918462,10,9.202423965290047,10.82590357462567,2.7361933283408915,ECMWF/ERA5_LAND/DAILY_AGGR,1991-05-31,1991-05-01,1991,"{""type"":""Point"",""coordinates"":[15.420000000000002,59.17000000000001]}"
0000000000000000005c,97,5,59.17,15.42,4.893763856063771,0.5911499160245488,1.2000106132744672,18.325647396761013,6,13.73834264201505,15.219673792521178,4.700957514150422,ECMWF/ERA5_LAND/DAILY_AGGR,1992-05-31,1992-05-01,1992,"{""type"":""Point"",""coordinates"":[15.420000000000002,59.17000000000001]}"
0000000000000000005d,98,5,51.45,-0.55,16.59374237050315,2.31651634847609,3.939527857111521,71.81200680275879,15,12.340992720409128,9.056449890136719,2.5554874358296984,ECMWF/ERA5_LAND/DAILY_AGGR,1993-05-31,1993-05-01,1993,"{""type"":""Point"",""coordinates"":[-0.55,51.45]}"
0000000000000000005e,99,5,51.45,-0.55,13.555353879894483,2.507512854108766,3.6111072020587214,77.73289847737175,13,11.191685941142444,6.567975997924805,1.6248789612869314,ECMWF/ERA5_LAND/DAILY_AGGR,1994-05-31,1994-05-01,1994,"{""type"":""Point"",""coordinates"":[-0.55,51.45]}"
0000000000000000005f,100,5,51.45,-0.55,7.446350598911522,1.0112666529116887,1.891916971001241,31.349266240262352,7,12.303339484430152,10.815747578938783,3.155612863588231,ECMWF/ERA5_LAND/DAILY_AGGR,1995-05-31,1995-05-01,1995,"{""type"":""Point"",""coordinates"":[-0.55,51.45]}"
00000000000000000060,101,5,51.45,-0.55,8.545270562080987,1.6811280393507066,2.2726471266882937,52.11496921987191,13,9.277403070593415,11.258663813273131,2.6902319110023543,ECMWF/ERA5_LAND/DAILY_AGGR,1996-05-31,1996-05-01,1996,"{""type"":""Point"",""coordinates"":[-0.55,51.45]}"
00000000000000000061,102,5,51.45,-0.55,7.816813774752518,1.8492274947571867,2.487173030340102,57.32605233747279,12,12.11075818461759,11.834447224934877,2.7604883153116693,ECMWF/ERA5_LAND/DAILY_AGGR,1997-05-31,1997-05-01,1997,"{""type"":""Point"",""coordinates"":[-0.55,51.45]}"
00000000000000000062,103,5,51.45,-0.55,6.608116626637184,0.775699489493595,1.5017676590980706,24.046684174301447,5,13.589188143002112,10.312520980834961,2.6453317517639254,ECMWF/ERA5_LAND/DAILY_AGGR,1998-05-31,1998-05-01,1998,"{""type"":""Point"",""coordinates"":[-0.55,51.45]}"
00000000000000000069,110,5,39.08,-96.58,37.709364295000825,3.713455227400018,8.0997618823656,115.11711204940056,9,17.206524682814102,13.08870569864905,2.804606946725419,ECMWF/ERA5_LAND/DAILY_AGGR,2003-05-31,2003-05-01,2003,"{""type"":""Point"",""coordinates"":[-96.58000000000001,39.08]}"
0000000000000000006a,111,5,39.08,-96.58,31.152886152217008,4.340562851297938,8.051726847629823,134.5574483902361,11,19.699688540222848,16.836072285970033,5.059804782147266,ECMWF/ERA5_LAND/DAILY_AGGR,2004-05-31,2004-05-01,2004,"{""type"":""Point"",""coordinates"":[-96.58000000000001,39.08]}"
0000000000000000006b,112,5,39.08,-96.58,14.530539512634277,1.9839312055840799,4.204798613049914,61.50186737310648,8,18.767776579497987,18.59748649597168,4.7583442775026485,ECMWF/ERA5_LAND/DAILY_AGGR,2005-05-31,2005-05-01,2005,"{""type"":""Point"",""coordinates"":[-96.58000000000001,39.08]}"
0000000000000000006c,113,5,39.08,-96.58,20.298361778259277,2.252040832425061,4.843618721761459,69.81326580517688,9,19.699060202157646,17.55286979675293,5.599302467972398,ECMWF/ERA5_LAND/DAILY_AGGR,2006-05-31,2006-05-01,2006,"{""type"":""Point"",""coordinates"":[-96.58000000000001,39.08]}"
0000000000000000006d,114,5,39.08,-96.58,44.74805371052071,5.7997972864824066,10.479611210685894,179.7937158809546,16,19.57146348030339,8.714080174763978,2.1682156543721223,ECMWF/ERA5_LAND/DAILY_AGGR,2007-05-31,2007-05-01,2007,"{""type"":""Point"",""coordinates"":[-96.58000000000001,39.08]}"
00000000000000000071,118,5,57.28,18.75,,,,,,,,,ECMWF/ERA5_LAND/DAILY_AGGR,1989-05-31,1989-05-01,1989,"{""type"":""Point"",""coordinates"":[18.750000000000004,57.28000000000001]}"
00000000000000000072,119,5,57.28,18.75,,,,,,,,,ECMWF/ERA5_LAND/DAILY_AGGR,1990-05-31,1990-05-01,1990,"{""type"":""Point"",""coordinates"":[18.750000000000004,57.28000000000001]}"
00000000000000000073,120,5,57.28,18.75,,,,,,,,,ECMWF/ERA5_LAND/DAILY_AGGR,1991-05-31,1991-05-01,1991,"{""type"":""Point"",""coordinates"":[18.750000000000004,57.28000000000001]}"
00000000000000000074,121,5,74.5,-21.0,0.27194917191764034,0.025551221349539056,0.05880432318993955,0.7920878618357108,0,-7.317401098435904,14.875743865966797,3.6504137044263376,ECMWF/ERA5_LAND/DAILY_AGGR,2003-05-31,2003-05-01,2003,"{""type"":""Point"",""coordinates"":[-21.0,74.5]}"
00000000000000000075,122,5,74.5,-21.0,5.271941423416138,0.3499105222329127,1.0155359505078805,10.847226189220294,3,-9.089490820771884,14.27623494466144,3.1801861978923927,ECMWF/ERA5_LAND/DAILY_AGGR,2007-05-31,2007-05-01,2007,"{""type"":""Point"",""coordinates"":[-21.0,74.5]}"
00000000000000000076,123,5,74.5,-21.0,2.5726795196518992,0.28736173606129645,0.5977232297781624,8.90821381790019,3,-7.536808538949592,14.986555099487305,4.08594531499987,ECMWF/ERA5_LAND/DAILY_AGGR,2008-05-31,2008-05-01,2008,"{""type"":""Point"",""coordinates"":[-21.0,74.5]}"
00000000000000000077,124,5,74.5,-21.0,9.079426527023315,1.0070754027013102,2.0189980668608802,31.219337483740617,9,-4.244335556030247,11.037375768025697,2.8039568043508503,ECMWF/ERA5_LAND/DAILY_AGGR,2009-05-31,2009-05-01,2009,"{""type"":""Point"",""coordinates"":[-21.0,74.5]}"
00000000000000000078,125,5,74.5,-21.0,23.22149276727714,1.5227055579419728,5.0524041626800535,47.203872296201155,4,-5.960771224319272,12.382089614868164,2.913420252569038,ECMWF/ERA5_LAND/DAILY_AGGR,2010-05-31,2010-05-01,2010,"{""type"":""Point"",""coordinates"":[-21.0,74.5]}"
00000000000000000079,126,5,74.5,-21.0,11.337238666214944,0.712871527266401,2.0299929389814966,22.09901734525843,6,-6.751009573987715,9.484663645426394,2.5348896270979107,ECMWF/ERA5_LAND/DAILY_AGGR,2011-05-31,2011-05-01,2011,"{""type"":""Point"",""coordinates"":[-21.0,74.5]}"
00000000000000000080,133,5,37.3,-3.18,20.34842406419557,2.4053641995641604,4.572371536965549,74.56629018648897,10,15.48047253188269,14.294601440429688,3.677199966743095,ECMWF/ERA5_LAND/DAILY_AGGR,2007-05-31,2007-05-01,2007,"{""type"":""Point"",""coordinates"":[-3.18,37.300000000000004]}"
00000000000000000081,134,5,37.3,-3.18,14.07584547996521,2.912376248830934,3.952542824411353,90.28366371375895,14,14.344791133429439,13.083932876586914,3.0503137488540966,ECMWF/ERA5_LAND/DAILY_AGGR,2008-05-31,2008-05-01,2008,"{""type"":""Point"",""coordinates"":[-3.18,37.300000000000004]}"
00000000000000000082,135,5,37.3,-3.18,11.722165346043312,1.3243441972840464,2.8040525788849235,41.054670115805436,7,16.83079412726949,11.063730239868164,2.9231304720519797,ECMWF/ERA5_LAND/DAILY_AGGR,2009-05-31,2009-05-01,2009,"{""type"":""Point"",""coordinates"":[-3.18,37.300000000000004]}"
00000000000000000083,136,5,37.3,-3.18,7.311522960662842,1.143627708092395,2.0629574103227593,35.45245895086424,8,14.415102956628308,14.709149042765318,3.9229009474239356,ECMWF/ERA5_LAND/DAILY_AGGR,2010-05-31,2010-05-01,2010,"{""type"":""Point"",""coordinates"":[-3.18,37.300000000000004]}"
00000000000000000084,137,5,37.3,-3.18,37.32535407783644,3.6672694786693727,7.253512227290561,113.68535383875056,15,16.07609161048809,10.343165715535463,2.6112621502300684,ECMWF/ERA5_LAND/DAILY_AGGR,2011-05-31,2011-05-01,2011,"{""type"":""Point"",""coordinates"":[-3.18,37.300000000000004]}"
0000000000000000008d,146,5,43.93,-71.75,17.81812310218811,2.366400843963295,4.170479893237726,73.35842616286214,15,9.530576652608916,14.51832389831543,2.8340367909774566,ECMWF/ERA5_LAND/DAILY_AGGR,1995-05-31,1995-05-01,1995,"{""type"":""Point"",""coordinates"":[-71.75,43.93]}"
0000000000000000008e,147,5,43.93,-71.75,38.758301988238486,6.307489151791493,10.056845469243862,195.53216370553628,20,9.17368268248858,16.25180753072101,3.6890543582535664,ECMWF/ERA5_LAND/DAILY_AGGR,1996-05-31,1996-05-01,1996,"{""type"":""Point"",""coordinates"":[-71.75,43.93]}"
0000000000000000008f,148,5,43.93,-71.75,15.258505890528795,3.7170822822145606,3.5633443515655077,115.22955074865138,20,6.941510977796352,12.701608022054018,3.119950846663257,ECMWF/ERA5_LAND/DAILY_AGGR,1997-05-31,1997-05-01,1997,"{""type"":""Point"",""coordinates"":[-71.75,43.93]}"
00000000000000000090,149,5,43.93,-71.75,8.879292011158668,1.8256059855723323,2.6649697631537586,56.593785552742304,10,13.585043002713132,10.485373814900697,2.7059570132681317,ECMWF/ERA5_LAND/DAILY_AGGR,1998-05-31,1998-05-01,1998,"{""type"":""Point"",""coordinates"":[-71.75,43.93]}"
00000000000000000091,150,5,43.93,-71.75,17.81812310218811,2.366400843963295,4.170479893237726,73.35842616286214,15,9.530576652608916,14.51832389831543,2.8340367909774566,ECMWF/ERA5_LAND/DAILY_AGGR,1995-05-31,1995-05-01,1995,"{""type"":""Point"",""coordinates"":[-71.75,43.93]}"
00000000000000000092,151,5,43.93,-71.75,38.758301988238486,6.307489151791493,10.056845469243862,195.53216370553628,20,9.17368268248858,16.25180753072101,3.6890543582535664,ECMWF/ERA5_LAND/DAILY_AGGR,1996-05-31,1996-05-01,1996,"{""type"":""Point"",""coordinates"":[-71.75,43.93]}"
00000000000000000098,157,5,39.0,-76.0,42.10343956947327,4.314932183675412,10.443408195036156,133.7628976939378,8,16.59821960285148,12.035783131917299,2.810016475878828,ECMWF/ERA5_LAND/DAILY_AGGR,2008-05-31,2008-05-01,2008,"{""type"":""Point"",""coordinates"":[-76.0,39.0]}"
00000000000000000099,158,5,39.0,-76.0,21.086256502371725,4.260011869748971,6.154937378503932,132.0603679622181,15,17.78813777226276,10.055170059204102,2.8378640907521993,ECMWF/ERA5_LAND/DAILY_AGGR,2009-05-31,2009-05-01,2009,"{""type"":""Point"",""coordinates"":[-76.0,39.0]}"
000000000000000000a0,165,5,35.65,-118.03,1.9103035327816542,0.19317925455702092,0.40953871534908,5.988556891267649,1,18.452200661936136,9.690426508585631,2.5756413572485792,ECMWF/ERA5_LAND/DAILY_AGGR,1997-05-31,1997-05-01,1997,"{""type"":""Point"",""coordinates"":[-118.03000000000004,35.65]}"
000000000000000000a1,166,5,35.65,-118.03,9.199041128056251,1.025640511658955,2.2574668120117267,31.794855861427607,6,10.444609639977918,13.744136810302734,2.814602559458673,ECMWF/ERA5_LAND/DAILY_AGGR,1998-05-31,1998-05-01,1998,"{""type"":""Point"",""coordinates"":[-118.03000000000004,35.65]}"
000000000000000000a2,167,5,35.65,-118.03,1.591309905052185,0.24604022180536017,0.4715054699459072,7.627246875966165,4,14.8282778422038,13.200745900471986,3.38053777032129,ECMWF/ERA5_LAND/DAILY_AGGR,1999-05-31,1999-05-01,1999,"{""type"":""Point"",""coordinates"":[-118.03000000000004,35.65]}"
000000000000000000a3,168,5,35.65,-118.03,2.4694055318832397,0.10267018761338008,0.43761519364925916,3.1827758160147823,1,17.239543615361715,16.710044225056947,4.562191024432169,ECMWF/ERA5_LAND/DAILY_AGGR,2000-05-31,2000-05-01,2000,"{""type"":""Point"",""coordinates"":[-118.03000000000004,35.65]}"
000000000000000000a4,169,5,35.65,-118.03,2.0750343798567883,0.2275126813118972,0.5242159492464471,7.052893120668813,3,19.74581477257515,14.331289927164732,3.1421339064617424,ECMWF/ERA5_LAND/DAILY_AGGR,2001-05-31,2001-05-01,2001,"{""type"":""Point"",""coordinates"":[-118.03000000000004,35.65]}"
000000000000000000a5,170,5,35.65,-118.03,2.15137302865287,0.18262372072736494,0.4780591821444844,5.661335342548313,3,15.540436393983923,17.706914265950502,4.363516186269081,ECMWF/ERA5_LAND/DAILY_AGGR,2002-05-31,2002-05-01,2002,"{""type"":""Point"",""coordinates"":[-118.03000000000004,35.65]}"
000000000000000000a6,171,5,41.77,-79.93,43.69675517081717,7.195523309117529,10.712007748337898,223.06122258264338,18,9.621618504678072,12.409199396769225,2.806625391319737,ECMWF/ERA5_LAND/DAILY_AGGR,1997-05-31,1997-05-01,1997,"{""type"":""Point"",""coordinates"":[-79.93,41.77]}"
000000000000000000a7,172,5,41.77,-79.93,29.379814863148113,4.320947618916835,6.322666912839532,133.9493761864219,15,14.662626192646663,11.893306732177734,3.445718812735765,ECMWF/ERA5_LAND/DAILY_AGGR,2000-05-31,2000-05-01,2000,"{""type"":""Point"",""coordinates"":[-79.93,41.77]}"
000000000000000000a8,173,5,41.77,-79.93,24.756997823658367,3.9617119514372554,6.680680765112507,122.81307049455492,14,14.211976356916555,10.700963973999023,2.7779925196100943,ECMWF/ERA5_LAND/DAILY_AGGR,2001-05-31,2001-05-01,2001,"{""type"":""Point"",""coordinates"":[-79.93,41.77]}"
000000000000000000a9,174,5,41.77,-79.93,34.053260087961945,6.3365240171847175,8.950170762047888,196.43224453272623,17,11.693268425233923,16.25070889790851,4.422618234604513,ECMWF/ERA5_LAND/DAILY_AGGR,2002-05-31,2002-05-01,2002,"{""type"":""Point"",""coordinates"":[-79.93,41.77]}"
000000000000000000b8,189,5,60.42,22.17,6.889445351703216,1.3946080656243138,1.8710934486319002,43.23285003435373,12,9.346009211386423,9.730371475219727,2.698891294641637,ECMWF/ERA5_LAND/DAILY_AGGR,2005-05-31,2005-05-01,2005,"{""type"":""Point"",""coordinates"":[22.17,60.42000000000001]}"
000000000000000000b9,190,5,60.42,22.17,7.5074732303619385,1.3575760396812548,2.2938349636806072,42.0848572301189,10,10.421396181660342,10.921554565429688,2.8167665505696626,ECMWF/ERA5_LAND/DAILY_AGGR,2006-05-31,2006-05-01,2006,"{""type"":""Point"",""coordinates"":[22.17,60.42000000000001]}"
000000000000000000c2,199,5,41.77,-79.93,34.053260087961945,6.3365240171847175,8.950170762047888,196.43224453272623,17,11.693268425233923,16.25070889790851,4.422618234604513,ECMWF/ERA5_LAND/DAILY_AGGR,2002-05-31,2002-05-01,2002,"{""type"":""Point"",""coordinates"":[-79.93,41.77]}"
000000000000000000c3,200,5,41.77,-79.93,29.386231303266896,6.170032301543213,7.0826003797960535,191.2710013478396,20,12.201891261275117,10.623737970987975,2.354034521874609,ECMWF/ERA5_LAND/DAILY_AGGR,2003-05-31,2003-05-01,2003,"{""type"":""Point"",""coordinates"":[-79.93,41.77]}"
000000000000000000c4,201,5,41.77,-79.93,30.480483174322615,7.34440670100305,8.105366796886742,227.67660773109455,24,15.743549847346504,16.831517537434877,4.421764859963205,ECMWF/ERA5_LAND/DAILY_AGGR,2004-05-31,2004-05-01,2004,"{""type"":""Point"",""coordinates"":[-79.93,41.77]}"
000000000000000000c7,204,5,51.9,11.0,14.022111892700195,1.9955722154128857,3.1379402791829105,61.862738677799456,12,14.215397750690443,10.127494812011719,2.7202105512652928,ECMWF/ERA5_LAND/DAILY_AGGR,2003-05-31,2003-05-01,2003,"{""type"":""Point"",""coordinates"":[11.0,51.9]}"
000000000000000000c8,205,5,51.9,11.0,21.0687160491716,2.6831614895248475,4.80855054885346,83.17800617527027,13,11.70927565379812,9.086392084757506,2.479076860596381,ECMWF/ERA5_LAND/DAILY_AGGR,2004-05-31,2004-05-01,2004,"{""type"":""Point"",""coordinates"":[11.0,51.9]}"
000000000000000000c9,206,5,51.9,11.0,14.341625571148597,2.6565249183907818,3.4704751211305296,82.35227247011423,17,12.88064830328831,17.146333694458008,4.918116386317424,ECMWF/ERA5_LAND/DAILY_AGGR,2005-05-31,2005-05-01,2005,"{""type"":""Point"",""coordinates"":[11.0,51.9]}"
000000000000000000ce,211,5,48.68,-113.72,21.672969897508665,4.890768942208333,4.78982351614433,151.61383720845834,26,1.7240937837990615,10.416800181070982,2.5369983635607367,ECMWF/ERA5_LAND/DAILY_AGGR,1996-05-31,1996-05-01,1996,"{""type"":""Point"",""coordinates"":[-113.72000000000001,48.68]}"
000000000000000000cf,212,5,48.68,-113.72,28.14794804032772,3.181136063016395,5.701329817766489,98.61521795350825,16,4.627147108508716,10.868026097615541,2.994486373163847,ECMWF/ERA5_LAND/DAILY_AGGR,1997-05-31,1997-05-01,1997,"{""type"":""Point"",""coordinates"":[-113.72000000000001,48.68]}"
000000000000000000d0,213,5,48.68,-113.72,33.62742066383362,3.7793847139343852,7.232027991575757,117.16092613196594,15,6.845262781778994,10.06273396809894,2.430745274852105,ECMWF/ERA5_LAND/DAILY_AGGR,1998-05-31,1998-05-01,1998,"{""type"":""Point"",""coordinates"":[-113.72000000000001,48.68]}"
000000000000000000d7,220,5,62.42,8.87,17.159787476543897,3.4947266357902196,4.357715870520353,108.33652570949681,20,-1.369172241867206,5.856540679931641,1.6994216302664127,ECMWF/ERA5_LAND/DAILY_AGGR,1991-05-31,1991-05-01,1991,"{""type"":""Point"",""coordinates"":[8.87,62.419999999999995]}"
000000000000000000d8,221,5,62.42,8.87,11.134701967137062,2.093748401663567,2.865812271956075,64.90620045157058,16,2.250394788352416,15.817411422729492,4.656154693267147,ECMWF/ERA5_LAND/DAILY_AGGR,1992-05-31,1992-05-01,1992,"{""type"":""Point"",""coordinates"":[8.87,62.419999999999995]}"
000000000000000000d9,222,5,62.42,8.87,24.382799863815308,3.1655532689312844,5.402684023094349,98.13215133686981,13,1.774562843897031,12.259127298990904,3.379856064466423,ECMWF/ERA5_LAND/DAILY_AGGR,1993-05-31,1993-05-01,1993,"{""type"":""Point"",""coordinates"":[8.87,62.419999999999995]}"
000000000000000000da,223,5,62.42,8.87,5.569398403167725,1.345723632960429,1.3780058084405264,41.7174326217733,16,-0.2672879331855124,9.377754847208678,2.2093069663345495,ECMWF/ERA5_LAND/DAILY_AGGR,1994-05-31,1994-05-01,1994,"{""type"":""Point"",""coordinates"":[8.87,62.419999999999995]}"
000000000000000000db,224,5,62.42,8.87,8.780688047409058,2.4005788202331706,2.5168489063286823,74.4179434272283,20,-0.45711130942065337,12.641374588012695,4.0846548099255715,ECMWF/ERA5_LAND/DAILY_AGGR,1995-05-31,1995-05-01,1995,"{""type"":""Point"",""coordinates"":[8.87,62.419999999999995]}"
000000000000000000dc,225,5,62.42,8.87,15.089702606189803,2.8243100363115006,3.9971759129114868,87.55361112565652,17,-1.2579658180154583,12.38554573059082,3.3397834186708044,ECMWF/ERA5_LAND/DAILY_AGGR,1996-05-31,1996-05-01,1996,"{""type"":""Point"",""coordinates"":[8.87,62.419999999999995]}"
000000000000000000dd,226,5,62.42,8.87,19.92538571357727,3.1232344767606754,4.293197763366943,96.82026877958094,17,-1.0791779712963914,9.645903269449832,2.144778318534346,ECMWF/ERA5_LAND/DAILY_AGGR,1997-05-31,1997-05-01,1997,"{""type"":""Point"",""coordinates"":[8.87,62.419999999999995]}"
000000000000000000de,227,5,62.42,8.87,14.91101086139679,2.5071235712036724,3.2992016479732422,77.72083070731384,15,0.37627126632201036,11.717100143432617,3.194454169478149,ECMWF/ERA5_LAND/DAILY_AGGR,1998-05-31,1998-05-01,1998,"{""type"":""Point"",""coordinates"":[8.87,62.419999999999995]}"
000000000000000000df,228,5,62.42,8.87,7.771685719490051,1.5728146190093593,2.021024276728847,48.75725318929014,13,-0.25558577506771024,10.563172658284486,2.493949914370652,ECMWF/ERA5_LAND/DAILY_AGGR,1999-05-31,1999-05-01,1999,"{""type"":""Point"",""coordinates"":[8.87,62.419999999999995]}"
000000000000000000e0,229,5,62.42,8.87,10.87657213224702,2.3491428116537993,2.7802597309892287,72.82342716126777,17,2.1639020242998903,11.384659449259459,2.4850918999290514,ECMWF/ERA5_LAND/DAILY_AGGR,2000-05-31,2000-05-01,2000,"{""type"":""Point"",""coordinates"":[8.87,62.419999999999995]}"
000000000000000000ef,244,5,42.52,8.77,,,,,,,,,ECMWF/ERA5_LAND/DAILY_AGGR,2000-05-31,2000-05-01,2000,"{""type"":""Point"",""coordinates"":[8.77,42.52]}"
000000000000000000f0,245,5,42.52,8.77,,,,,,,,,ECMWF/ERA5_LAND/DAILY_AGGR,2001-05-31,2001-05-01,2001,"{""type"":""Point"",""coordinates"":[8.77,42.52]}"
00000000000000000100,263,5,42.67,141.6,14.434812067463554,2.183083696406912,3.80981793565428,67.67559458861427,12,10.63714860895631,7.325276056925475,1.7064685006232503,ECMWF/ERA5_LAND/DAILY_AGGR,2009-05-31,2009-05-01,2009,"{""type"":""Point"",""coordinates"":[141.6,42.67]}"
00000000000000000101,264,5,42.67,141.6,34.67118740081787,4.841593122385746,8.176930729138835,150.0893867939581,13,9.38797972074121,4.933673222859682,1.464782240371602,ECMWF/ERA5_LAND/DAILY_AGGR,2010-05-31,2010-05-01,2010,"{""type"":""Point"",""coordinates"":[141.6,42.67]}"
00000000000000000121,296,5,43.0,-119.0,9.225505590336525,0.5505655963389471,1.6702556679046574,17.067533486507358,4,10.695289804602208,16.453914006551088,4.7251112221618925,ECMWF/ERA5_LAND/DAILY_AGGR,2002-05-31,2002-05-01,2002,"{""type"":""Point"",""coordinates"":[-119.00000000000003,43.0]}"
00000000000000000122,297,5,43.0,-119.0,7.3037124789152585,1.3833246003216233,2.192545857401554,42.883062609970324,8,10.309323636947164,21.878910064697266,6.821882136086639,ECMWF/ERA5_LAND/DAILY_AGGR,2003-05-31,2003-05-01,2003,"{""type"":""Point"",""coordinates"":[-119.00000000000003,43.0]}"
00000000000000000123,298,5,43.0,-119.0,13.281385115817557,2.163521947498943,3.2329265764205797,67.06918037246723,15,10.312864783502421,14.235237757364871,3.8109742197458116,ECMWF/ERA5_LAND/DAILY_AGGR,2004-05-31,2004-05-01,2004,"{""type"":""Point"",""coordinates"":[-119.00000000000003,43.0]}"
00000000000000000127,302,5,38.57,-119.03,2.221924061984737,0.33185234472268216,0.5199441911238472,10.287422686403147,4,14.185202699066512,13.028886795043945,3.2191121444415924,ECMWF/ERA5_LAND/DAILY_AGGR,1997-05-31,1997-05-01,1997,"{""type"":""Point"",""coordinates"":[-119.03000000000003,38.57]}"
00000000000000000128,303,5,38.57,-119.03,25.405153632164,2.8228628336922528,5.090440005536888,87.50874784445983,15,5.1068135210263055,12.111968994140625,2.871990736473995,ECMWF/ERA5_LAND/DAILY_AGGR,1998-05-31,1998-05-01,1998,"{""type"":""Point"",""coordinates"":[-119.03000000000003,38.57]}"
00000000000000000129,304,5,38.57,-119.03,1.8201500176928676,0.38513775472373646,0.5460477827818786,11.93927039643583,5,10.300902590187667,14.401422500610352,4.309134330929887,ECMWF/ERA5_LAND/DAILY_AGGR,1999-05-31,1999-05-01,1999,"{""type"":""Point"",""coordinates"":[-119.03000000000003,38.57]}"
0000000000000000012d,308,5,53.33,22.67,13.958221673931348,1.2547264166865686,2.614272719783523,38.89651891728363,8,16.092517943023378,9.726819356282533,2.4273005248274195,ECMWF/ERA5_LAND/DAILY_AGGR,1993-05-31,1993-05-01,1993,"{""type"":""Point"",""coordinates"":[22.67,53.33]}"
0000000000000000012e,309,5,53.33,22.67,25.707587599754333,3.177700269723971,6.087851231751196,98.5087083614431,14,11.68114326641126,13.19742202758789,3.264419218415873,ECMWF/ERA5_LAND/DAILY_AGGR,1994-05-31,1994-05-01,1994,"{""type"":""Point"",""coordinates"":[22.67,53.33]}"
0000000000000000012f,310,5,53.33,22.67,12.615460157292091,2.156601918307208,3.32248773501634,66.85465946752345,13,12.47861772762834,11.443120320638059,3.0686343498427417,ECMWF/ERA5_LAND/DAILY_AGGR,1997-05-31,1997-05-01,1997,"{""type"":""Point"",""coordinates"":[22.67,53.33]}"
00000000000000000130,311,5,47.17,-94.42,18.652218580143654,1.6647797672200866,3.9023774886361613,51.60817278382268,8,9.137063988306208,14.886394500732422,3.2414317216800894,ECMWF/ERA5_LAND/DAILY_AGGR,1990-05-31,1990-05-01,1990,"{""type"":""Point"",""coordinates"":[-94.42,47.17]}"
00000000000000000131,312,5,47.17,-94.42,20.56729793548584,2.5293289509853647,4.722662050201699,78.40919748054631,10,13.001795500068274,18.722997029622377,6.130701445693,ECMWF/ERA5_LAND/DAILY_AGGR,1991-05-31,1991-05-01,1991,"{""type"":""Point"",""coordinates"":[-94.42,47.17]}"
0000000000000000015a,353,5,60.83,25.33,15.517748465583736,2.085497822303724,3.495481013964027,64.65043249141544,11,8.259926793908587,8.432221094767272,2.7160735756785708,ECMWF/ERA5_LAND/DAILY_AGGR,1987-05-31,1987-05-01,1987,"{""type"":""Point"",""coordinates"":[25.33,60.83]}"
0000000000000000015b,354,5,60.83,25.33,7.52525627609657,1.3458961648666674,2.2101595344622846,41.72278111086669,8,11.084919004542876,12.625886281331361,2.8123207281803153,ECMWF/ERA5_LAND/DAILY_AGGR,1989-05-31,1989-05-01,1989,"{""type"":""Point"",""coordinates"":[25.33,60.83]}"
0000000000000000015c,355,5,60.83,25.33,16.40926158111,2.0022819352909718,3.444876004515035,62.07073999402013,11,9.9385750350132,10.39262835184735,2.4301332414677628,ECMWF/ERA5_LAND/DAILY_AGGR,1990-05-31,1990-05-01,1990,"{""type"":""Point"",""coordinates"":[25.33,60.83]}"
0000000000000000015d,356,5,35.88,-106.03,3.663390874862671,0.38206925613223114,0.963739551627923,11.844146940099165,3,15.558670769968366,16.296836217244447,4.389834820358712,ECMWF/ERA5_LAND/DAILY_AGGR,2010-05-31,2010-05-01,2010,"{""type"":""Point"",""coordinates"":[-106.03,35.88]}"
0000000000000000015e,357,5,35.88,-106.03,11.282542347903046,0.8653844314028126,2.489899427629007,26.82691737348719,3,14.497423200709864,21.39533042907715,4.828956753436917,ECMWF/ERA5_LAND/DAILY_AGGR,2011-05-31,2011-05-01,2011,"{""type"":""Point"",""coordinates"":[-106.03,35.88]}"
0000000000000000015f,358,5,35.88,-106.03,8.176285028355323,0.5975387505265007,1.5479949539714162,18.523701266321524,6,18.05016212873564,10.931861877441406,3.1146033491156806,ECMWF/ERA5_LAND/DAILY_AGGR,2012-05-31,2012-05-01,2012,"{""type"":""Point"",""coordinates"":[-106.03,35.88]}"
00000000000000000170,375,5,35.0,-83.0,20.98516914713855,3.644562298351417,5.615651759060867,112.98143124889393,14,19.46751868135188,12.649789810180664,2.8785447031047364,ECMWF/ERA5_LAND/DAILY_AGGR,2004-05-31,2004-05-01,2004,"{""type"":""Point"",""coordinates"":[-83.0,35.0]}"
0000000000000000017b,390,5,35.88,-79.02,40.5164986847808,3.0234500457180595,7.321514188563675,93.72695141725984,12,20.604942370999265,11.183821360270201,2.8201569696382247,ECMWF/ERA5_LAND/DAILY_AGGR,1986-05-31,1986-05-01,1986,"{""type"":""Point"",""coordinates"":[-79.02,35.879999999999995]}"
00000000000000000186,410,5,62.47,11.8,11.637366715604003,1.819147594302637,2.861381854667743,56.39357542338175,11,5.929525670697633,12.041573206583621,3.442204604441381,ECMWF/ERA5_LAND/DAILY_AGGR,2002-05-31,2002-05-01,2002,"{""type"":""Point"",""coordinates"":[11.8,62.46999999999999]}"
00000000000000000187,411,5,62.47,11.8,22.17795715705506,2.7606140991927473,4.135199838201182,85.57903707497516,19,3.7211509909681366,10.776668548583984,2.8022140263426425,ECMWF/ERA5_LAND/DAILY_AGGR,2006-05-31,2006-05-01,2006,"{""type"":""Point"",""coordinates"":[11.8,62.46999999999999]}"
00000000000000000188,412,5,61.42,8.87,25.214403867721558,2.4854532163438368,4.814870630145859,77.04904970665893,13,3.2283808882518716,12.315823872884152,3.1360052027565275,ECMWF/ERA5_LAND/DAILY_AGGR,1993-05-31,1993-05-01,1993,"{""type"":""Point"",""coordinates"":[8.87,61.42000000000001]}"
0000000000000000019d,440,5,48.3,21.08,13.256448507206642,2.3025004054084266,3.363271414845095,71.37751256766123,14,18.20299992304979,6.522642771403014,1.6568842746023396,ECMWF/ERA5_LAND/DAILY_AGGR,2002-05-31,2002-05-01,2002,"{""type"":""Point"",""coordinates"":[21.08,48.3]}"
0000000000000000019e,441,5,41.77,-79.93,34.053260087961945,6.3365240171847175,8.950170762047888,196.43224453272623,17,11.693268425233923,16.25070889790851,4.422618234604513,ECMWF/ERA5_LAND/DAILY_AGGR,2002-05-31,2002-05-01,2002,"{""type"":""Point"",""coordinates"":[-79.93,41.77]}"
0000000000000000019f,442,5,41.77,-79.93,29.386231303266896,6.170032301543213,7.0826003797960535,191.2710013478396,20,12.201891261275117,10.623737970987975,2.354034521874609,ECMWF/ERA5_LAND/DAILY_AGGR,2003-05-31,2003-05-01,2003,"{""type"":""Point"",""coordinates"":[-79.93,41.77]}"
000000000000000001a0,443,5,45.07,-67.03,,,,,,,,,ECMWF/ERA5_LAND/DAILY_AGGR,1987-05-31,1987-05-01,1987,"{""type"":""Point"",""coordinates"":[-67.03,45.07]}"
000000000000000001a1,444,5,45.07,-67.03,,,,,,,,,ECMWF/ERA5_LAND/DAILY_AGGR,1988-05-31,1988-05-01,1988,"{""type"":""Point"",""coordinates"":[-67.03,45.07]}"
000000000000000001a2,445,5,45.07,-67.03,,,,,,,,,ECMWF/ERA5_LAND/DAILY_AGGR,1989-05-31,1989-05-01,1989,"{""type"":""Point"",""coordinates"":[-67.03,45.07]}"
000000000000000001ad,465,5,44.58,-66.77,,,,,,,,,ECMWF/ERA5_LAND/DAILY_AGGR,1993-05-31,1993-05-01,1993,"{""type"":""Point"",""coordinates"":[-66.77,44.58]}"
000000000000000001ae,471,5,53.0,-123.0,12.844321002887682,2.2122934480864065,2.941264715179137,68.5810968906786,17,9.320695659678496,11.18541145324707,2.8766278368358487,ECMWF/ERA5_LAND/DAILY_AGGR,2004-05-31,2004-05-01,2004,"{""type"":""Point"",""coordinates"":[-123.00000000000001,53.0]}"
000000000000000001bd,486,5,61.4167,8.8667,45.34776982563926,6.744632247012469,10.13154924386049,209.08359965738654,20,3.079740204349662,17.5678984324137,4.622286845048354,ECMWF/ERA5_LAND/DAILY_AGGR,2013-05-31,2013-05-01,2013,"{""type"":""Point"",""coordinates"":[8.866699999999996,61.4167]}"
000000000000000001be,487,5,61.4167,8.8667,13.740372765425946,1.9382378096929367,3.40792828690284,60.08537210048104,9,1.366757329305037,11.883581797281863,3.4340021316106424,ECMWF/ERA5_LAND/DAILY_AGGR,2014-05-31,2014-05-01,2014,"{""type"":""Point"",""coordinates"":[8.866699999999996,61.4167]}"
000000000000000001bf,488,5,61.4167,8.8667,14.101064205078728,3.658326779775773,3.889725605754253,113.40813017304896,19,-0.4487736322546297,6.070812861124693,1.457641221718349,ECMWF/ERA5_LAND/DAILY_AGGR,2015-05-31,2015-05-01,2015,"{""type"":""Point"",""coordinates"":[8.866699999999996,61.4167]}"
000000000000000001d5,511,5,46.91,23.91,18.682006001370155,4.250386813503215,4.737023226365538,131.76199121859966,23,15.389094945435904,10.774589538574219,2.916900356546229,ECMWF/ERA5_LAND/DAILY_AGGR,2012-05-31,2012-05-01,2012,"{""type"":""Point"",""coordinates"":[23.91,46.91]}"
000000000000000001de,520,5,21.6,51.5333,0.003436207748563902,9.406768100232497E-4,9.83736716883103E-4,0.02916098111072074,0,35.29168663024904,5.250372568766295,1.1357855190601245,ECMWF/ERA5_LAND/DAILY_AGGR,2006-05-31,2006-05-01,2006,"{""type"":""Point"",""coordinates"":[51.5333,21.6]}"
000000000000000001df,521,5,21.6,51.5333,0.004343624596003792,0.0012781481154613703,0.0011976149954246262,0.03962259157930248,0,35.270243827245594,5.981180191040039,1.344716517646518,ECMWF/ERA5_LAND/DAILY_AGGR,2007-05-31,2007-05-01,2007,"{""type"":""Point"",""coordinates"":[51.5333,21.6]}"
000000000000000001e0,522,5,21.6,51.5333,0.06850622702359033,0.004194969894609445,0.012999911427193988,0.13004406673289282,0,35.442098236084014,5.288262685139955,1.3886431305548192,ECMWF/ERA5_LAND/DAILY_AGGR,2008-05-31,2008-05-01,2008,"{""type"":""Point"",""coordinates"":[51.5333,21.6]}"
000000000000000001e1,523,5,21.6,51.5333,0.0025749204723979346,8.307509684040005E-4,7.46765604099905E-4,0.025753280020524016,0,34.987122882309805,7.214686711629213,1.7748274710226135,ECMWF/ERA5_LAND/DAILY_AGGR,2009-05-31,2009-05-01,2009,"{""type"":""Point"",""coordinates"":[51.5333,21.6]}"
000000000000000001e2,524,5,21.6,51.5333,0.5015134811401367,0.018180015682756425,0.0883721544168851,0.5635804861654492,0,35.27721863203153,6.475683848063113,1.7396133668303975,ECMWF/ERA5_LAND/DAILY_AGGR,2010-05-31,2010-05-01,2010,"{""type"":""Point"",""coordinates"":[51.5333,21.6]}"
000000000000000001e3,525,5,21.6,51.5333,0.22256539108411744,0.008009590235731836,0.03918203023782726,0.2482972973076869,0,35.1644232637139,6.8850008646647325,1.7147029446508422,ECMWF/ERA5_LAND/DAILY_AGGR,2011-05-31,2011-05-01,2011,"{""type"":""Point"",""coordinates"":[51.5333,21.6]}"
000000000000000001fb,560,5,71.3167,-156.65,,,,,,,,,ECMWF/ERA5_LAND/DAILY_AGGR,2003-05-31,2003-05-01,2003,"{""type"":""Point"",""coordinates"":[-156.65,71.3167]}"
000000000000000001fc,561,5,71.3167,-156.65,,,,,,,,,ECMWF/ERA5_LAND/DAILY_AGGR,2004-05-31,2004-05-01,2004,"{""type"":""Point"",""coordinates"":[-156.65,71.3167]}"
000000000000000001fd,562,5,71.3167,-156.65,,,,,,,,,ECMWF/ERA5_LAND/DAILY_AGGR,2005-05-31,2005-05-01,2005,"{""type"":""Point"",""coordinates"":[-156.65,71.3167]}"
000000000000000001fe,563,5,71.3167,-156.65,,,,,,,,,ECMWF/ERA5_LAND/DAILY_AGGR,2006-05-31,2006-05-01,2006,"{""type"":""Point"",""coordinates"":[-156.65,71.3167]}"
000000000000000001ff,564,5,71.3167,-156.65,,,,,,,,,ECMWF/ERA5_LAND/DAILY_AGGR,2014-05-31,2014-05-01,2014,"{""type"":""Point"",""coordinates"":[-156.65,71.3167]}"
00000000000000000200,565,5,71.3167,-156.65,,,,,,,,,ECMWF/ERA5_LAND/DAILY_AGGR,2017-05-31,2017-05-01,2017,"{""type"":""Point"",""coordinates"":[-156.65,71.3167]}"
00000000000000000201,566,5,71.3167,-156.65,,,,,,,,,ECMWF/ERA5_LAND/DAILY_AGGR,2018-05-31,2018-05-01,2018,"{""type"":""Point"",""coordinates"":[-156.65,71.3167]}"
00000000000000000202,567,5,71.3167,-156.65,,,,,,,,,ECMWF/ERA5_LAND/DAILY_AGGR,2019-05-31,2019-05-01,2019,"{""type"":""Point"",""coordinates"":[-156.65,71.3167]}"
00000000000000000234,625,5,23.65,107.0667,45.87036669244071,7.653581929801933,10.959345753917976,237.26103982385993,20,25.186269522226006,9.393556594848633,2.3982308284497322,ECMWF/ERA5_LAND/DAILY_AGGR,2013-05-31,2013-05-01,2013,"{""type"":""Point"",""coordinates"":[107.0667,23.649999999999995]}"
00000000000000000247,644,5,46.91,23.91,18.682006001370155,4.250386813503215,4.737023226365538,131.76199121859966,23,15.389094945435904,10.774589538574219,2.916900356546229,ECMWF/ERA5_LAND/DAILY_AGGR,2012-05-31,2012-05-01,2012,"{""type"":""Point"",""coordinates"":[23.91,46.91]}"
00000000000000000001,5,6,77.0,15.37,,,,,,,,,ECMWF/ERA5_LAND/DAILY_AGGR,2002-06-30,2002-06-01,2002,"{""type"":""Point"",""coordinates"":[15.369999999999996,77.0]}"
00000000000000000004,8,6,78.92,11.9,,,,,,,,,ECMWF/ERA5_LAND/DAILY_AGGR,1989-06-30,1989-06-01,1989,"{""type"":""Point"",""coordinates"":[11.900000000000002,78.92]}"
00000000000000000007,11,6,43.53,-80.23,15.472370386021339,1.9482422091597822,3.760329519841534,58.44726627479346,9,16.02401226891414,14.825536092122434,3.470729207960454,ECMWF/ERA5_LAND/DAILY_AGGR,1992-06-30,1992-06-01,1992,"{""type"":""Point"",""coordinates"":[-80.23,43.53]}"
0000000000000000000b,15,6,67.23,-100.27,4.646483063595497,0.5641622362806705,1.0664152566627991,16.924867088420115,6,5.690404870775037,17.805131912231445,4.527904715817047,ECMWF/ERA5_LAND/DAILY_AGGR,1995-06-30,1995-06-01,1995,"{""type"":""Point"",""coordinates"":[-100.27000000000001,67.23]}"
0000000000000000000c,16,6,67.23,-100.27,4.646483063595497,0.5641622362806705,1.0664152566627991,16.924867088420115,6,5.690404870775037,17.805131912231445,4.527904715817047,ECMWF/ERA5_LAND/DAILY_AGGR,1995-06-30,1995-06-01,1995,"{""type"":""Point"",""coordinates"":[-100.27000000000001,67.23]}"
00000000000000000041,70,6,53.48,23.0,29.68024015416404,3.5667125590109094,6.864425601214668,107.00137677032728,11,16.068157704671247,9.198389053344727,2.569244421496211,ECMWF/ERA5_LAND/DAILY_AGGR,1990-06-30,1990-06-01,1990,"{""type"":""Point"",""coordinates"":[22.999999999999996,53.48]}"
00000000000000000047,76,6,69.4,81.82,2.678373455996308,0.2909850206062714,0.6240975175162121,8.729550618188142,3,6.738252427842908,21.02356783548987,6.4758410123087025,ECMWF/ERA5_LAND/DAILY_AGGR,1993-06-30,1993-06-01,1993,"{""type"":""Point"",""coordinates"":[81.82,69.4]}"
0000000000000000007e,131,6,58.75,-95.07,20.803533106288796,2.5255348101582107,4.510206480408366,75.76604430474632,14,8.20176453060576,15.553848902384402,4.203874937255461,ECMWF/ERA5_LAND/DAILY_AGGR,1996-06-30,1996-06-01,1996,"{""type"":""Point"",""coordinates"":[-95.07000000000001,58.75000000000001]}"
0000000000000000007f,132,6,58.75,-95.07,9.218478202818403,1.0741969221947774,1.971329862421196,32.22590766584332,8,9.657465659247526,11.93226432800293,3.4213971357335335,ECMWF/ERA5_LAND/DAILY_AGGR,1997-06-30,1997-06-01,1997,"{""type"":""Point"",""coordinates"":[-95.07000000000001,58.75000000000001]}"
000000000000000000ca,207,6,59.83,-136.33,22.84012138843039,3.3097803363144607,4.837200578543825,99.29341008943382,17,1.0425319247775822,13.352139790852846,2.9241178883228445,ECMWF/ERA5_LAND/DAILY_AGGR,1987-06-30,1987-06-01,1987,"{""type"":""Point"",""coordinates"":[-136.33,59.82999999999999]}"
000000000000000000cb,208,6,59.83,-136.33,10.339424014091492,1.780093390582967,2.2566510252694703,53.40280171748901,16,3.5153651131524213,10.691011428833008,2.563864673019399,ECMWF/ERA5_LAND/DAILY_AGGR,1988-06-30,1988-06-01,1988,"{""type"":""Point"",""coordinates"":[-136.33,59.82999999999999]}"
000000000000000000cc,209,6,59.83,-136.33,12.523031234707105,2.147252712339546,2.5405779657943723,64.41758137018638,17,5.6801272498237,10.007927576700865,2.6529128262035075,ECMWF/ERA5_LAND/DAILY_AGGR,1989-06-30,1989-06-01,1989,"{""type"":""Point"",""coordinates"":[-136.33,59.82999999999999]}"
000000000000000000cd,210,6,59.83,-136.33,12.50864565372467,1.443012875123273,2.6086686104412524,43.29038625369819,10,4.291045146518303,18.400504430135072,4.749771668358045,ECMWF/ERA5_LAND/DAILY_AGGR,1992-06-30,1992-06-01,1992,"{""type"":""Point"",""coordinates"":[-136.33,59.82999999999999]}"
00000000000000000160,359,6,70.2,-148.25,6.233922638728018,0.4339686161364635,1.143977876572258,13.019058484093904,3,4.875676472981795,11.265242894490598,2.878668848367916,ECMWF/ERA5_LAND/DAILY_AGGR,1993-06-30,1993-06-01,1993,"{""type"":""Point"",""coordinates"":[-148.25000000000003,70.2]}"
00000000000000000161,360,6,70.2,-148.25,3.2792713505500615,0.5974558618769757,0.8155672168585059,17.923675856309274,6,4.306640836927645,12.725418090820312,3.1282346952699784,ECMWF/ERA5_LAND/DAILY_AGGR,1994-06-30,1994-06-01,1994,"{""type"":""Point"",""coordinates"":[-148.25000000000003,70.2]}"
00000000000000000190,423,6,71.29,-156.8,3.9425035793101415,0.7071707675883943,1.18096334330231,21.215123027651828,7,4.420338736640103,8.632940292358398,2.93712377608928,ECMWF/ERA5_LAND/DAILY_AGGR,2004-06-30,2004-06-01,2004,"{""type"":""Point"",""coordinates"":[-156.8,71.29]}"
00000000000000000191,424,6,71.29,-156.8,3.390955924885475,0.3489544777982208,0.7684727662094085,10.468634333946625,2,1.8781219906277387,6.684902826944949,1.7141741558210952,ECMWF/ERA5_LAND/DAILY_AGGR,2005-06-30,2005-06-01,2005,"{""type"":""Point"",""coordinates"":[-156.8,71.29]}"
00000000000000000192,425,6,71.29,-156.8,5.808880925087578,1.1637175538554108,1.4825288826345997,34.911526615662325,11,3.846152305603044,13.668804168701172,3.5856498081919876,ECMWF/ERA5_LAND/DAILY_AGGR,2006-06-30,2006-06-01,2006,"{""type"":""Point"",""coordinates"":[-156.8,71.29]}"
00000000000000000193,426,6,71.29,-156.8,2.7729690073101665,0.21299006284844305,0.5752209005503055,6.389701885453292,2,2.3545228322347196,5.5868523915608534,1.2653968607131518,ECMWF/ERA5_LAND/DAILY_AGGR,2007-06-30,2007-06-01,2007,"{""type"":""Point"",""coordinates"":[-156.8,71.29]}"
00000000000000000194,427,6,71.29,-156.8,2.154722809791565,0.5012126249342922,0.6928302496015828,15.036378748028767,7,3.1904198964437094,9.344355901082338,2.1887178362268496,ECMWF/ERA5_LAND/DAILY_AGGR,2008-06-30,2008-06-01,2008,"{""type"":""Point"",""coordinates"":[-156.8,71.29]}"
00000000000000000195,428,6,71.29,-156.8,6.439632177261956,0.44098436844256145,1.1849317140593378,13.229531053276844,2,2.913876978556336,6.708508173624693,1.5599803943807529,ECMWF/ERA5_LAND/DAILY_AGGR,2009-06-30,2009-06-01,2009,"{""type"":""Point"",""coordinates"":[-156.8,71.29]}"
000000000000000001ab,461,6,44.7,-76.2,25.13476716922014,2.2615907806192346,4.666325409946598,67.84772341857703,13,16.46518522898358,13.041290918986022,3.025599110475478,ECMWF/ERA5_LAND/DAILY_AGGR,1992-06-30,1992-06-01,1992,"{""type"":""Point"",""coordinates"":[-76.2,44.70000000000001]}"
000000000000000001ac,462,6,44.7,-76.2,25.13476716922014,2.2615907806192346,4.666325409946598,67.84772341857703,13,16.46518522898358,13.041290918986022,3.025599110475478,ECMWF/ERA5_LAND/DAILY_AGGR,1992-06-30,1992-06-01,1992,"{""type"":""Point"",""coordinates"":[-76.2,44.70000000000001]}"
00000000000000000228,609,6,69.4667,-29.8333,9.529680013656616,0.962131035552242,2.203688243214039,28.86393106656726,5,-10.186292394002253,8.464663187662723,2.069958507406273,ECMWF/ERA5_LAND/DAILY_AGGR,2013-06-30,2013-06-01,2013,"{""type"":""Point"",""coordinates"":[-29.833300000000005,69.4667]}"
00000000000000000229,610,6,69.4667,-29.8333,6.476521491947551,0.609350393310019,1.6117846031990697,18.28051179930057,4,-8.35802016788057,9.866114934285463,2.5566069669847704,ECMWF/ERA5_LAND/DAILY_AGGR,2014-06-30,2014-06-01,2014,"{""type"":""Point"",""coordinates"":[-29.833300000000005,69.4667]}"
0000000000000000022a,611,6,69.4667,-29.8333,6.121480464933882,0.33055301814464144,1.1249862777688127,9.916590544339243,2,-10.890627818637403,8.857772191365598,3.1112326345923864,ECMWF/ERA5_LAND/DAILY_AGGR,2015-06-30,2015-06-01,2015,"{""type"":""Point"",""coordinates"":[-29.833300000000005,69.4667]}"
0000000000000000022b,612,6,69.4667,-29.8333,7.671046256973568,0.49544812493020157,1.4374491772155062,14.863443747906047,4,-7.713446617126444,8.662783940633119,2.359866784771907,ECMWF/ERA5_LAND/DAILY_AGGR,2016-06-30,2016-06-01,2016,"{""type"":""Point"",""coordinates"":[-29.833300000000005,69.4667]}"
0000000000000000022c,613,6,69.4667,-29.8333,5.595788359642029,0.5227054323396393,1.2224560701935714,15.681162970189177,4,-10.009918573167564,6.199384689331055,1.8611120300230772,ECMWF/ERA5_LAND/DAILY_AGGR,2017-06-30,2017-06-01,2017,"{""type"":""Point"",""coordinates"":[-29.833300000000005,69.4667]}"
0000000000000000022d,614,6,69.4667,-29.8333,5.08006931215732,0.6434846662247177,1.1204546134925268,19.30453998674153,6,-8.437047894795713,14.54118537902832,3.7104071711150532,ECMWF/ERA5_LAND/DAILY_AGGR,2018-06-30,2018-06-01,2018,"{""type"":""Point"",""coordinates"":[-29.833300000000005,69.4667]}"
00000000000000000232,623,6,67.43,11.88,,,,,,,,,ECMWF/ERA5_LAND/DAILY_AGGR,2003-06-30,2003-06-01,2003,"{""type"":""Point"",""coordinates"":[11.88,67.43]}"
00000000000000000233,624,6,67.43,11.88,,,,,,,,,ECMWF/ERA5_LAND/DAILY_AGGR,2004-06-30,2004-06-01,2004,"{""type"":""Point"",""coordinates"":[11.88,67.43]}"
00000000000000000000,1,7,-42.63,148.0614,,,,,,,,,ECMWF/ERA5_LAND/DAILY_AGGR,1989-07-31,1989-07-01,1989,"{""type"":""Point"",""coordinates"":[148.0614,-42.63]}"
0000000000000000000f,20,7,61.42,8.87,17.844551801676545,3.2118033916564657,4.889497755577881,99.56590514135044,14,8.324474609539095,8.469732920328795,2.0850470148463245,ECMWF/ERA5_LAND/DAILY_AGGR,1992-07-31,1992-07-01,1992,"{""type"":""Point"",""coordinates"":[8.87,61.42000000000001]}"
00000000000000000013,24,7,-43.83,168.88,84.9127471446991,9.028164354477683,16.293663538691032,279.8730949888082,18,4.8582357673235075,8.155888875325502,2.113310675250565,ECMWF/ERA5_LAND/DAILY_AGGR,1990-07-31,1990-07-01,1990,"{""type"":""Point"",""coordinates"":[168.88,-43.830000000000005]}"
00000000000000000049,78,7,-1.4,36.8,4.996764659779274,0.7701406511736488,0.9156237333327022,23.874360186383115,7,16.23187500738331,2.176547368367494,0.48285848944058035,ECMWF/ERA5_LAND/DAILY_AGGR,1998-07-31,1998-07-01,1998,"{""type"":""Point"",""coordinates"":[36.800000000000004,-1.4]}"
0000000000000000004a,79,7,-35.27,149.1,8.93428921699524,1.4550849616123818,2.12678141128268,45.10763380998384,12,4.083485847391125,5.892321268717467,1.4815663826201106,ECMWF/ERA5_LAND/DAILY_AGGR,1995-07-31,1995-07-01,1995,"{""type"":""Point"",""coordinates"":[149.1,-35.27000000000001]}"
0000000000000000004b,80,7,-35.27,149.1,23.229897022247314,2.4305420540096816,5.017151196937811,75.34680367430013,10,5.041311272241759,7.544442494710324,2.0085777527929047,ECMWF/ERA5_LAND/DAILY_AGGR,1996-07-31,1996-07-01,1996,"{""type"":""Point"",""coordinates"":[149.1,-35.27000000000001]}"
0000000000000000004c,81,7,-35.27,149.1,14.9563819165337,0.7910454235269618,2.7693789577841104,24.522408129335815,3,4.452197400985247,6.745894114176451,1.8625672784805702,ECMWF/ERA5_LAND/DAILY_AGGR,1997-07-31,1997-07-01,1997,"{""type"":""Point"",""coordinates"":[149.1,-35.27000000000001]}"
0000000000000000008a,143,7,-37.55,14.82,,,,,,,,,ECMWF/ERA5_LAND/DAILY_AGGR,1999-07-31,1999-07-01,1999,"{""type"":""Point"",""coordinates"":[14.819999999999997,-37.55]}"
0000000000000000008b,144,7,-37.55,14.82,,,,,,,,,ECMWF/ERA5_LAND/DAILY_AGGR,2000-07-31,2000-07-01,2000,"{""type"":""Point"",""coordinates"":[14.819999999999997,-37.55]}"
0000000000000000008c,145,7,-37.55,14.82,,,,,,,,,ECMWF/ERA5_LAND/DAILY_AGGR,2001-07-31,2001-07-01,2001,"{""type"":""Point"",""coordinates"":[14.819999999999997,-37.55]}"
00000000000000000147,334,7,-31.9,115.98,23.63215739177349,6.241092470679219,7.659592364215196,193.4738665910558,19,13.213774309876163,5.954896291096986,1.4569730848772404,ECMWF/ERA5_LAND/DAILY_AGGR,1996-07-31,1996-07-01,1996,"{""type"":""Point"",""coordinates"":[115.98000000000002,-31.900000000000002]}"
00000000000000000148,335,7,-31.9,115.98,15.615427494026335,2.4684047276474255,4.493921068429499,76.52054655707019,10,11.391146493727184,7.142132441202762,2.129319069460851,ECMWF/ERA5_LAND/DAILY_AGGR,1997-07-31,1997-07-01,1997,"{""type"":""Point"",""coordinates"":[115.98000000000002,-31.900000000000002]}"
00000000000000000149,336,7,-31.9,115.98,14.92181718339225,2.529636117159839,4.088361267339064,78.41871963195501,12,11.133352451939754,6.761754989624023,1.5722518841871065,ECMWF/ERA5_LAND/DAILY_AGGR,1998-07-31,1998-07-01,1998,"{""type"":""Point"",""coordinates"":[115.98000000000002,-31.900000000000002]}"
00000000000000000158,351,7,-27.33,152.55,7.973477244377136,0.4005527242382628,1.4604109206962885,12.417134451386147,2,13.087736958329417,7.150733947753906,1.8744339063616784,ECMWF/ERA5_LAND/DAILY_AGGR,1992-07-31,1992-07-01,1992,"{""type"":""Point"",""coordinates"":[152.55,-27.33]}"
00000000000000000159,352,7,-27.33,152.55,20.272284746170044,1.6760895404544383,3.880991912764531,51.95877575408758,11,15.736283895020863,5.667457580566406,1.3709176171976616,ECMWF/ERA5_LAND/DAILY_AGGR,1993-07-31,1993-07-01,1993,"{""type"":""Point"",""coordinates"":[152.55,-27.33]}"
00000000000000000110,279,8,-31.08,142.7,9.048527479137647,0.5215226713221592,1.7894764468703397,16.167202810986936,2,12.174840935327696,14.007617950439453,3.898659539281354,ECMWF/ERA5_LAND/DAILY_AGGR,2005-08-31,2005-08-01,2005,"{""type"":""Point"",""coordinates"":[142.7,-31.080000000000002]}"
00000000000000000111,280,8,-31.08,142.7,1.0403394697959811,0.06823093860426128,0.20189032612195418,2.1151590967321,1,13.466862327821818,11.457035064697266,2.770972963155259,ECMWF/ERA5_LAND/DAILY_AGGR,2006-08-31,2006-08-01,2006,"{""type"":""Point"",""coordinates"":[142.7,-31.080000000000002]}"
00000000000000000112,281,8,-31.08,142.7,5.988195538520813,0.21519555929354472,1.059088959446791,6.671062338099887,1,13.64894734454414,12.179270426432254,3.2494164137142523,ECMWF/ERA5_LAND/DAILY_AGGR,2007-08-31,2007-08-01,2007,"{""type"":""Point"",""coordinates"":[142.7,-31.080000000000002]}"
00000000000000000224,605,8,-27.2667,152.6833,36.543023586091294,3.477989011335168,7.664724899616929,107.8176593513902,9,13.976147670130597,4.898430506388365,1.0635740857520855,ECMWF/ERA5_LAND/DAILY_AGGR,2014-08-31,2014-08-01,2014,"{""type"":""Point"",""coordinates"":[152.6833,-27.266700000000004]}"
0000000000000000023f,636,8,-38.38,141.6,,,,,,,,,ECMWF/ERA5_LAND/DAILY_AGGR,2000-08-31,2000-08-01,2000,"{""type"":""Point"",""coordinates"":[141.6,-38.38]}"
00000000000000000240,637,8,-38.38,141.6,,,,,,,,,ECMWF/ERA5_LAND/DAILY_AGGR,2001-08-31,2001-08-01,2001,"{""type"":""Point"",""coordinates"":[141.6,-38.38]}"
00000000000000000241,638,8,-38.38,141.6,,,,,,,,,ECMWF/ERA5_LAND/DAILY_AGGR,2002-08-31,2002-08-01,2002,"{""type"":""Point"",""coordinates"":[141.6,-38.38]}"
00000000000000000043,72,9,-24.38,-128.32,,,,,,,,,ECMWF/ERA5_LAND/DAILY_AGGR,1991-09-30,1991-09-01,1991,"{""type"":""Point"",""coordinates"":[-128.32000000000002,-24.380000000000003]}"
000000000000000000e1,230,9,-36.6,174.88,,,,,,,,,ECMWF/ERA5_LAND/DAILY_AGGR,2004-09-30,2004-09-01,2004,"{""type"":""Point"",""coordinates"":[174.88,-36.6]}"
000000000000000000e2,231,9,-36.6,174.88,,,,,,,,,ECMWF/ERA5_LAND/DAILY_AGGR,2005-09-30,2005-09-01,2005,"{""type"":""Point"",""coordinates"":[174.88,-36.6]}"
000000000000000000e3,232,9,-36.6,174.88,,,,,,,,,ECMWF/ERA5_LAND/DAILY_AGGR,2006-09-30,2006-09-01,2006,"{""type"":""Point"",""coordinates"":[174.88,-36.6]}"
000000000000000000e4,233,9,-36.6,174.88,,,,,,,,,ECMWF/ERA5_LAND/DAILY_AGGR,2007-09-30,2007-09-01,2007,"{""type"":""Point"",""coordinates"":[174.88,-36.6]}"
000000000000000000e5,234,9,-36.6,174.88,,,,,,,,,ECMWF/ERA5_LAND/DAILY_AGGR,2008-09-30,2008-09-01,2008,"{""type"":""Point"",""coordinates"":[174.88,-36.6]}"
000000000000000000e6,235,9,-36.6,174.88,,,,,,,,,ECMWF/ERA5_LAND/DAILY_AGGR,2009-09-30,2009-09-01,2009,"{""type"":""Point"",""coordinates"":[174.88,-36.6]}"
000000000000000000e7,236,9,-36.6,174.88,,,,,,,,,ECMWF/ERA5_LAND/DAILY_AGGR,2010-09-30,2010-09-01,2010,"{""type"":""Point"",""coordinates"":[174.88,-36.6]}"
0000000000000000017c,400,9,-46.9,168.1,,,,,,,,,ECMWF/ERA5_LAND/DAILY_AGGR,2001-09-30,2001-09-01,2001,"{""type"":""Point"",""coordinates"":[168.1,-46.900000000000006]}"
0000000000000000017d,401,9,-46.9,168.1,,,,,,,,,ECMWF/ERA5_LAND/DAILY_AGGR,2002-09-30,2002-09-01,2002,"{""type"":""Point"",""coordinates"":[168.1,-46.900000000000006]}"
0000000000000000017e,402,9,-46.9,168.1,,,,,,,,,ECMWF/ERA5_LAND/DAILY_AGGR,2003-09-30,2003-09-01,2003,"{""type"":""Point"",""coordinates"":[168.1,-46.900000000000006]}"
0000000000000000017f,403,9,-46.9,168.1,,,,,,,,,ECMWF/ERA5_LAND/DAILY_AGGR,2004-09-30,2004-09-01,2004,"{""type"":""Point"",""coordinates"":[168.1,-46.900000000000006]}"
00000000000000000180,404,9,-46.9,168.1,,,,,,,,,ECMWF/ERA5_LAND/DAILY_AGGR,2005-09-30,2005-09-01,2005,"{""type"":""Point"",""coordinates"":[168.1,-46.900000000000006]}"
00000000000000000181,405,9,-46.9,168.1,,,,,,,,,ECMWF/ERA5_LAND/DAILY_AGGR,2006-09-30,2006-09-01,2006,"{""type"":""Point"",""coordinates"":[168.1,-46.900000000000006]}"
0000000000000000019a,437,9,-35.45,149.28,19.935059547322,1.5410146290593711,4.170095003173095,46.23043887178113,4,8.86157400343156,11.30566151936847,2.7273728454232558,ECMWF/ERA5_LAND/DAILY_AGGR,2002-09-30,2002-09-01,2002,"{""type"":""Point"",""coordinates"":[149.28,-35.449999999999996]}"
0000000000000000019b,438,9,-35.45,149.28,11.843526363367829,1.1180081154994543,2.427596499439501,33.54024346498363,6,7.784935209486241,13.184236526489258,3.0188239411020943,ECMWF/ERA5_LAND/DAILY_AGGR,2003-09-30,2003-09-01,2003,"{""type"":""Point"",""coordinates"":[149.28,-35.449999999999996]}"
0000000000000000019c,439,9,-35.45,149.28,24.33145046234131,2.2159142832261836,4.8975438921977235,66.4774284967855,9,8.407942326863628,10.787197748820006,3.0316073312774696,ECMWF/ERA5_LAND/DAILY_AGGR,2004-09-30,2004-09-01,2004,"{""type"":""Point"",""coordinates"":[149.28,-35.449999999999996]}"
000000000000000001af,472,9,-34.35,139.4833,2.9191947769504623,0.2624364995201726,0.5737864153576467,7.873094985605178,2,13.913383547465031,11.412086486816406,3.082083452522853,ECMWF/ERA5_LAND/DAILY_AGGR,2012-09-30,2012-09-01,2012,"{""type"":""Point"",""coordinates"":[139.4833,-34.35]}"
000000000000000001b0,473,9,-34.35,139.4833,17.683333158402093,1.0479383343460806,3.1933690749271904,31.438150030382417,4,16.086534521314853,10.775858561197936,2.907684991777643,ECMWF/ERA5_LAND/DAILY_AGGR,2013-09-30,2013-09-01,2013,"{""type"":""Point"",""coordinates"":[139.4833,-34.35]}"
000000000000000001b1,474,9,-34.35,139.4833,3.1049579381488,0.43944858632774714,0.7717485993322275,13.183457589832415,7,14.06037033928767,12.915592829386412,3.128701210527722,ECMWF/ERA5_LAND/DAILY_AGGR,2014-09-30,2014-09-01,2014,"{""type"":""Point"",""coordinates"":[139.4833,-34.35]}"
000000000000000001b2,475,9,-34.35,139.4833,10.66550910462638,0.6737961264814629,2.009245366602741,20.213883794443888,3,13.081850475735155,10.129873911539676,2.3602349148881703,ECMWF/ERA5_LAND/DAILY_AGGR,2015-09-30,2015-09-01,2015,"{""type"":""Point"",""coordinates"":[139.4833,-34.35]}"
000000000000000001e4,535,9,-15.76,-47.86,6.289984570052809,0.48653708636787013,1.2891172418627308,14.596112591036103,4,23.35306826697458,7.456925710042356,2.0117434432385806,ECMWF/ERA5_LAND/DAILY_AGGR,2013-09-30,2013-09-01,2013,"{""type"":""Point"",""coordinates"":[-47.86000000000001,-15.76]}"
000000000000000001e5,536,9,-15.76,-47.86,9.573082040674308,0.5132083408265468,1.7656346287420224,15.396250224796404,4,24.469181103176552,7.610860824584961,2.0355278234094536,ECMWF/ERA5_LAND/DAILY_AGGR,2014-09-30,2014-09-01,2014,"{""type"":""Point"",""coordinates"":[-47.86000000000001,-15.76]}"
000000000000000001e6,537,9,-15.76,-47.86,15.389626214698637,1.0286702605451836,3.0254753957744893,30.86010781635551,4,25.142687606811545,5.248048782348633,1.4145317526177827,ECMWF/ERA5_LAND/DAILY_AGGR,2015-09-30,2015-09-01,2015,"{""type"":""Point"",""coordinates"":[-47.86000000000001,-15.76]}"
000000000000000001ea,543,9,-30.6333,-71.6667,,,,,,,,,ECMWF/ERA5_LAND/DAILY_AGGR,2012-09-30,2012-09-01,2012,"{""type"":""Point"",""coordinates"":[-71.6667,-30.6333]}"
000000000000000001eb,544,9,-30.6333,-71.6667,,,,,,,,,ECMWF/ERA5_LAND/DAILY_AGGR,2013-09-30,2013-09-01,2013,"{""type"":""Point"",""coordinates"":[-71.6667,-30.6333]}"
000000000000000001ec,545,9,-30.6333,-71.6667,,,,,,,,,ECMWF/ERA5_LAND/DAILY_AGGR,2014-09-30,2014-09-01,2014,"{""type"":""Point"",""coordinates"":[-71.6667,-30.6333]}"
000000000000000001ed,546,9,-30.6333,-71.6667,,,,,,,,,ECMWF/ERA5_LAND/DAILY_AGGR,2015-09-30,2015-09-01,2015,"{""type"":""Point"",""coordinates"":[-71.6667,-30.6333]}"
000000000000000001ee,547,9,-30.6333,-71.6667,,,,,,,,,ECMWF/ERA5_LAND/DAILY_AGGR,2016-09-30,2016-09-01,2016,"{""type"":""Point"",""coordinates"":[-71.6667,-30.6333]}"
000000000000000001ef,548,9,-30.6333,-71.6667,,,,,,,,,ECMWF/ERA5_LAND/DAILY_AGGR,2017-09-30,2017-09-01,2017,"{""type"":""Point"",""coordinates"":[-71.6667,-30.6333]}"
00000000000000000225,606,9,-27.2667,152.6833,15.60470461845398,1.1469417703514988,2.8574578788506604,34.40825311054496,7,16.058743921915713,6.561408360799135,1.3576738810320723,ECMWF/ERA5_LAND/DAILY_AGGR,2015-09-30,2015-09-01,2015,"{""type"":""Point"",""coordinates"":[152.6833,-27.266700000000004]}"
0000000000000000022e,619,9,-47.75,-65.8833,2.1472334860845876,0.2645103456877962,0.5267582842748841,7.935310370633886,2,8.015133052402094,8.154938379923465,1.8665867445724589,ECMWF/ERA5_LAND/DAILY_AGGR,2010-09-30,2010-09-01,2010,"{""type"":""Point"",""coordinates"":[-65.8833,-47.74999999999999]}"
0000000000000000022f,620,9,-47.75,-65.8833,5.604073405265808,0.5900999009041877,1.2973014047343634,17.702997027125633,4,7.954833793640161,11.003082275390625,2.7560873624174524,ECMWF/ERA5_LAND/DAILY_AGGR,2011-09-30,2011-09-01,2011,"{""type"":""Point"",""coordinates"":[-65.8833,-47.74999999999999]}"
00000000000000000014,25,10,-54.5,158.95,,,,,,,,,ECMWF/ERA5_LAND/DAILY_AGGR,1991-10-31,1991-10-01,1991,"{""type"":""Point"",""coordinates"":[158.95,-54.5]}"
0000000000000000003f,68,10,-0.35,-78.15,22.69303202628592,5.0860944775935435,5.44476356675536,157.66892880539984,26,5.85092264401018,1.66646703084308,0.4301045406345546,ECMWF/ERA5_LAND/DAILY_AGGR,2006-10-31,2006-10-01,2006,"{""type"":""Point"",""coordinates"":[-78.15,-0.35]}"
00000000000000000088,141,10,-41.05,-62.8,,,,,,,,,ECMWF/ERA5_LAND/DAILY_AGGR,1998-10-31,1998-10-01,1998,"{""type"":""Point"",""coordinates"":[-62.8,-41.04999999999999]}"
00000000000000000089,142,10,-41.05,-62.8,,,,,,,,,ECMWF/ERA5_LAND/DAILY_AGGR,1999-10-31,1999-10-01,1999,"{""type"":""Point"",""coordinates"":[-62.8,-41.04999999999999]}"
0000000000000000010c,275,10,-54.73,-68.2,9.069502352758718,2.0354475226264137,1.93748863258079,63.098873201418826,20,3.3192657429685126,6.071016947428404,1.7790453526791443,ECMWF/ERA5_LAND/DAILY_AGGR,2006-10-31,2006-10-01,2006,"{""type"":""Point"",""coordinates"":[-68.2,-54.73]}"
0000000000000000010d,276,10,-54.73,-68.2,9.408629013080372,2.4527796530667083,2.258880186920006,76.03616924506795,21,1.189483630272669,5.832101821899414,1.5222352155263188,ECMWF/ERA5_LAND/DAILY_AGGR,2007-10-31,2007-10-01,2007,"{""type"":""Point"",""coordinates"":[-68.2,-54.73]}"
0000000000000000010e,277,10,-54.73,-68.2,11.061177981275705,2.225533988888835,2.546543504799933,68.99155365555387,15,2.9196570283623373,9.507148742675781,2.255474960277525,ECMWF/ERA5_LAND/DAILY_AGGR,2008-10-31,2008-10-01,2008,"{""type"":""Point"",""coordinates"":[-68.2,-54.73]}"
0000000000000000010f,278,10,-54.73,-68.2,14.314714786735294,2.4291514496108526,3.1416424074211697,75.30369493793643,19,0.42182738601522834,4.80600611368817,1.3661515069638026,ECMWF/ERA5_LAND/DAILY_AGGR,2009-10-31,2009-10-01,2009,"{""type"":""Point"",""coordinates"":[-68.2,-54.73]}"
00000000000000000113,282,10,-54.0,-38.0,,,,,,,,,ECMWF/ERA5_LAND/DAILY_AGGR,1998-10-31,1998-10-01,1998,"{""type"":""Point"",""coordinates"":[-38.0,-54.0]}"
00000000000000000114,283,10,-54.0,-38.0,,,,,,,,,ECMWF/ERA5_LAND/DAILY_AGGR,1999-10-31,1999-10-01,1999,"{""type"":""Point"",""coordinates"":[-38.0,-54.0]}"
00000000000000000115,284,10,-54.0,-38.0,,,,,,,,,ECMWF/ERA5_LAND/DAILY_AGGR,1998-10-31,1998-10-01,1998,"{""type"":""Point"",""coordinates"":[-38.0,-54.0]}"
00000000000000000116,285,10,-54.0,-38.0,,,,,,,,,ECMWF/ERA5_LAND/DAILY_AGGR,1999-10-31,1999-10-01,1999,"{""type"":""Point"",""coordinates"":[-38.0,-54.0]}"
00000000000000000124,299,10,-15.93,-47.93,11.663350462868038,0.9189343218934477,2.4069025036996807,28.486963978696878,5,24.693000022313957,6.247905731201172,1.707605302995241,ECMWF/ERA5_LAND/DAILY_AGGR,2008-10-31,2008-10-01,2008,"{""type"":""Point"",""coordinates"":[-47.92999999999999,-15.930000000000005]}"
00000000000000000125,300,10,-15.93,-47.93,17.387497424977028,7.121598250581115,5.0770653930740375,220.76954576801455,30,21.997849626438615,3.516043980916379,0.7451750280117697,ECMWF/ERA5_LAND/DAILY_AGGR,2009-10-31,2009-10-01,2009,"{""type"":""Point"",""coordinates"":[-47.92999999999999,-15.930000000000005]}"
00000000000000000126,301,10,-15.93,-47.93,34.98894139920594,5.581377891783264,8.251025792135868,173.02271464528118,19,23.36989251823838,6.899401982625307,1.668938322993663,ECMWF/ERA5_LAND/DAILY_AGGR,2010-10-31,2010-10-01,2010,"{""type"":""Point"",""coordinates"":[-47.92999999999999,-15.930000000000005]}"
0000000000000000014a,337,10,-17.37,125.75,3.670722246170044,0.4892053703071592,1.0141022735641203,15.165366479521936,6,31.70273289424119,5.678587595621764,1.122483300862417,ECMWF/ERA5_LAND/DAILY_AGGR,1998-10-31,1998-10-01,1998,"{""type"":""Point"",""coordinates"":[125.74999999999999,-17.37]}"
0000000000000000014b,338,10,-17.37,125.75,8.586481213569641,0.8249029241411903,1.7816480152864502,25.571990648376897,7,29.36608975728354,7.382613499959291,1.6840263092259513,ECMWF/ERA5_LAND/DAILY_AGGR,1999-10-31,1999-10-01,1999,"{""type"":""Point"",""coordinates"":[125.74999999999999,-17.37]}"
0000000000000000014c,339,10,-17.37,125.75,21.58113718030563,1.6227865081811117,4.146465910097985,50.30638175361446,8,28.248888680242747,12.920572916666686,3.237477846824549,ECMWF/ERA5_LAND/DAILY_AGGR,2000-10-31,2000-10-01,2000,"{""type"":""Point"",""coordinates"":[125.74999999999999,-17.37]}"
0000000000000000014d,340,10,-17.37,125.75,0.29721856117248535,0.01831563322742025,0.06610222625914038,0.5677846300500278,0,29.93086485503824,6.136404037475586,1.6718582963987862,ECMWF/ERA5_LAND/DAILY_AGGR,2003-10-31,2003-10-01,2003,"{""type"":""Point"",""coordinates"":[125.74999999999999,-17.37]}"
0000000000000000014e,341,10,-17.37,125.75,1.1108663408094799,0.06935639733881309,0.2308414970199715,2.150048317503206,1,31.81572145851711,4.27005704243976,0.9880511370991865,ECMWF/ERA5_LAND/DAILY_AGGR,2004-10-31,2004-10-01,2004,"{""type"":""Point"",""coordinates"":[125.74999999999999,-17.37]}"
0000000000000000014f,342,10,-17.37,125.75,0.3966689109802246,0.022512309309221226,0.07937873056644332,0.697881588585858,0,31.664523881481554,5.535497665405273,1.5397204744481845,ECMWF/ERA5_LAND/DAILY_AGGR,2005-10-31,2005-10-01,2005,"{""type"":""Point"",""coordinates"":[125.74999999999999,-17.37]}"
00000000000000000150,343,10,-17.37,125.75,22.175008058468393,1.0528904296829145,3.973541362375484,32.63960332017035,4,29.94474089837846,5.732259750366211,1.4710430535846828,ECMWF/ERA5_LAND/DAILY_AGGR,2006-10-31,2006-10-01,2006,"{""type"":""Point"",""coordinates"":[125.74999999999999,-17.37]}"
00000000000000000151,344,10,-17.37,125.75,0.17771422858459118,0.007873072234011421,0.03176879615373034,0.24406523925435408,0,30.672619550971593,5.710816701253236,1.363313911477045,ECMWF/ERA5_LAND/DAILY_AGGR,2007-10-31,2007-10-01,2007,"{""type"":""Point"",""coordinates"":[125.74999999999999,-17.37]}"
00000000000000000152,345,10,-34.33,139.03,21.93366289128562,2.371925092434607,4.3987763032392095,73.52967786547282,13,13.789696240168771,10.534133911132812,3.1062783814582375,ECMWF/ERA5_LAND/DAILY_AGGR,1992-10-31,1992-10-01,1992,"{""type"":""Point"",""coordinates"":[139.03,-34.330000000000005]}"
00000000000000000153,346,10,-34.33,139.03,21.18822932243347,2.439027004679555,5.466085786392944,75.6098371450662,9,13.599421129944526,12.786233901977539,3.3266224696651228,ECMWF/ERA5_LAND/DAILY_AGGR,1993-10-31,1993-10-01,1993,"{""type"":""Point"",""coordinates"":[139.03,-34.330000000000005]}"
00000000000000000154,347,10,-34.33,139.03,32.32094034689226,1.9841217317257533,5.779183287946214,61.50777368349836,8,13.956790009365314,15.23116366068524,3.7947532510613295,ECMWF/ERA5_LAND/DAILY_AGGR,1995-10-31,1995-10-01,1995,"{""type"":""Point"",""coordinates"":[139.03,-34.330000000000005]}"
00000000000000000155,348,10,-34.33,139.03,9.871476888651642,0.6413749570478399,1.8146320792022428,19.882623668483035,4,14.084602651288458,13.607104619344113,3.937317216939184,ECMWF/ERA5_LAND/DAILY_AGGR,1996-10-31,1996-10-01,1996,"{""type"":""Point"",""coordinates"":[139.03,-34.330000000000005]}"
00000000000000000156,349,10,-34.33,139.03,59.931552410091626,2.7659209865454213,10.859561051802388,85.74355058290806,3,14.446524207822758,17.863791783650697,4.400989357906259,ECMWF/ERA5_LAND/DAILY_AGGR,1997-10-31,1997-10-01,1997,"{""type"":""Point"",""coordinates"":[139.03,-34.330000000000005]}"
00000000000000000157,350,10,-34.33,139.03,11.248109925418248,1.3108188666568632,2.6125579348237435,40.635384866362756,8,13.484549930531507,12.147176742553711,3.514202567599576,ECMWF/ERA5_LAND/DAILY_AGGR,1998-10-31,1998-10-01,1998,"{""type"":""Point"",""coordinates"":[139.03,-34.330000000000005]}"
00000000000000000162,361,10,-34.35,139.5,17.417955398457252,1.7255973199864674,3.48525297242944,53.493516919580486,9,15.400284067789736,10.672595977783203,3.1115087176354104,ECMWF/ERA5_LAND/DAILY_AGGR,1992-10-31,1992-10-01,1992,"{""type"":""Point"",""coordinates"":[139.5,-34.35]}"
00000000000000000163,362,10,-34.35,139.5,21.59452358012004,2.1651128982490087,5.381871764842764,67.11849984571927,7,15.10104085860716,13.122008641560853,3.2218837755733296,ECMWF/ERA5_LAND/DAILY_AGGR,1993-10-31,1993-10-01,1993,"{""type"":""Point"",""coordinates"":[139.5,-34.35]}"
00000000000000000164,363,10,-34.35,139.5,36.008828730757614,2.1207322127726145,6.467570629217539,65.74269859595105,7,15.28048372576316,14.374230066935183,3.5367203238184395,ECMWF/ERA5_LAND/DAILY_AGGR,1995-10-31,1995-10-01,1995,"{""type"":""Point"",""coordinates"":[139.5,-34.35]}"
00000000000000000165,364,10,-34.35,139.5,7.618391513819489,0.5247315513181153,1.4344347096257144,16.266678090861575,5,15.896519863990072,13.199648539225223,3.883150499241089,ECMWF/ERA5_LAND/DAILY_AGGR,1996-10-31,1996-10-01,1996,"{""type"":""Point"",""coordinates"":[139.5,-34.35]}"
00000000000000000166,365,10,-34.35,139.5,45.58906555172371,2.2398321258182956,8.53620987542956,69.43479590036716,3,16.226821271834858,17.35874621073407,4.277447774485159,ECMWF/ERA5_LAND/DAILY_AGGR,1997-10-31,1997-10-01,1997,"{""type"":""Point"",""coordinates"":[139.5,-34.35]}"
00000000000000000167,366,10,-34.35,139.5,8.4427875167421,0.8900148813687968,1.849242844572525,27.590461322432702,6,15.129367323844686,12.304009119669558,3.4643364213908043,ECMWF/ERA5_LAND/DAILY_AGGR,1998-10-31,1998-10-01,1998,"{""type"":""Point"",""coordinates"":[139.5,-34.35]}"
00000000000000000168,367,10,-0.37,36.08,14.317104220385346,3.576668028525402,4.1957718905178405,110.87670888428747,18,17.403269088909216,2.1847184499105197,0.5069863654073534,ECMWF/ERA5_LAND/DAILY_AGGR,1982-10-31,1982-10-01,1982,"{""type"":""Point"",""coordinates"":[36.08,-0.37]}"
00000000000000000169,368,10,-0.37,36.08,42.583733797073364,6.963396980289933,8.137209614421188,215.86530638898793,25,17.058165548181044,2.3357359568278184,0.5672604265111268,ECMWF/ERA5_LAND/DAILY_AGGR,1983-10-31,1983-10-01,1983,"{""type"":""Point"",""coordinates"":[36.08,-0.37]}"
0000000000000000016a,369,10,-0.37,36.08,17.492002069388946,3.8367104302440818,4.7783870761590235,118.93802333756653,16,17.42395194679181,3.767669677734375,0.8996832649425405,ECMWF/ERA5_LAND/DAILY_AGGR,1984-10-31,1984-10-01,1984,"{""type"":""Point"",""coordinates"":[36.08,-0.37]}"
000000000000000001d6,512,10,61.3,-22.5,,,,,,,,,ECMWF/ERA5_LAND/DAILY_AGGR,2011-10-31,2011-10-01,2011,"{""type"":""Point"",""coordinates"":[-22.5,61.300000000000004]}"
000000000000000001e7,540,10,-28.05,-64.25,36.4417374134014,2.2293977157816136,6.656882622761013,69.11132918923002,7,22.92770054314729,12.984986623128293,3.0757272421925417,ECMWF/ERA5_LAND/DAILY_AGGR,2008-10-31,2008-10-01,2008,"{""type"":""Point"",""coordinates"":[-64.25,-28.050000000000004]}"
000000000000000001e8,541,10,-28.05,-64.25,9.455361093330339,0.3836892412013893,1.6724021571567425,11.894366477243068,2,25.165931258663072,22.049752553304018,5.017669238530637,ECMWF/ERA5_LAND/DAILY_AGGR,2009-10-31,2009-10-01,2009,"{""type"":""Point"",""coordinates"":[-64.25,-28.050000000000004]}"
000000000000000001e9,542,10,-28.05,-64.25,11.423714820125497,1.182484927697039,2.6959292157090498,36.65703275860821,7,21.86940423698838,12.456280390421568,2.946549798549767,ECMWF/ERA5_LAND/DAILY_AGGR,2010-10-31,2010-10-01,2010,"{""type"":""Point"",""coordinates"":[-64.25,-28.050000000000004]}"
000000000000000001f0,549,10,-55.0667,-67.6667,4.711776971817017,1.2909389436441965,1.1368029126419696,40.01910725297009,14,3.274194643574399,9.703627904256166,2.190751048476951,ECMWF/ERA5_LAND/DAILY_AGGR,2010-10-31,2010-10-01,2010,"{""type"":""Point"",""coordinates"":[-67.6667,-55.0667]}"
000000000000000001f1,550,10,-55.0667,-67.6667,5.494067072866926,1.3923057450479486,1.3387420806233266,43.161478096486405,16,2.5332613175915344,7.938439687093137,2.231634660838529,ECMWF/ERA5_LAND/DAILY_AGGR,2011-10-31,2011-10-01,2011,"{""type"":""Point"",""coordinates"":[-67.6667,-55.0667]}"
000000000000000001f2,551,10,-55.0667,-67.6667,16.71755611886283,3.3278966360218107,3.2410625914005724,103.16479571667614,26,2.0332125674012125,6.615480422973633,1.750725678778292,ECMWF/ERA5_LAND/DAILY_AGGR,2012-10-31,2012-10-01,2012,"{""type"":""Point"",""coordinates"":[-67.6667,-55.0667]}"
000000000000000001f3,552,10,-55.0667,-67.6667,9.868304141541273,2.437159707470196,2.5312236061574316,75.55195093157607,19,2.798700279317898,10.53533871968591,2.412029182881093,ECMWF/ERA5_LAND/DAILY_AGGR,2013-10-31,2013-10-01,2013,"{""type"":""Point"",""coordinates"":[-67.6667,-55.0667]}"
000000000000000001f4,553,10,-55.0667,-67.6667,14.19028937806388,2.977973328962167,3.4867070343933597,92.31717319782717,19,2.454012273973055,10.097024281819643,2.4783172213537648,ECMWF/ERA5_LAND/DAILY_AGGR,2014-10-31,2014-10-01,2014,"{""type"":""Point"",""coordinates"":[-67.6667,-55.0667]}"
000000000000000001f5,554,10,-55.0667,-67.6667,13.061943650143348,2.0042658007005842,2.726151388083255,62.132239821718116,17,1.5574464777464692,8.677361170450865,2.130277131176537,ECMWF/ERA5_LAND/DAILY_AGGR,2015-10-31,2015-10-01,2015,"{""type"":""Point"",""coordinates"":[-67.6667,-55.0667]}"
00000000000000000206,571,10,-35.5667,-58.0167,10.323797084652142,1.175242374021109,2.4437112437110198,36.43251359465438,8,16.11331353956656,9.205767313639342,2.6671020242408003,ECMWF/ERA5_LAND/DAILY_AGGR,2013-10-31,2013-10-01,2013,"{""type"":""Point"",""coordinates"":[-58.01669999999999,-35.5667]}"
00000000000000000207,572,10,-35.5667,-58.0167,85.22722423066398,5.424366661135914,15.647921525344849,168.15536649521334,9,17.607739487514724,15.173269907633482,3.431032840892083,ECMWF/ERA5_LAND/DAILY_AGGR,2014-10-31,2014-10-01,2014,"{""type"":""Point"",""coordinates"":[-58.01669999999999,-35.5667]}"
00000000000000000208,573,10,-35.5667,-58.0167,11.56674623479148,1.5308414890934696,2.4674663361531226,47.45608616189756,11,13.654932091825778,10.789000829060853,2.67111280728982,ECMWF/ERA5_LAND/DAILY_AGGR,2015-10-31,2015-10-01,2015,"{""type"":""Point"",""coordinates"":[-58.01669999999999,-35.5667]}"
0000000000000000020c,581,10,-32.6333,-69.3667,15.921443700790405,2.4913664941879365,3.515641635984445,77.23236131982603,15,3.3691221749911,13.499799092610715,3.267715059389481,ECMWF/ERA5_LAND/DAILY_AGGR,2015-10-31,2015-10-01,2015,"{""type"":""Point"",""coordinates"":[-69.3667,-32.633300000000006]}"
0000000000000000020d,582,10,-32.6333,-69.3667,4.258319735527039,1.081270051085632,1.2072781714634129,33.51937158365459,12,7.292672667964842,10.365109125773131,2.1910225165863064,ECMWF/ERA5_LAND/DAILY_AGGR,2016-10-31,2016-10-01,2016,"{""type"":""Point"",""coordinates"":[-69.3667,-32.633300000000006]}"
0000000000000000020e,583,10,-32.6333,-69.3667,6.478413939476013,0.5921499694740912,1.5835843905475437,18.356649053696827,3,6.075830221688903,11.939741134643555,3.3668349939533653,ECMWF/ERA5_LAND/DAILY_AGGR,2017-10-31,2017-10-01,2017,"{""type"":""Point"",""coordinates"":[-69.3667,-32.633300000000006]}"
00000000000000000226,607,10,-27.2667,152.6833,17.63547680945976,1.0865916883623121,3.214456680067386,33.68434233923168,6,19.141147970384186,7.857997894287109,1.8843269323625411,ECMWF/ERA5_LAND/DAILY_AGGR,2016-10-31,2016-10-01,2016,"{""type"":""Point"",""coordinates"":[152.6833,-27.266700000000004]}"
00000000000000000248,645,10,-22.5,-47.5833,32.36642941709533,4.671238008822205,7.088729932190996,144.80837827348836,17,22.282043239634554,10.112911224365234,2.4227317853843044,ECMWF/ERA5_LAND/DAILY_AGGR,2011-10-31,2011-10-01,2011,"{""type"":""Point"",""coordinates"":[-47.5833,-22.500000000000004]}"
00000000000000000011,22,11,-46.42,51.75,,,,,,,,,ECMWF/ERA5_LAND/DAILY_AGGR,2001-11-30,2001-11-01,2001,"{""type"":""Point"",""coordinates"":[51.75,-46.42]}"
0000000000000000003e,67,11,-15.95,-47.93,28.367647528568796,7.737385380653923,6.952852155353707,232.1215614196177,26,20.718597200181776,2.2855122884114962,0.5850118827577792,ECMWF/ERA5_LAND/DAILY_AGGR,1999-11-30,1999-11-01,1999,"{""type"":""Point"",""coordinates"":[-47.92999999999999,-15.950000000000001]}"
00000000000000000046,75,11,-31.67,-62.82,58.176281720079714,6.229159948779639,12.893146957765625,186.87479846338917,13,19.74336435529923,9.83369000752765,2.13071103575963,ECMWF/ERA5_LAND/DAILY_AGGR,2000-11-30,2000-11-01,2000,"{""type"":""Point"",""coordinates"":[-62.82,-31.67]}"
00000000000000000095,154,11,-46.87,37.68,11.114651675995901,2.38750230356762,2.825311172325677,71.6250691070286,16,4.058656777275958,5.209770202636719,1.3132696186982984,ECMWF/ERA5_LAND/DAILY_AGGR,2007-11-30,2007-11-01,2007,"{""type"":""Point"",""coordinates"":[37.68000000000001,-46.870000000000005]}"
00000000000000000096,155,11,-46.87,37.68,22.592782974243164,3.342476547014428,4.69809481709433,100.27429641043284,17,4.424459245469859,5.243349075317383,1.3345188382093838,ECMWF/ERA5_LAND/DAILY_AGGR,2008-11-30,2008-11-01,2008,"{""type"":""Point"",""coordinates"":[37.68000000000001,-46.870000000000005]}"
00000000000000000097,156,11,-46.87,37.68,18.740326166152954,3.544516023790223,4.827984325999544,106.33548071370669,19,4.942800945705861,7.002764383951785,1.8284913643772722,ECMWF/ERA5_LAND/DAILY_AGGR,2009-11-30,2009-11-01,2009,"{""type"":""Point"",""coordinates"":[37.68000000000001,-46.870000000000005]}"
00000000000000000199,433,11,-74.35,165.13,,,,,,,,,ECMWF/ERA5_LAND/DAILY_AGGR,1998-11-30,1998-11-01,1998,"{""type"":""Point"",""coordinates"":[165.13,-74.35]}"
00000000000000000227,608,11,-27.2667,152.6833,48.33211004728355,4.416744107734634,9.216125515544345,132.50232323203903,20,19.63092193603518,6.363326390584291,1.8271011672022432,ECMWF/ERA5_LAND/DAILY_AGGR,2017-11-30,2017-11-01,2017,"{""type"":""Point"",""coordinates"":[152.6833,-27.266700000000004]}"
00000000000000000243,640,11,-39.6333,177.0833,,,,,,,,,ECMWF/ERA5_LAND/DAILY_AGGR,2005-11-30,2005-11-01,2005,"{""type"":""Point"",""coordinates"":[177.08330000000004,-39.6333]}"
00000000000000000012,23,12,-49.25,69.53,28.921938166774908,4.99503575057136,5.774097404832459,154.84610826771217,24,4.1122207518547,4.6934134165445585,1.2761572414939446,ECMWF/ERA5_LAND/DAILY_AGGR,2002-12-31,2002-12-01,2002,"{""type"":""Point"",""coordinates"":[69.53,-49.25]}"
0000000000000000002e,51,12,-51.72,-61.28,,,,,,,,,ECMWF/ERA5_LAND/DAILY_AGGR,2006-12-31,2006-12-01,2006,"{""type"":""Point"",""coordinates"":[-61.28000000000001,-51.72]}"
00000000000000000093,152,12,-54.0,-38.0,,,,,,,,,ECMWF/ERA5_LAND/DAILY_AGGR,1998-12-31,1998-12-01,1998,"{""type"":""Point"",""coordinates"":[-38.0,-54.0]}"
00000000000000000094,153,12,-54.0,-38.0,,,,,,,,,ECMWF/ERA5_LAND/DAILY_AGGR,1999-12-31,1999-12-01,1999,"{""type"":""Point"",""coordinates"":[-38.0,-54.0]}"
