epp_row_id,id_reference,scientific_name,Clements_name,order,family,family_common,scientific_name_jetz,breeding_system,level,common_name,lat,long,nest_box,marker_type,year_of_study_start,year_of_study_end,breeding_start,breeding_end,epp_percent_broods,n_epp_broods,n_wpp_broods,n_broods_sampled,record_id,lon,climate_year,climate_month,location_id,tmp_cru_C_first_month,tmp_long_base_1961_1989_C_first_month,tmp_long_anom_1961_1989_C_first_month,tmp_short_base_5yr_C_first_month,tmp_short_anom_5yr_C_first_month,original_end_month,tmp_cru_C_full_season,tmp_long_base_1961_1989_C_full_season,tmp_long_anom_1961_1989_C_full_season,tmp_short_base_5yr_C_full_season,tmp_short_anom_5yr_C_full_season,n_months_full_season,pre_cru_mm_first_month,pre_long_base_1961_1989_mm_first_month,pre_long_anom_1961_1989_mm_first_month,pre_short_base_5yr_mm_first_month,pre_short_anom_5yr_mm_first_month,pre_cru_mm_full_season,pre_long_base_1961_1989_mm_full_season,pre_long_anom_1961_1989_mm_full_season,pre_short_base_5yr_mm_full_season,pre_short_anom_5yr_mm_full_season,n_months_pre_full_season,dtr_cru_C_first_month,dtr_cru_C_full_season,breeding_start_month_num,breeding_end_month_num,breeding_season_length_months,ndvi_can_first_month,ndvi_can_full_season,ndvi_start_month,ndvi_end_month,ndvi_year,ndvi_lat,ndvi_lon,ndvi_first_month_median_30km,ndvi_full_season_median_30km,ndvi_merge_status,ndvi_coord_match_round4,lat_round,long_round,abs_latitude,population_id,distance_to_coast_km,era5_year,era5_first_month,era5_latitude,era5_longitude,era5_weather_start_date,era5_weather_end_date,era5_weather_dataset,era5_pre_max_mm_day_first_month,era5_pre_mean_mm_day_first_month,era5_pre_sd_mm_day_first_month,era5_pre_sum_mm_first_month,era5_pre_wet_days_gt1mm_first_month,era5_tmp_mean_C_first_month,era5_tmp_range_C_first_month,era5_tmp_sd_C_first_month
1,179Gibbs1994,Gallinula_mortierii,Tribonyx_mortierii,Gruiformes,Rallidae,"Rails, Gallinules, and Coots",Gallinula_mortierii,polyandry_polygynandry,single-year study,Tasmanian_native-hen,-42.63,148.0614,no,DNA fingerprinting,1989,1989,July,September,0.0,0.0,6.0,6.0,1,148.0614,1989,7.0,1.0,7.599999905,7.786207002,-0.186207097,8.000000095,-0.400000191,9.0,8.733333429,8.805747317,-0.072413888,9.113333416,-0.379999987,3.0,82.20000458,71.38275969,10.81724489,72.20000076,10.00000381,161.7000084,199.0724178,-37.37240943,201.3600044,-39.65999603,3.0,9.100000381,10.00000032,7.0,9.0,3.0,1.0,1.0,7.0,9.0,1989.0,-42.63,148.0614,0.337621954,0.332107695,both,True,-42.63,148.06,42.63,Gallinula_mortierii_-42.63_148.06,1.787452658,1989.0,7.0,-42.63,148.0614,1989-07-01,1989-07-31,ECMWF/ERA5_LAND/DAILY_AGGR,,,,,,,,
2,191Liu2015,Agelaius_phoeniceus,Agelaius_phoeniceus,Passeriformes,Icteridae,Troupials and Allies,Agelaius_phoeniceus,monogamy,single-year study,red-winged_blackbird,41.55,-80.18,no,microsatellite,2009,2009,,,48.1,13.0,14.0,27.0,2,-80.18,2009,,2.0,,,,,,,,,,,,,,,,,,,,,,,,,,,,,,,,,,,,,,left_only,,41.55,-80.18,41.55,Agelaius_phoeniceus_41.55_-80.18,397.0641173,,,,,,,,,,,,,,,
3,191Liu2015,Agelaius_phoeniceus,Agelaius_phoeniceus,Passeriformes,Icteridae,Troupials and Allies,Agelaius_phoeniceus,monogamy,single-year study,red-winged_blackbird,26.53,-78.53,no,microsatellite,2011,2011,,,50.0,10.0,10.0,20.0,3,-78.53,2011,,3.0,,,,,,,,,,,,,,,,,,,,,,,,,,,,,,,,,,,,,,left_only,,26.53,-78.53,26.53,Agelaius_phoeniceus_26.53_-78.53,2.563974469,,,,,,,,,,,,,,,
4,191Liu2015,Agelaius_xanthomus,Agelaius_xanthomus,Passeriformes,Icteridae,Troupials and Allies,Agelaius_xanthomus,monogamy,single-year study,yellow-shouldered_blackbird,17.93,-67.1,yes,microsatellite,2012,2012,,,36.7,11.0,19.0,30.0,4,-67.1,2012,,4.0,,,,,,,,,,,,,,,,,,,,,,,,,,,,,,,,,,,,,,left_only,,17.93,-67.1,17.93,Agelaius_xanthomus_17.93_-67.1,4.124421454,,,,,,,,,,,,,,,
5,233Lifjeld2005,Alle_alle,Alle_alle,Charadriiformes,Alcidae,"Auks, Murres, and Puffins",Alle_alle,monogamy,single-year study,little_auk,77.0,15.37,no,microsatellite,2002,2002,June,August,0.0,0.0,26.0,26.0,5,15.37,2002,6.0,5.0,,,,,,8.0,,,,,,3.0,,,,,,,,,,,3.0,,,6.0,8.0,3.0,1.0,1.0,6.0,8.0,2002.0,77.0,15.37,0.021,0.050106181,both,True,77.0,15.37,77.0,Alle_alle_77_15.37,1.422209431,2002.0,6.0,77.0,15.37,2002-06-01,2002-06-30,ECMWF/ERA5_LAND/DAILY_AGGR,,,,,,,,
6,232Kreisinger2010,Anas_platyrhynchos,Anas_platyrhynchos,Anseriformes,Anatidae,"Ducks, Geese, and Waterfowl",Anas_platyrhynchos,monogamy,single-year study,mallard,49.15,14.72,no,microsatellite,2004,2004,April,July,48.0,12.0,13.0,25.0,6,14.72,2004,4.0,6.0,8.699999809,7.317241537,1.382758272,8.220000076,0.479999733,7.0,13.25000024,13.03103478,0.218965456,14.53000026,-1.280000019,4.0,32.79999924,45.6172417,-12.81724246,32.94000072,-0.140001488,277.7999992,284.8551766,-7.05517736,247.4400045,30.3599947,4.0,11.40000057,10.90000033,4.0,7.0,4.0,1.0,1.0,4.0,7.0,2004.0,49.15,14.72,0.508487016,0.622960154,both,True,49.15,14.72,49.15,Anas_platyrhynchos_49.15_14.72,384.5813158,2004.0,4.0,49.15,14.72,2004-04-01,2004-04-30,ECMWF/ERA5_LAND/DAILY_AGGR,13.426798582031552,1.8653726589233104,3.119548391507358,55.96117976769932,11.0,8.861875131395156,10.978501001993834,2.9818496384623945
7,235Peters2003,Anas_strepera,Mareca_strepera,Anseriformes,Anatidae,"Ducks, Geese, and Waterfowl",Anas_strepera,monogamy,single-year study,gadwalls,48.62,-99.08,no,microsatellite,1997,1997,May,August,27.6,8.0,21.0,29.0,7,-99.08,1997,5.0,7.0,9.400000572,11.52413817,-2.124137599,11.44000034,-2.039999771,8.0,16.57500005,16.46034522,0.114654825,15.95000029,0.624999762,4.0,15.90000057,56.93103557,-41.031035,55.90000153,-40.00000095,234.9000044,278.5896593,-43.68965494,310.0600044,-75.16000004,4.0,14.60000038,14.12500024,5.0,8.0,4.0,1.0,1.0,5.0,8.0,1997.0,48.62,-99.08,0.218452626,0.485716919,both,True,48.62,-99.08,48.62,Anas_strepera_48.62_-99.08,1014.260793,1997.0,5.0,48.62,-99.08,1997-05-01,1997-05-31,ECMWF/ERA5_LAND/DAILY_AGGR,11.949050426380836,1.525812211523298,2.852294353567584,47.30017855722224,9.0,9.124393307265436,16.8868192036947,3.895461698360262
8,408Choudhury1993,Branta_leucopsis,Branta_leucopsis,Anseriformes,Anatidae,"Ducks, Geese, and Waterfowl",Branta_leucopsis,monogamy,single-year study,barnacle_goose,78.92,11.9,no,DNA fingerprinting,1989,1989,June,July,0.0,0.0,9.0,9.0,8,11.9,1989,6.0,8.0,1.5,0.906896572,0.593103428,1.760000026,-0.260000026,7.0,2.700000048,2.598275911,0.101724137,3.27000007,-0.570000023,2.0,20.5,24.37241424,-3.872414235,20.76000013,-0.260000134,51.0,54.24482843,-3.24482843,42.64000063,8.359999371,2.0,3.400000095,3.400000095,6.0,7.0,2.0,1.0,1.0,6.0,7.0,1989.0,78.92,11.9,-0.049677778,-0.006222391,both,True,78.92,11.9,78.92,Branta_leucopsis_78.92_11.9,2.451344166,1989.0,6.0,78.92,11.9,1989-06-01,1989-06-30,ECMWF/ERA5_LAND/DAILY_AGGR,,,,,,,,
9,114Blomqvist2002,Calidris_mauri,Calidris_mauri,Charadriiformes,Scolopacidae,Sandpipers and Allies,Calidris_mauri,monogamy,single-year study,Western_sandpiper,64.33,-164.93,no,DNA fingerprinting,1996,1996,May,June,8.0,2.0,23.0,25.0,9,-164.93,1996,5.0,9.0,3.799999952,1.800000019,1.999999933,2.920000088,0.879999864,6.0,5.999999881,4.732758675,1.267241206,5.860000092,0.139999789,2.0,40.90000153,14.93448306,25.96551847,12.46000013,28.44000139,64.20000267,40.83793178,23.36207089,33.96000032,30.24000235,2.0,8.100000381,7.800000191,5.0,6.0,2.0,1.0,1.0,5.0,6.0,1996.0,64.33,-164.93,0.297423913,0.265905814,both,True,64.33,-164.93,64.33,Calidris_mauri_64.33_-164.93,13.94887324,1996.0,5.0,64.33,-164.93,1996-05-01,1996-05-31,ECMWF/ERA5_LAND/DAILY_AGGR,,,,,,,,
10,174Ritchison1994,Cardinalis_cardinalis,Cardinalis_cardinalis,Passeriformes,Cardinalidae,Cardinals and Allies,Cardinalis_cardinalis,monogamy,single-year study,Northern_cardinal,37.65,-84.12,no,DNA fingerprinting,1992,1992,April,August,15.8,3.0,16.0,19.0,10,-84.12,1992,4.0,10.0,13.40000057,13.00689678,0.393103797,13.00000038,0.400000191,8.0,19.24000034,20.21793133,-0.97793099,20.74400036,-1.504000015,5.0,59.90000153,102.0034508,-42.10344926,80.06000214,-20.16000061,607.6000061,539.5275964,68.07240966,489.7800072,117.8199989,5.0,11.30000019,10.90000019,4.0,8.0,5.0,1.0,1.0,4.0,8.0,1992.0,37.65,-84.12,0.464471018,0.636184146,both,True,37.65,-84.12,37.65,Cardinalis_cardinalis_37.65_-84.12,601.8097787,1992.0,4.0,37.65,-84.12,1992-04-01,1992-04-30,ECMWF/ERA5_LAND/DAILY_AGGR,12.439975142473967,1.7556762459062014,2.752875127797896,52.67028737718604,15.0,12.788363308376756,19.6979764302572,5.745482259981053
11,172Gissing1998,Carduelis_tristis,Spinus_tristis,Passeriformes,Fringillidae,"Finches, Euphonias, and Allies",Carduelis_tristis,monogamy,single-year study,American_goldfinch,43.53,-80.23,no,DNA fingerprinting,1992,1992,June,,26.7,4.0,11.0,15.0,11,-80.23,1992,6.0,11.0,14.90000057,16.32758647,-1.427585898,17.32000046,-2.419999886,,,,,,,,49.90000153,80.69655359,-30.79655207,58.57999992,-8.679998398,,,,,,,12.10000038,,6.0,,,1.0,0.0,6.0,,1992.0,43.53,-80.23,0.556848577,,both,True,43.53,-80.23,43.53,Carduelis_tristis_43.53_-80.23,469.0582705,1992.0,6.0,43.53,-80.23,1992-06-01,1992-06-30,ECMWF/ERA5_LAND/DAILY_AGGR,15.47237038602134,1.9482422091597824,3.760329519841534,58.44726627479346,9.0,16.02401226891414,14.825536092122434,3.470729207960454
12,170Hill1994,Carpodacus_mexicanus,Haemorhous_mexicanus,Passeriformes,Fringillidae,"Finches, Euphonias, and Allies",Carpodacus_mexicanus,monogamy,single-year study,house_finch,42.27,-83.73,no,DNA fingerprinting,1991,1991,February,July,14.3,5.0,30.0,35.0,12,-83.73,1991,2.0,12.0,-0.5,-3.88620696,3.38620696,-3.020000017,2.520000017,7.0,13.25000032,10.71149442,2.538505901,11.47333347,1.776666846,6.0,29.10000038,41.05862116,-11.95862078,54.5600008,-25.46000042,346.100008,418.29656,-72.196552,398.5000063,-52.39999828,6.0,8.400000572,11.53333346,2.0,7.0,6.0,1.0,1.0,2.0,7.0,1991.0,42.27,-83.73,0.216727151,0.289341382,both,True,42.27,-83.73,42.27,Carpodacus_mexicanus_42.27_-83.73,678.969232,1991.0,2.0,42.27,-83.73,1991-02-01,1991-02-28,ECMWF/ERA5_LAND/DAILY_AGGR,14.813351631062233,1.2589486649227255,2.9366143437185848,35.25056261783632,8.0,-1.0337512788318253,21.053480784098326,4.915077249644038
13,65Millar1997,Catharacta_maccormicki,Stercorarius_maccormicki,Charadriiformes,Stercorariidae,Skuas and Jaegers,Catharacta_maccormicki,monogamy,single-year study,South_polar_skua,-77.52,167.77,no,DNA fingerprinting,1988,1989,January,January,7.7,1.0,12.0,13.0,13,167.77,1988,1.0,13.0,,,,,,1.0,,,,,,1.0,,,,,,,,,,,1.0,,,1.0,1.0,1.0,1.0,1.0,1.0,1.0,1988.0,-77.52,167.77,,,both,True,-77.52,167.77,77.52,Catharacta_maccormicki_-77.52_167.77,13.94325007,1988.0,1.0,-77.52,167.77,1988-01-01,1988-01-31,ECMWF/ERA5_LAND/DAILY_AGGR,3.732546681892046,0.3926536503041322,0.7649309064406218,12.172263159428098,3.0,-9.431871405980896,6.095792770385742,1.2971074696726217
14,247Maher2017,Charadrius_alexandrinus,Anarhynchus_alexandrinus,Charadriiformes,Charadriidae,Plovers and Lapwings,Charadrius_alexandrinus,monogamy,single-year study,kentish_plover,16.8,41.88,no,microsatellite,2011,2011,April,July,0.0,0.0,12.0,12.0,14,41.88,2011,4.0,14.0,,,,,,7.0,,,,,,4.0,,,,,,,,,,,4.0,,,4.0,7.0,4.0,1.0,1.0,4.0,7.0,2011.0,16.8,41.88,0.001263371,-0.008168433,both,True,16.8,41.88,16.8,Charadrius_alexandrinus_16.8_41.88,7.637789986,2011.0,4.0,16.8,41.88,2011-04-01,2011-04-30,ECMWF/ERA5_LAND/DAILY_AGGR,,,,,,,,
15,367Dunn1999,Chen_caerulescens,Anser_caerulescens,Anseriformes,Anatidae,"Ducks, Geese, and Waterfowl",Chen_caerulescens,monogamy,single-year study,lesser_snow_goose,67.23,-100.27,no,DNA fingerprinting,1995,1995,June,July,13.0,3.0,20.0,23.0,15,-100.27,1995,6.0,15.0,4.200000286,1.813793111,2.386207175,2.740000129,1.460000157,7.0,5.600000143,4.748275935,0.851724208,5.62000016,-0.020000017,2.0,21.60000038,13.90689676,7.693103626,15.72000065,5.879999733,46.10000038,40.95172464,5.148275737,43.12000103,2.979999352,2.0,7.0,6.850000143,6.0,7.0,2.0,1.0,1.0,6.0,7.0,1995.0,67.23,-100.27,0.110610535,0.137259696,both,True,67.23,-100.27,67.23,Chen_caerulescens_67.23_-100.27,65.96107461,1995.0,6.0,67.23,-100.27,1995-06-01,1995-06-30,ECMWF/ERA5_LAND/DAILY_AGGR,4.646483063595497,0.5641622362806705,1.0664152566627991,16.924867088420115,6.0,5.690404870775037,17.805131912231445,4.527904715817047
16,367Dunn1999,Chen_rossii,Anser_rossii,Anseriformes,Anatidae,"Ducks, Geese, and Waterfowl",Chen_rossii,monogamy,single-year study,Ross’s_goose,67.23,-100.27,no,DNA fingerprinting,1995,1995,June,July,8.3,2.0,22.0,24.0,16,-100.27,1995,6.0,15.0,4.200000286,1.813793111,2.386207175,2.740000129,1.460000157,7.0,5.600000143,4.748275935,0.851724208,5.62000016,-0.020000017,2.0,21.60000038,13.90689676,7.693103626,15.72000065,5.879999733,46.10000038,40.95172464,5.148275737,43.12000103,2.979999352,2.0,7.0,6.850000143,6.0,7.0,2.0,1.0,1.0,6.0,7.0,1995.0,67.23,-100.27,0.110610535,0.137259696,both,True,67.23,-100.27,67.23,Chen_rossii_67.23_-100.27,65.96107461,1995.0,6.0,67.23,-100.27,1995-06-01,1995-06-30,ECMWF/ERA5_LAND/DAILY_AGGR,4.646483063595497,0.5641622362806705,1.0664152566627991,16.924867088420115,6.0,5.690404870775037,17.805131912231445,4.527904715817047
17,366Minias2014,Chlidonias_hybrida,Chlidonias_hybrida,Charadriiformes,Laridae,"Gulls, Terns, and Skimmers",Chlidonias_hybrida,monogamy,single-year study,whiskered_tern,51.73,18.63,no,microsatellite,2012,2012,May,August,11.8,2.0,15.0,17.0,17,18.63,2012,5.0,16.0,15.69999981,13.8068967,1.893103106,14.36000004,1.339999771,8.0,18.70000005,17.06810372,1.631896331,18.3400002,0.359999847,4.0,35.79999924,55.21724241,-19.41724317,56.94000092,-21.14000168,237.2000046,262.0344879,-24.83448331,294.2800014,-57.07999687,4.0,12.10000038,10.77500033,5.0,8.0,4.0,1.0,1.0,5.0,8.0,2012.0,51.73,18.63,0.589165188,0.553441176,both,True,51.73,18.63,51.73,Chlidonias_hybrida_51.73_18.63,292.129482,2012.0,5.0,51.73,18.63,2012-05-01,2012-05-31,ECMWF/ERA5_LAND/DAILY_AGGR,10.148197412490845,1.0216517549648396,2.087712662682042,31.671204403910025,6.0,15.814280282297462,14.019306818644225,4.234010702320467
18,410Turjeman2016,Ciconia_ciconia,Ciconia_ciconia,Ciconiiformes,Ciconiidae,Storks,Ciconia_ciconia,monogamy,single-year study,white_stork,44.0,5.0,no,microsatellite,2012,2012,,,26.9,39.0,106.0,145.0,18,5.0,2012,,17.0,,,,,,,,,,,,,,,,,,,,,,,,,,,,,,,,,,,,,,left_only,,44.0,5.0,44.0,Ciconia_ciconia_44_5,61.95184668,,,,,,,,,,,,,,,
19,449Øigarden2010,Cinclus_cinclus,Cinclus_cinclus,Passeriformes,Cinclidae,Dippers,Cinclus_cinclus,monogamy,single-year study,white-throated_dipper,60.38,10.52,yes,microsatellite,1998,1998,April,June,5.0,2.0,38.0,40.0,19,10.52,1998,4.0,18.0,1.600000024,1.43448278,0.165517244,2.400000024,-0.8,6.0,7.333333532,7.388505873,-0.055172341,7.480000154,-0.146666622,3.0,78.5,46.68620817,31.81379183,41.06000137,37.43999863,255.4000092,185.3206929,70.07931627,185.2600012,70.14000797,3.0,6.700000286,8.500000159,4.0,6.0,3.0,1.0,1.0,4.0,6.0,1998.0,60.38,10.52,0.198457102,0.445432928,both,True,60.38,10.52,60.38,Cinclus_cinclus_60.38_10.52,68.56234446,1998.0,4.0,60.38,10.52,1998-04-01,1998-04-30,ECMWF/ERA5_LAND/DAILY_AGGR,26.60902304349122,4.638572511972328,5.560614779505367,139.15717535916983,19.0,0.8105067147149214,8.793929417928041,2.6241131635631527
20,269Whittingham1995,Delichon_urbicum,Delichon_urbicum,Passeriformes,Hirundinidae,Swallows,Delichon_urbicum,monogamy,single-year study,house_martin,61.42,8.87,no,DNA fingerprinting,1992,1992,July,July,60.0,6.0,4.0,10.0,20,8.87,1992,7.0,19.0,9.600000381,9.317241554,0.282758828,9.840000153,-0.239999771,7.0,9.600000381,9.317241554,0.282758828,9.840000153,-0.239999771,1.0,107.5,90.45862237,17.04137763,94.28000259,13.21999741,107.5,90.45862237,17.04137763,94.28000259,13.21999741,1.0,7.900000095,7.900000095,7.0,7.0,1.0,1.0,1.0,7.0,7.0,1992.0,61.42,8.87,0.431062596,0.431062596,both,True,61.42,8.87,61.42,Delichon_urbicum_61.42_8.87,71.44460893,1992.0,7.0,61.42,8.87,1992-07-01,1992-07-31,ECMWF/ERA5_LAND/DAILY_AGGR,17.844551801676545,3.2118033916564657,4.889497755577881,99.56590514135044,14.0,8.324474609539095,8.469732920328795,2.0850470148463245
21,426Yezerinac1999,Dendroica_petechia,Setophaga_petechia,Passeriformes,Parulidae,New World Warblers,Dendroica_petechia,monogamy,single-year study,yellow_warbler,58.67,-94.42,no,microsatellite,1994,1994,May,July,25.0,3.0,9.0,12.0,21,-94.42,1994,5.0,20.0,-0.600000024,-0.806896555,0.206896531,-0.380000012,-0.220000012,7.0,6.633333643,5.991954143,0.6413795,6.106666758,0.526666885,3.0,31.0,31.0,0.0,31.0,0.0,127.6000023,127.6000023,0.0,127.6000023,0.0,3.0,7.200000286,9.966667016,5.0,7.0,3.0,1.0,1.0,5.0,7.0,1994.0,58.67,-94.42,0.278085041,0.429098295,both,True,58.67,-94.42,58.67,Dendroica_petechia_58.67_-94.42,7.734236619,1994.0,5.0,58.67,-94.42,1994-05-01,1994-05-31,ECMWF/ERA5_LAND/DAILY_AGGR,,,,,,,,
22,362Jouventin2006,Diomedea_exulans,Diomedea_exulans,Procellariiformes,Diomedeidae,Albatrosses,Diomedea_exulans,monogamy,single-year study,wandering_albatross,-46.42,51.75,no,microsatellite,2001,2002,November,October,12.0,6.0,44.0,50.0,22,51.75,2001,11.0,21.0,6.099999905,5.031034527,1.068965377,5.339999962,0.759999943,10.0,5.858333449,5.46178167,0.396551779,5.753333437,0.105000011,12.0,116.0,116.0,0.0,116.0,0.0,1548.0,1548.0,0.0,1548.0,0.0,12.0,5.099999905,4.416666786,11.0,10.0,12.0,1.0,1.0,11.0,10.0,2001.0,-46.42,51.75,0.11438,0.095066667,both,True,-46.42,51.75,46.42,Diomedea_exulans_-46.42_51.75,2.5294659,2001.0,11.0,-46.42,51.75,2001-11-01,2001-11-30,ECMWF/ERA5_LAND/DAILY_AGGR,,,,,,,,
23,362Jouventin2006,Diomedea_exulans,Diomedea_exulans,Procellariiformes,Diomedeidae,Albatrosses,Diomedea_exulans,monogamy,single-year study,wandering_albatross,-49.25,69.53,no,microsatellite,2002,2003,December,November,8.3,2.0,22.0,24.0,23,69.53,2002,12.0,22.0,5.800000191,5.900000062,-0.099999872,6.740000153,-0.939999962,11.0,4.316666752,4.027298908,0.289367844,4.598333406,-0.281666654,12.0,78.0,63.69655247,14.30344753,68.46000137,9.539998627,515.6000085,811.6000147,-296.0000062,768.5600124,-252.9600039,12.0,5.800000191,6.250000079,12.0,11.0,12.0,1.0,1.0,12.0,11.0,2002.0,-49.25,69.53,0.083433333,0.165868029,both,True,-49.25,69.53,49.25,Diomedea_exulans_-49.25_69.53,0.084755357,2002.0,12.0,-49.25,69.53,2002-12-01,2002-12-31,ECMWF/ERA5_LAND/DAILY_AGGR,28.921938166774908,4.99503575057136,5.774097404832459,154.84610826771217,24.0,4.1122207518547,4.693413416544559,1.2761572414939446
24,198McLean2000,Eudyptes_pachyrhynchus,Eudyptes_pachyrhynchus,Sphenisciformes,Spheniscidae,Penguins,Eudyptes_pachyrhynchus,monogamy,single-year study,Fiordland_penguin,-43.83,168.88,no,DNA fingerprinting,1990,1990,July,September,0.0,0.0,24.0,24.0,24,168.88,1990,7.0,23.0,,,,,,9.0,,,,,,3.0,,,,,,,,,,,3.0,,,7.0,9.0,3.0,1.0,1.0,7.0,9.0,1990.0,-43.83,168.88,0.203124146,0.450938766,both,True,-43.83,168.88,43.83,Eudyptes_pachyrhynchus_-43.83_168.88,10.68454993,1990.0,7.0,-43.83,168.88,1990-07-01,1990-07-31,ECMWF/ERA5_LAND/DAILY_AGGR,84.9127471446991,9.028164354477685,16.293663538691032,279.8730949888082,18.0,4.858235767323508,8.155888875325502,2.113310675250565
25,64Clair1995,Eudyptes_schlegeli,Eudyptes_schlegeli,Sphenisciformes,Spheniscidae,Penguins,Eudyptes_schlegeli,monogamy,single-year study,royal_penguin,-54.5,158.95,no,DNA fingerprinting,1991,1991,October,December,7.7,1.0,12.0,13.0,25,158.95,1991,10.0,24.0,3.700000048,3.631034547,0.068965501,4.020000124,-0.320000076,12.0,4.666666746,4.631034536,0.03563221,4.940000073,-0.273333327,3.0,113.8000031,71.0275875,42.77241556,79.14000092,34.66000214,264.9000015,216.9068997,47.99310184,235.5600021,29.33999939,3.0,4.200000286,3.966666778,10.0,12.0,3.0,1.0,1.0,10.0,12.0,1991.0,-54.5,158.95,,0.2152,both,True,-54.5,158.95,54.5,Eudyptes_schlegeli_-54.5_158.95,0.34236785,1991.0,10.0,-54.5,158.95,1991-10-01,1991-10-31,ECMWF/ERA5_LAND/DAILY_AGGR,,,,,,,,
26,208Swatschek1993,Falco_eleonorae,Falco_eleonorae,Falconiformes,Falconidae,Falcons and Caracaras,Falco_eleonorae,monogamy,single-year study,eleonoras_falcon,38.0,24.98,no,DNA fingerprinting,1991,1991,May,October,0.0,0.0,17.0,17.0,26,24.98,1991,5.0,25.0,15.60000038,17.92413863,-2.324138247,17.40000038,-1.8,10.0,20.85000038,21.12643722,-0.276436839,21.26333364,-0.413333257,6.0,46.0,21.20344867,24.79655133,12.12000017,33.87999983,106.8000019,106.396554,0.403447922,76.22000214,30.57999977,6.0,5.5,5.666666667,5.0,10.0,6.0,1.0,1.0,5.0,10.0,1991.0,38.0,24.98,0.421584032,0.306431461,both,True,38.0,24.98,38.0,Falco_eleonorae_38_24.98,10.78862036,1991.0,5.0,38.0,24.98,1991-05-01,1991-05-31,ECMWF/ERA5_LAND/DAILY_AGGR,,,,,,,,
27,294 Alcaide2005,Falco_naumanni,Falco_naumanni,Falconiformes,Falconidae,Falcons and Caracaras,Falco_naumanni,monogamy,single-year study,lesser_kestrel,37.17,-6.35,no,microsatellite,2003,2003,March,July,12.5,1.0,7.0,8.0,27,-6.35,2003,3.0,26.0,15.60000038,13.92068985,1.679310536,15.72000046,-0.120000076,7.0,21.20000038,19.49448305,1.705517328,20.42400032,0.776000061,5.0,70.70000458,57.72413882,12.97586576,62.72000122,7.980003357,150.7000062,158.0517259,-7.351719676,156.0600036,-5.359997381,5.0,11.0,13.22000008,3.0,7.0,5.0,1.0,1.0,3.0,7.0,2003.0,37.17,-6.35,0.38759244,0.388583381,both,True,37.17,-6.35,37.17,Falco_naumanni_37.17_-6.35,26.68393136,2003.0,3.0,37.17,-6.35,2003-03-01,2003-03-31,ECMWF/ERA5_LAND/DAILY_AGGR,28.3726505833215,2.560201022349028,6.095430042510943,79.36623169281987,8.0,14.401357207759755,5.424071629842104,1.385239327336037
28,294 Alcaide2005,Falco_naumanni,Falco_naumanni,Falconiformes,Falconidae,Falcons and Caracaras,Falco_naumanni,monogamy,single-year study,lesser_kestrel,41.35,-0.18,no,microsatellite,1993,1993,April,July,8.7,2.0,21.0,23.0,28,-0.18,1993,4.0,27.0,13.0,13.2448278,-0.244827797,13.16000023,-0.160000229,7.0,19.17500067,18.86810378,0.306896892,19.18500037,-0.009999704,4.0,40.10000229,37.70689723,2.393105063,44.42000084,-4.31999855,107.2000039,143.2724165,-36.07241255,161.1800019,-53.97999799,4.0,12.30000019,12.95000005,4.0,7.0,4.0,1.0,1.0,4.0,7.0,1993.0,41.35,-0.18,0.245953619,0.204766259,both,True,41.35,-0.18,41.35,Falco_naumanni_41.35_-0.18,95.17221312,1993.0,4.0,41.35,-0.18,1993-04-01,1993-04-30,ECMWF/ERA5_LAND/DAILY_AGGR,18.38633716096183,1.831564463257844,4.1597355837203285,54.946933897735306,7.0,13.465512953864224,10.48895581563312,2.5739208818039496
29,483Sheldon1999,Ficedula_albicollis,Ficedula_albicollis,Passeriformes,Muscicapidae,Old World Flycatchers,Ficedula_albicollis,monogamy,single-year study,collared_flycatcher,57.17,18.33,yes,microsatellite,1994,1994,May,July,32.9,26.0,53.0,79.0,29,18.33,1994,5.0,28.0,9.0,9.148275967,-0.148275967,10.72000027,-1.720000267,7.0,13.80000051,13.22068988,0.579310625,14.02000033,-0.219999822,3.0,26.39999962,30.52758661,-4.12758699,18.33999987,8.059999752,67.29999876,109.4241395,-42.12414071,98.32000046,-31.0200017,3.0,8.300000191,8.100000223,5.0,7.0,3.0,1.0,1.0,5.0,7.0,1994.0,57.17,18.33,0.393761224,0.432624379,both,True,57.17,18.33,57.17,Ficedula_albicollis_57.17_18.33,7.874911659,1994.0,5.0,57.17,18.33,1994-05-01,1994-05-31,ECMWF/ERA5_LAND/DAILY_AGGR,10.616517066864615,1.5264280920277429,3.259162172199761,47.31927085286003,7.0,8.820831081431423,9.073421478271484,1.98867757904908
30,242Moreno2013,Ficedula_hypoleuca,Ficedula_hypoleuca,Passeriformes,Muscicapidae,Old World Flycatchers,Ficedula_hypoleuca,monogamy,single-year study,pied_flycatcher,40.8,-4.02,yes,microsatellite,2010,2010,May,June,28.8,17.0,42.0,59.0,30,-4.02,2010,5.0,29.0,12.60000038,11.98275885,0.617241531,13.50000019,-0.899999809,6.0,14.95000076,14.30000029,0.650000474,15.91000032,-0.959999561,2.0,48.20000076,63.76896641,-15.56896565,72.76000061,-24.55999985,120.5000038,109.7000014,10.80000238,115.2000011,5.30000267,2.0,11.10000038,11.70000029,5.0,6.0,2.0,1.0,1.0,5.0,6.0,2010.0,40.8,-4.02,0.556154809,0.560863484,both,True,40.8,-4.02,40.8,Ficedula_hypoleuca_40.8_-4.02,291.7479203,2010.0,5.0,40.8,-4.02,2010-05-01,2010-05-31,ECMWF/ERA5_LAND/DAILY_AGGR,10.34870743751526,2.143502353756241,2.9245253350774525,66.44857296644346,13.0,10.177155102965674,16.40714708964032,4.668788701321491
31,235Lifjeld1991,Ficedula_hypoleuca,Ficedula_hypoleuca,Passeriformes,Muscicapidae,Old World Flycatchers,Ficedula_hypoleuca,monogamy,single-year study,pied_flycatcher,59.98,10.63,yes,DNA fingerprinting,1989,1989,May,July,14.8,4.0,23.0,27.0,31,10.63,1989,5.0,30.0,10.69999981,10.12413804,0.575861766,10.53999996,0.159999847,7.0,14.26666673,13.6011496,0.665517127,13.52666664,0.740000089,3.0,33.5,58.11724262,-24.61724262,49.90000153,-16.40000153,160.2999992,208.2655204,-47.96552112,232.5200027,-72.22000351,3.0,11.0,11.20000013,5.0,7.0,3.0,1.0,1.0,5.0,7.0,1989.0,59.98,10.63,0.454304778,0.530714769,both,True,59.98,10.63,59.98,Ficedula_hypoleuca_59.98_10.63,24.0349938,1989.0,5.0,59.98,10.63,1989-05-01,1989-05-31,ECMWF/ERA5_LAND/DAILY_AGGR,17.838051915134656,1.6228323229238495,4.046128822533686,50.307802010639335,8.0,9.99613582241922,11.04998779296875,2.7857444703751897
32,214Brün1996,Ficedula_hypoleuca,Ficedula_hypoleuca,Passeriformes,Muscicapidae,Old World Flycatchers,Ficedula_hypoleuca,monogamy,single-year study,pied_flycatcher,52.53,7.35,yes,DNA fingerprinting,1993,1993,May,June,12.9,4.0,27.0,31.0,32,7.35,1993,5.0,31.0,14.19999981,12.03793121,2.162068597,13.48000011,0.719999695,6.0,15.0999999,13.58103476,1.518965146,14.23000011,0.86999979,2.0,62.0,57.28965638,4.710343624,31.0600008,30.9399992,111.9000015,126.8379337,-14.93793215,101.6600016,10.23999996,2.0,10.5,10.30000019,5.0,6.0,2.0,1.0,1.0,5.0,6.0,1993.0,52.53,7.35,0.471690762,0.540127236,both,True,52.53,7.35,52.53,Ficedula_hypoleuca_52.53_7.35,84.27408721,1993.0,5.0,52.53,7.35,1993-05-01,1993-05-31,ECMWF/ERA5_LAND/DAILY_AGGR,23.468197482429787,2.6500158723772604,4.649284395225037,82.15049204369507,15.0,14.646638406733054,11.618877410888672,3.194384084432419
33,182Ellegren1995,Ficedula_hypoleuca,Ficedula_hypoleuca,Passeriformes,Muscicapidae,Old World Flycatchers,Ficedula_hypoleuca,monogamy,single-year study,pied_flycatcher,59.97,10.78,yes,microsatellite,1992,1992,May,June,17.0,3.0,15.0,18.0,33,10.78,1992,5.0,32.0,12.5,10.12413804,2.375861957,10.31999989,2.180000114,6.0,15.10000038,12.40000013,2.700000253,12.1999999,2.900000477,2.0,45.20000076,58.11724262,-12.91724185,29.1800004,16.02000036,57.90000057,125.6172435,-67.7172429,122.3000001,-64.39999952,2.0,12.19999981,12.69999981,5.0,6.0,2.0,1.0,1.0,5.0,6.0,1992.0,59.97,10.78,0.407958871,0.415675898,both,True,59.97,10.78,59.97,Ficedula_hypoleuca_59.97_10.78,25.06337882,1992.0,5.0,59.97,10.78,1992-05-01,1992-05-31,ECMWF/ERA5_LAND/DAILY_AGGR,25.01775622357627,1.533039336656942,5.052424256196205,47.5242194363652,3.0,12.460754751390054,15.998139699300111,5.133301297752193
34,187Gelter1992,Ficedula_hypoleuca,Ficedula_hypoleuca,Passeriformes,Muscicapidae,Old World Flycatchers,Ficedula_hypoleuca,monogamy,single-year study,pied_flycatcher,59.83,17.67,yes,DNA fingerprinting,1987,1987,May,June,42.9,3.0,4.0,7.0,34,17.67,1987,5.0,33.0,8.300000191,10.13793117,-1.837930975,10.78000011,-2.479999924,6.0,10.25,12.62413811,-2.374138109,12.61000023,-2.360000229,2.0,44.79999924,32.12758658,12.67241266,28.86000023,15.93999901,101.7000008,74.78620817,26.91379259,76.62000084,25.07999992,2.0,9.0,8.200000048,5.0,6.0,2.0,1.0,1.0,5.0,6.0,1987.0,59.83,17.67,0.445463519,0.448768711,both,True,59.83,17.67,59.83,Ficedula_hypoleuca_59.83_17.67,52.38825708,1987.0,5.0,59.83,17.67,1987-05-01,1987-05-31,ECMWF/ERA5_LAND/DAILY_AGGR,11.60617172718048,1.9724412702781444,3.1250509060236644,61.14567937862248,13.0,8.245690507786264,11.618113199869754,2.316263495099759
35,243Moreno2010,Ficedula_hypoleuca,Ficedula_hypoleuca,Passeriformes,Muscicapidae,Old World Flycatchers,Ficedula_hypoleuca,monogamy,single-year study,pied_flycatcher,40.8,-4.02,yes,microsatellite,2003,2003,May,June,22.4,13.0,45.0,58.0,35,-4.02,2003,5.0,29.0,13.90000057,11.98275885,1.917241721,12.86000023,1.040000343,6.0,16.6500001,14.30000029,2.349999806,15.54000034,1.109999752,2.0,40.79999924,63.76896641,-22.96896717,75.30000076,-34.50000153,56.19999981,109.7000014,-53.50000162,97.88000107,-41.68000126,2.0,12.40000057,13.25000048,5.0,6.0,2.0,1.0,1.0,5.0,6.0,2003.0,40.8,-4.02,0.585655068,0.566486456,both,True,40.8,-4.02,40.8,Ficedula_hypoleuca_40.8_-4.02,291.7479203,2003.0,5.0,40.8,-4.02,2003-05-01,2003-05-31,ECMWF/ERA5_LAND/DAILY_AGGR,15.807393193142616,2.1444242407218024,4.274366831800112,66.47715146237587,8.0,12.450854319910873,15.484923680623352,3.65696190001604
36,241Moreno2015,Ficedula_hypoleuca,Ficedula_hypoleuca,Passeriformes,Muscicapidae,Old World Flycatchers,Ficedula_hypoleuca,monogamy,single-year study,pied_flycatcher,40.8,-4.02,yes,microsatellite,2011,2011,May,June,38.3,23.0,37.0,60.0,36,-4.02,2011,5.0,29.0,14.69999981,11.98275885,2.717240958,13.18000031,1.519999504,6.0,16.4000001,14.30000029,2.099999806,15.51000042,0.889999676,2.0,61.79999924,63.76896641,-1.968967175,77.36000061,-15.56000137,89.10000038,109.7000014,-20.60000105,131.0600018,-41.96000137,2.0,12.40000057,12.25000048,5.0,6.0,2.0,1.0,1.0,5.0,6.0,2011.0,40.8,-4.02,0.586432102,0.56005837,both,True,40.8,-4.02,40.8,Ficedula_hypoleuca_40.8_-4.02,291.7479203,2011.0,5.0,40.8,-4.02,2011-05-01,2011-05-31,ECMWF/ERA5_LAND/DAILY_AGGR,16.68459177017212,2.866566637618209,4.552193206477613,88.8635657661645,14.0,13.47053622994374,9.078184127807615,2.379429288769484
37,349Rätti1995,Ficedula_hypoleuca,Ficedula_hypoleuca,Passeriformes,Muscicapidae,Old World Flycatchers,Ficedula_hypoleuca,monogamy,single-year study,pied_flycatcher,62.62,26.33,yes,DNA fingerprinting,1990,1990,May,June,22.2,8.0,28.0,36.0,37,26.33,1990,5.0,34.0,8.400000572,8.665517462,-0.26551689,8.800000286,-0.399999714,6.0,10.70000029,11.29310372,-0.593103433,11.76000037,-1.060000086,2.0,25.89999962,41.93103503,-16.03103541,52.95999985,-27.06000023,64.50000191,99.71379522,-35.21379331,110.5000011,-45.99999924,2.0,10.60000038,10.60000038,5.0,6.0,2.0,1.0,1.0,5.0,6.0,1990.0,62.62,26.33,0.441514642,0.490484952,both,True,62.62,26.33,62.62,Ficedula_hypoleuca_62.62_26.33,208.6334834,1990.0,5.0,62.62,26.33,1990-05-01,1990-05-31,ECMWF/ERA5_LAND/DAILY_AGGR,11.65961027135154,1.2683809998718278,2.683896024066129,39.31981099602666,8.0,9.1391614975468,9.489470799763978,2.3018142237772112
38,348Rätti2001,Ficedula_hypoleuca,Ficedula_hypoleuca,Passeriformes,Muscicapidae,Old World Flycatchers,Ficedula_hypoleuca,monogamy,single-year study,pied_flycatcher,62.62,26.33,yes,DNA fingerprinting,1992,1992,May,June,7.0,3.0,40.0,43.0,38,26.33,1992,5.0,34.0,10.5,8.665517462,1.834482538,8.580000305,1.919999695,6.0,12.9000001,11.29310372,1.606896376,11.26000023,1.639999866,2.0,19.20000076,41.93103503,-22.73103426,49.73999977,-30.53999901,51.00000191,99.71379522,-48.71379331,121.9000011,-70.89999924,2.0,12.0,12.30000019,5.0,6.0,2.0,1.0,1.0,5.0,6.0,1992.0,62.62,26.33,0.426226007,0.481953634,both,True,62.62,26.33,62.62,Ficedula_hypoleuca_62.62_26.33,208.6334834,1992.0,5.0,62.62,26.33,1992-05-01,1992-05-31,ECMWF/ERA5_LAND/DAILY_AGGR,3.70651302148417,0.6336528345755938,1.0770132668261754,19.64323787184341,6.0,10.476676395375268,14.91310183207196,4.827596476405392
39,53Tomotani2017,Ficedula_hypoleuca,Ficedula_hypoleuca,Passeriformes,Muscicapidae,Old World Flycatchers,Ficedula_hypoleuca,monogamy,single-year study,pied_flycatcher,52.03,5.85,yes,microsatellite,2014,2014,April,June,19.4,18.0,75.0,93.0,39,5.85,2014,4.0,35.0,11.19999981,7.465517324,3.734482486,9.760000134,1.439999676,6.0,13.26666673,11.46666682,1.799999911,12.58000021,0.68666652,3.0,41.20000076,50.86551831,-9.665517544,29.4600008,11.73999996,186.2000046,182.1310384,4.068966142,154.9200029,31.28000164,3.0,10.40000057,9.966667175,4.0,6.0,3.0,1.0,1.0,4.0,6.0,2014.0,52.03,5.85,0.606267848,0.629288338,both,True,52.03,5.85,52.03,Ficedula_hypoleuca_52.03_5.85,98.20852764,2014.0,4.0,52.03,5.85,2014-04-01,2014-04-30,ECMWF/ERA5_LAND/DAILY_AGGR,16.00425447992393,2.462894944711754,3.705866053749175,73.88684834135262,13.0,11.749973932902044,9.701541264851867,2.461744396904637
40,163Juola2012,Fregata_minor,Fregata_minor,Suliformes,Fregatidae,Frigatebirds,Fregata_minor,monogamy,single-year study,great_frigatebird,23.75,-166.02,no,other,2007,2007,February,June,8.7,4.0,42.0,46.0,40,-166.02,2007,2.0,36.0,21.89999962,21.71034537,0.189654252,21.86000023,0.03999939,6.0,23.22000046,22.94275901,0.27724145,23.13600037,0.084000092,5.0,99.0,99.0,0.0,99.0,0.0,536.0,536.0,0.0,536.0,0.0,5.0,7.0,6.720000076,2.0,6.0,5.0,1.0,1.0,2.0,6.0,2007.0,23.75,-166.02,,,both,True,23.75,-166.02,23.75,Fregata_minor_23.75_-166.02,628.8944394,2007.0,2.0,23.75,-166.02,2007-02-01,2007-02-28,ECMWF/ERA5_LAND/DAILY_AGGR,,,,,,,,
41,166Hunter1992,Fulmarus_glacialis,Fulmarus_glacialis,Procellariiformes,Procellariidae,Shearwaters and Petrels,Fulmarus_glacialis,monogamy,single-year study,northern_fulmar,59.53,-1.62,no,DNA fingerprinting,1988,1988,March,,0.0,0.0,28.0,28.0,41,-1.62,1988,3.0,37.0,,,,,,,,,,,,,,,,,,,,,,,,,,3.0,,,1.0,0.0,3.0,,1988.0,59.53,-1.62,,,both,True,59.53,-1.62,59.53,Fulmarus_glacialis_59.53_-1.62,42.73581766,1988.0,3.0,59.53,-1.62,1988-03-01,1988-03-31,ECMWF/ERA5_LAND/DAILY_AGGR,,,,,,,,
42,341Saino1999,Hirundo_rustica,Hirundo_rustica,Passeriformes,Hirundinidae,Swallows,Hirundo_rustica,monogamy,single-year study,barn_swallow,45.43,8.62,no,microsatellite,1994,1994,March,June,51.9,27.0,25.0,52.0,42,8.62,1994,3.0,38.0,11.30000019,7.955172588,3.344827603,9.860000229,1.439999962,6.0,15.22500014,13.88103472,1.343965419,14.75500035,0.46999979,4.0,17.10000038,91.85862173,-74.75862135,68.12000275,-51.02000237,297.800005,365.2448326,-67.44482767,343.2000076,-45.40000267,4.0,10.69999981,10.35000014,3.0,6.0,4.0,1.0,1.0,3.0,6.0,1994.0,45.43,8.62,0.149265656,0.22670435,both,True,45.43,8.62,45.43,Hirundo_rustica_45.43_8.62,112.6362055,1994.0,3.0,45.43,8.62,1994-03-01,1994-03-31,ECMWF/ERA5_LAND/DAILY_AGGR,16.96725487704498,0.6518000632637256,2.989153388283817,20.205801961175496,1.0,10.74595310662385,6.030504862467467,1.7649578918364497
43,26Moller2003,Hirundo_rustica,Hirundo_rustica,Passeriformes,Hirundinidae,Swallows,Hirundo_rustica,monogamy,single-year study,barn_swallow,38.83,-6.98,no,microsatellite,1994,1994,March,June,32.4,55.0,115.0,170.0,43,-6.98,1994,3.0,39.0,14.5,11.93103461,2.568965386,13.14000034,1.359999657,6.0,17.60000038,16.4775864,1.122413981,17.14500041,0.454999971,4.0,6.0,48.45862144,-42.45862144,36.34000092,-30.34000092,115.3999981,166.3931062,-50.9931081,156.8800038,-41.48000575,4.0,13.30000019,13.47500014,3.0,6.0,4.0,1.0,1.0,3.0,6.0,1994.0,38.83,-6.98,0.470826714,0.378840042,both,True,38.83,-6.98,38.83,Hirundo_rustica_38.83_-6.98,153.4386686,1994.0,3.0,38.83,-6.98,1994-03-01,1994-03-31,ECMWF/ERA5_LAND/DAILY_AGGR,5.295768380051413,0.3454004640653535,1.2367075588156435,10.70741438602596,2.0,14.496643525810676,6.700677871704102,1.427697259922596
44,105Neuman2007,Hirundo_rustica,Hirundo_rustica,Passeriformes,Hirundinidae,Swallows,Hirundo_rustica,monogamy,single-year study,barn_swallow,42.35,-76.5,no,microsatellite,2002,2002,May,August,49.1,26.0,27.0,53.0,44,-76.5,2002,5.0,40.0,11.40000057,13.12758633,-1.72758576,13.74000015,-2.33999958,8.0,18.27499986,17.72155204,0.553447814,17.94500027,0.32999959,4.0,125.3000031,83.993105,41.30689805,85.02000122,40.28000183,381.4000053,355.5000073,25.89999804,336.8000038,44.60000153,4.0,12.30000019,12.45000005,5.0,8.0,4.0,1.0,1.0,5.0,8.0,2002.0,42.35,-76.5,0.631213329,0.734938712,both,True,42.35,-76.5,42.35,Hirundo_rustica_42.35_-76.5,242.7889196,2002.0,5.0,42.35,-76.5,2002-05-01,2002-05-31,ECMWF/ERA5_LAND/DAILY_AGGR,24.81652796268463,5.085045668175849,6.927618178306423,157.63641571345133,18.0,11.223680996638496,15.983177185058594,4.440050379017865
45,184Smith1991,Hirundo_rustica,Hirundo_rustica,Passeriformes,Hirundinidae,Swallows,Hirundo_rustica,monogamy,single-year study,barn_swallow,44.55,-76.32,no,,1989,1989,May,August,45.5,5.0,6.0,11.0,45,-76.32,1989,5.0,41.0,13.69999981,12.74482783,0.95517198,13.16000004,0.539999771,8.0,18.17500043,17.47500035,0.700000081,17.5800004,0.595000029,4.0,97.70000458,75.35172561,22.34827897,81.84000244,15.86000214,315.9000053,302.996557,12.90344837,325.0200058,-9.120000458,4.0,11.19999981,11.80000019,5.0,8.0,4.0,1.0,1.0,5.0,8.0,1989.0,44.55,-76.32,0.573357047,0.657019938,both,True,44.55,-76.32,44.55,Hirundo_rustica_44.55_-76.32,136.8136103,1989.0,5.0,44.55,-76.32,1989-05-01,1989-05-31,ECMWF/ERA5_LAND/DAILY_AGGR,17.214018106358253,3.793020134621533,5.078417497906649,117.58362417326752,15.0,13.034171881727016,15.45035171508789,4.198879993102514
46,436Yamagishi1992,Lanius_bucephalus,Lanius_bucephalus,Passeriformes,Laniidae,Shrikes,Lanius_bucephalus,monogamy,single-year study,bull-headed_shrike,34.57,135.53,no,DNA fingerprinting,1989,1989,March,June,16.7,4.0,20.0,24.0,46,135.53,1989,3.0,42.0,8.100000381,7.037931196,1.062069186,6.740000057,1.360000324,6.0,15.29999995,15.07672436,0.223275592,15.05000017,0.249999785,4.0,110.2000046,106.8137941,3.386210474,121.3400024,-11.13999786,600.0,634.8241494,-34.82414943,662.1200157,-62.12001572,4.0,9.600000381,9.700000286,3.0,6.0,4.0,1.0,1.0,3.0,6.0,1989.0,34.57,135.53,0.129288432,0.192130816,both,True,34.57,135.53,34.57,Lanius_bucephalus_34.57_135.53,10.68597574,1989.0,3.0,34.57,135.53,1989-03-01,1989-03-31,ECMWF/ERA5_LAND/DAILY_AGGR,31.55454173003136,3.0867776886059155,6.696478071125998,95.69010834678338,10.0,7.220326667703632,9.80528450012207,2.567426793383139
47,388Ležalová-Piálková2011,Larus_ridibundus,Chroicocephalus_ridibundus,Charadriiformes,Laridae,"Gulls, Terns, and Skimmers",Larus_ridibundus,monogamy,single-year study,black-headed_gull,48.92,17.08,no,microsatellite,2004,2004,April,May,33.3,10.0,20.0,30.0,47,17.08,2004,4.0,43.0,10.5,9.310344943,1.189655057,10.28000031,0.219999695,5.0,11.9000001,11.736207,0.163793095,13.46000051,-1.56000042,2.0,31.20000076,40.531035,-9.331034233,34.02000008,-2.819999313,77.80000305,104.2896571,-26.48965401,80.94000053,-3.139997482,2.0,8.199999809,7.950000048,4.0,5.0,2.0,1.0,1.0,4.0,5.0,2004.0,48.92,17.08,0.435958639,0.472877748,both,True,48.92,17.08,48.92,Larus_ridibundus_48.92_17.08,436.0672465,2004.0,4.0,48.92,17.08,2004-04-01,2004-04-30,ECMWF/ERA5_LAND/DAILY_AGGR,9.911152720349037,1.1620467912704175,2.079379796764588,34.86140373811253,7.0,10.129835743374317,11.067337671915652,2.712875780808778
48,411Lawless1997,Megascops_asio,Megascops_asio,Strigiformes,Strigidae,Owls,Megascops_asio,monogamy,single-year study,eastern_screech-owl,37.62,-84.12,yes,DNA fingerprinting,1994,1994,March,June,0.0,0.0,23.0,23.0,48,-84.12,1994,3.0,44.0,7.200000286,7.79310353,-0.593103244,8.320000267,-1.119999981,6.0,15.62500036,15.23103472,0.393965639,15.32000031,0.305000043,4.0,184.6999969,112.7275889,71.97240803,117.6000046,67.09999237,511.8000031,427.5103544,84.28964865,430.4600082,81.33999481,4.0,11.40000057,12.2750001,3.0,6.0,4.0,1.0,1.0,3.0,6.0,1994.0,37.62,-84.12,0.350881619,0.524332933,both,True,37.62,-84.12,37.62,Megascops_asio_37.62_-84.12,602.3988987,1994.0,3.0,37.62,-84.12,1994-03-01,1994-03-31,ECMWF/ERA5_LAND/DAILY_AGGR,51.521373070499976,7.522861522928101,11.813359307992163,233.2087072107712,16.0,6.716608978599655,16.227341334025027,4.239681430677818
49,132Major2004,Melospiza_melodia,Melospiza_melodia,Passeriformes,Passerellidae,New World Sparrows,Melospiza_melodia,monogamy,single-year study,song_sparrow,44.75,-63.68,no,microsatellite,2000,2000,April,July,30.0,3.0,7.0,10.0,49,-63.68,2000,4.0,45.0,4.700000286,3.751724208,0.948276078,4.060000181,0.640000105,7.0,11.22500026,11.24396572,-0.018965453,11.86000017,-0.634999907,4.0,130.4000092,110.8103466,19.58966255,93.94000244,36.46000671,381.4000168,414.8689734,-33.46895665,399.7000099,-18.29999313,4.0,8.699999809,10.17499995,4.0,7.0,4.0,1.0,1.0,4.0,7.0,2000.0,44.75,-63.68,0.408668385,0.500714338,both,True,44.75,-63.68,44.75,Melospiza_melodia_44.75_-63.68,9.551193289,2000.0,4.0,44.75,-63.68,2000-04-01,2000-04-30,ECMWF/ERA5_LAND/DAILY_AGGR,21.67523205270072,3.5321063284564267,5.412632018220095,105.9631898536928,15.0,5.406470765007884,9.359820048014342,2.556558634546945
50,137Currie1998,Oenanthe_oenanthe,Oenanthe_oenanthe,Passeriformes,Muscicapidae,Old World Flycatchers,Oenanthe_oenanthe,monogamy,single-year study,northern_wheatear,52.77,-4.78,no,DNA fingerprinting,1991,1991,March,June,29.4,5.0,12.0,17.0,50,-4.78,1991,3.0,46.0,7.700000286,5.937931118,1.762069168,6.480000114,1.220000172,6.0,9.675000191,9.379310515,0.295689675,9.650000048,0.025000143,4.0,95.40000153,95.2068978,0.193103725,112.5400013,-17.13999977,307.0000114,309.303452,-2.303440554,305.5000031,1.500008392,4.0,5.400000095,6.075000048,3.0,6.0,4.0,1.0,1.0,3.0,6.0,1991.0,52.77,-4.78,0.6247,0.590393133,both,True,52.77,-4.78,52.77,Oenanthe_oenanthe_52.77_-4.78,7.658934076,1991.0,3.0,52.77,-4.78,1991-03-01,1991-03-31,ECMWF/ERA5_LAND/DAILY_AGGR,25.07801651944419,3.824656467607327,5.285880861097044,118.56435049582714,18.0,7.897637221633772,5.66025479634601,1.2262639266376698
51,371Quillfeldt2012,Pachyptila_belcheri,Pachyptila_belcheri,Procellariiformes,Procellariidae,Shearwaters and Petrels,Pachyptila_belcheri,monogamy,single-year study,thin-billed_prion,-51.72,-61.28,no,microsatellite,2006,2007,December,January,20.6,7.0,27.0,34.0,51,-61.28,2006,12.0,47.0,,,,,,1.0,,,,,,2.0,,,,,,,,,,,2.0,,,12.0,1.0,2.0,1.0,1.0,12.0,1.0,2006.0,-51.72,-61.28,0.224011125,0.14075471,both,True,-51.72,-61.28,51.72,Pachyptila_belcheri_-51.72_-61.28,16.20668118,2006.0,12.0,-51.72,-61.28,2006-12-01,2006-12-31,ECMWF/ERA5_LAND/DAILY_AGGR,,,,,,,,
52,444Lubjuhn1999,Parus_ater,Periparus_ater,Passeriformes,Paridae,"Tits, Chickadees, and Titmice",Parus_ater,monogamy,single-year study,coal_tit,52.33,11.0,yes,DNA fingerprinting,1993,1993,April,July,75.0,15.0,5.0,20.0,52,11.0,1993,4.0,48.0,10.90000057,7.882758815,3.017241757,8.400000381,2.500000191,7.0,14.40000057,13.43189682,0.96810375,14.09000025,0.310000324,4.0,26.39999962,46.42758685,-20.02758723,37.40000095,-11.00000134,286.7000103,231.4862105,55.21379984,186.1400023,100.560008,4.0,10.69999981,9.900000095,4.0,7.0,4.0,1.0,1.0,4.0,7.0,1993.0,52.33,11.0,0.464308811,0.607057189,both,True,52.33,11.0,52.33,Parus_ater_52.33_11,158.6854127,1993.0,4.0,52.33,11.0,1993-04-01,1993-04-30,ECMWF/ERA5_LAND/DAILY_AGGR,7.730835676188263,0.9744069547256372,1.8930030055996303,29.23220864176912,5.0,10.701941447787837,15.734257380167662,5.14762253935984
53,14Gullberg1992,Parus_caeruleus,Cyanistes_caeruleus,Passeriformes,Paridae,"Tits, Chickadees, and Titmice",Parus_caeruleus,monogamy,single-year study,blue_tit,59.83,17.63,yes,DNA fingerprinting,1988,1988,April,June,28.6,2.0,5.0,7.0,53,17.63,1988,4.0,49.0,3.200000048,4.134482832,-0.934482784,3.920000124,-0.720000076,6.0,10.46666662,9.794253016,0.672413603,9.560000181,0.906666438,3.0,27.70000076,29.74137994,-2.041379172,28.72000065,-1.019999886,113.4000015,104.5275881,8.872413421,112.9800013,0.420000267,3.0,8.600000381,10.16666698,4.0,6.0,3.0,1.0,1.0,4.0,6.0,1988.0,59.83,17.63,0.260432278,0.416577116,both,True,59.83,17.63,59.83,Parus_caeruleus_59.83_17.63,53.61318298,1988.0,4.0,59.83,17.63,1988-04-01,1988-04-30,ECMWF/ERA5_LAND/DAILY_AGGR,11.7466002702713,1.6986602535583966,2.675386061652977,50.959807606751895,11.0,3.435297075907414,9.938069025675476,2.963605130830271
54,350Vedder2010,Parus_caeruleus,Cyanistes_caeruleus,Passeriformes,Paridae,"Tits, Chickadees, and Titmice",Parus_caeruleus,monogamy,single-year study,blue_tit,53.13,6.58,yes,microsatellite,2008,2008,April,June,55.6,20.0,16.0,36.0,54,6.58,2008,4.0,50.0,7.700000286,7.193103544,0.506896742,9.400000191,-1.699999905,6.0,12.83333381,11.14367833,1.689655479,12.80000025,0.033333556,3.0,36.70000076,47.69655257,-10.99655181,33.94000015,2.76000061,100.9000015,169.9137963,-69.01379473,164.2800011,-63.37999954,3.0,9.0,10.53333346,4.0,6.0,3.0,1.0,1.0,4.0,6.0,2008.0,53.13,6.58,0.536551544,0.633323693,both,True,53.13,6.58,53.13,Parus_caeruleus_53.13_6.58,33.62214897,2008.0,4.0,53.13,6.58,2008-04-01,2008-04-30,ECMWF/ERA5_LAND/DAILY_AGGR,6.00134492020743,1.4620038860414295,1.8273882324650068,43.86011658124289,11.0,7.87729746500654,11.304348627726256,2.971202264728963
55,466García-Navas2015,Parus_major,Parus_major,Passeriformes,Paridae,"Tits, Chickadees, and Titmice",Parus_major,monogamy,single-year study,great_tit,39.55,-4.33,yes,microsatellite,2012,2012,April,June,55.3,26.0,21.0,47.0,55,-4.33,2012,4.0,51.0,11.10000038,11.61724156,-0.517241182,13.28000011,-2.179999733,6.0,17.23333359,15.93908062,1.294252966,17.26666698,-0.033333397,3.0,71.90000153,47.05517286,24.84482866,58.36000214,13.53999939,99.00000155,122.0310367,-23.03103515,144.7400021,-45.74000051,3.0,9.800000191,12.63333352,4.0,6.0,3.0,1.0,1.0,4.0,6.0,2012.0,39.55,-4.33,0.455856465,0.439903015,both,True,39.55,-4.33,39.55,Parus_major_39.55_-4.33,313.3195755,2012.0,4.0,39.55,-4.33,2012-04-01,2012-04-30,ECMWF/ERA5_LAND/DAILY_AGGR,12.229595040082586,2.844050136397769,3.493636351841247,85.32150409193306,16.0,9.233036740620957,8.171014785766602,1.7793266552896525
56,14Gullberg1992,Parus_major,Parus_major,Passeriformes,Paridae,"Tits, Chickadees, and Titmice",Parus_major,monogamy,single-year study,great_tit,59.83,17.67,yes,DNA fingerprinting,1998,1998,April,June,50.0,5.0,5.0,10.0,56,17.67,1998,4.0,33.0,3.799999952,4.134482832,-0.334482879,4.860000038,-1.060000086,6.0,9.166666905,9.794253016,-0.627586111,9.580000178,-0.413333273,3.0,30.30000114,29.74137994,0.558621209,31.46000023,-1.159999084,139.3000011,104.5275881,34.77241304,131.0000027,8.299998474,3.0,7.200000286,8.766666889,4.0,6.0,3.0,1.0,1.0,4.0,6.0,1998.0,59.83,17.67,0.314783981,0.478513594,both,True,59.83,17.67,59.83,Parus_major_59.83_17.67,52.38825708,1998.0,4.0,59.83,17.67,1998-04-01,1998-04-30,ECMWF/ERA5_LAND/DAILY_AGGR,5.224752426045143,1.1697992462926503,1.7259494460387954,35.09397738877951,9.0,3.8240646574232526,16.428853352864564,4.493608540501786
57,445Lubjuhn2007,Parus_major,Parus_major,Passeriformes,Paridae,"Tits, Chickadees, and Titmice",Parus_major,monogamy,single-year study,great_tit,52.37,11.02,yes,DNA fingerprinting,1993,1993,April,June,34.0,90.0,175.0,265.0,57,11.02,1993,4.0,52.0,10.90000057,7.882758815,3.017241757,8.400000381,2.500000191,6.0,13.80000051,12.10804623,1.691954278,12.65333354,1.146666972,3.0,26.39999962,46.42758685,-20.02758723,37.40000095,-11.00000134,170.9000072,171.6931064,-0.793099107,128.500001,42.40000629,3.0,10.69999981,10.36666679,4.0,6.0,3.0,1.0,1.0,4.0,6.0,1993.0,52.37,11.02,0.476989778,0.58330793,both,True,52.37,11.02,52.37,Parus_major_52.37_11.02,155.574394,1993.0,4.0,52.37,11.02,1993-04-01,1993-04-30,ECMWF/ERA5_LAND/DAILY_AGGR,7.862219214434418,0.985741771340424,1.922470498842648,29.572253140212723,5.0,10.667921808030892,15.856653213500977,5.137891223126476
58,240Otter2001,Parus_major,Parus_major,Passeriformes,Paridae,"Tits, Chickadees, and Titmice",Parus_major,monogamy,single-year study,great_tit,55.67,12.57,yes,microsatellite,1998,1998,April,June,39.1,9.0,14.0,23.0,58,12.57,1998,4.0,53.0,7.200000286,6.141379397,1.058620889,7.280000019,-0.079999733,6.0,11.60000022,10.95402322,0.645977001,11.1266668,0.473333422,3.0,60.10000229,40.88620779,19.21379449,31.92000027,28.18000202,180.7000046,137.1344854,43.56551918,134.5600016,46.14000301,3.0,6.599999905,7.866666794,4.0,6.0,3.0,1.0,1.0,4.0,6.0,1998.0,55.67,12.57,0.259605981,0.315655192,both,True,55.67,12.57,55.67,Parus_major_55.67_12.57,0.680536644,1998.0,4.0,55.67,12.57,1998-04-01,1998-04-30,ECMWF/ERA5_LAND/DAILY_AGGR,,,,,,,,
59,474Winkel2001,Parus_major,Parus_major,Passeriformes,Paridae,"Tits, Chickadees, and Titmice",Parus_major,monogamy,single-year study,great_tit,52.15,10.32,yes,DNA fingerprinting,1998,1998,April,June,25.0,1.0,3.0,4.0,59,10.32,1998,4.0,54.0,10.0,7.875862187,2.124137813,8.960000038,1.039999962,6.0,13.66666698,12.00804616,1.658620823,12.39333344,1.273333549,3.0,74.30000305,54.27931092,20.02069213,48.22000084,26.08000221,194.6000061,198.1896576,-3.589651535,192.5400028,2.060003281,3.0,8.199999809,9.399999936,4.0,6.0,3.0,1.0,1.0,4.0,6.0,1998.0,52.15,10.32,0.515468263,0.634094128,both,True,52.15,10.32,52.15,Parus_major_52.15_10.32,160.2810305,1998.0,4.0,52.15,10.32,1998-04-01,1998-04-30,ECMWF/ERA5_LAND/DAILY_AGGR,15.068956392326529,3.394762156309028,3.7903013659680553,101.84286468927084,18.0,9.291946601867696,9.381807327270508,2.593887993919727
60,146Garcia-Del-Rey2012,Parus_teneriffae,Cyanistes_caeruleus,Passeriformes,Paridae,"Tits, Chickadees, and Titmice",Parus_teneriffae,monogamy,single-year study,African_blue_tit,28.42,16.38,yes,microsatellite,2009,2009,April,July,38.7,12.0,19.0,31.0,60,16.38,2009,4.0,55.0,21.39999962,20.81724167,0.58275795,21.58000031,-0.180000687,7.0,25.69999981,25.17586243,0.524137382,25.97000055,-0.270000744,4.0,0.0,2.50689656,-2.50689656,8.660000116,-8.660000116,2.00000006,6.065517322,-4.065517262,14.66000013,-12.66000007,4.0,15.40000057,15.25000024,4.0,7.0,4.0,1.0,1.0,4.0,7.0,2009.0,28.42,16.38,0.147444781,0.147687349,both,True,28.42,16.38,28.42,Parus_teneriffae_28.42_16.38,310.0359187,2009.0,4.0,28.42,16.38,2009-04-01,2009-04-30,ECMWF/ERA5_LAND/DAILY_AGGR,4.15995717048645,0.1441504165300718,0.7457992367645421,4.324512495902155,1.0,20.727434857686383,10.855908075968443,2.7399632323597034
61,357Cordero1999,Passer_domesticus,Passer_domesticus,Passeriformes,Passeridae,Old World Sparrows,Passer_domesticus,monogamy,single-year study,house_sparrow,53.07,-0.95,yes,DNA fingerprinting,1994,1994,March,May,11.8,2.0,15.0,17.0,61,-0.95,1994,3.0,56.0,6.800000191,5.420689731,1.37931046,7.120000076,-0.319999886,5.0,8.333333492,7.988505879,0.344827614,9.0266668,-0.693333308,3.0,45.60000229,49.35862104,-3.758618749,31.68000069,13.9200016,135.3000031,150.6206918,-15.32068874,111.9000036,23.39999943,3.0,7.099999905,7.566666762,3.0,5.0,3.0,1.0,1.0,3.0,5.0,1994.0,53.07,-0.95,0.361261979,0.429620971,both,True,53.07,-0.95,53.07,Passer_domesticus_53.07_-0.95,69.12314667,1994.0,3.0,53.07,-0.95,1994-03-01,1994-03-31,ECMWF/ERA5_LAND/DAILY_AGGR,7.345828793745568,1.8990921473423603,2.101645953858721,58.87185656761318,17.0,7.178071512201805,8.441224416096986,2.409487773097527
62,357Cordero1999,Passer_domesticus,Passer_domesticus,Passeriformes,Passeridae,Old World Sparrows,Passer_domesticus,monogamy,single-year study,house_sparrow,41.38,2.15,yes,DNA fingerprinting,1995,1995,April,May,28.0,7.0,18.0,25.0,62,2.15,1995,4.0,57.0,13.80000019,12.95172428,0.848275908,12.72000027,1.079999924,5.0,15.3499999,14.45172436,0.89827554,14.86000032,0.48999958,2.0,30.80000114,50.48620785,-19.6862067,48.56000023,-17.75999908,64.00000191,105.6448294,-41.64482746,105.9800026,-41.98000069,2.0,10.30000019,9.450000286,4.0,5.0,2.0,1.0,1.0,4.0,5.0,1995.0,41.38,2.15,0.228510897,0.228603085,both,True,41.38,2.15,41.38,Passer_domesticus_41.38_2.15,3.985329571,1995.0,4.0,41.38,2.15,1995-04-01,1995-04-30,ECMWF/ERA5_LAND/DAILY_AGGR,,,,,,,,
63,421 Lorentsen2000,Thalassoica_antarctica,Thalassoica_antarctica,Procellariiformes,Procellariidae,Shearwaters and Petrels,Thalassoica_antarctica,monogamy,single-year study,Antarctic_petrel,-71.88,5.17,no,DNA fingerprinting,1993,1994,January,February,7.3,3.0,38.0,41.0,63,5.17,1993,1.0,58.0,,,,,,2.0,,,,,,2.0,,,,,,,,,,,2.0,,,1.0,2.0,2.0,1.0,1.0,1.0,2.0,1993.0,-71.88,5.17,,,both,True,-71.88,5.17,71.88,Thalassoica_antarctica_-71.88_5.17,128.3056709,1993.0,1.0,-71.88,5.17,1993-01-01,1993-01-31,ECMWF/ERA5_LAND/DAILY_AGGR,3.693356288238192,0.5401559454891377,0.9595473821260366,16.74483431016327,6.0,-15.72262615490983,5.785116195678739,1.4700411912739169
64,242Berthier2012,Upupa_epops,Upupa_epops,Bucerotiformes,Upupidae,Hoopoes,Upupa_epops,monogamy,single-year study,Eurasian_hoopoe,46.33,7.67,no,microsatellite,2004,2004,April,August,17.1,7.0,34.0,41.0,64,7.67,2004,4.0,59.0,-0.300000012,-1.893103482,1.59310347,-0.859999995,0.559999983,8.0,5.500000179,4.431034582,1.068965597,6.11200014,-0.611999961,5.0,95.0,125.031037,-30.03103703,125.0400009,-30.04000092,716.6000061,739.9310475,-23.3310414,807.3600067,-90.76000061,5.0,7.5,6.960000134,4.0,8.0,5.0,1.0,1.0,4.0,8.0,2004.0,46.33,7.67,0.471597995,0.506973115,both,True,46.33,7.67,46.33,Upupa_epops_46.33_7.67,228.7367111,2004.0,4.0,46.33,7.67,2004-04-01,2004-04-30,ECMWF/ERA5_LAND/DAILY_AGGR,24.61776435370666,3.781797589018984,5.689259316189752,113.4539276705695,14.0,-1.7092647340562397,10.123187383015932,2.7358587345518024
65,321Martín-Vivaldi2002,Upupa_epops,Upupa_epops,Bucerotiformes,Upupidae,Hoopoes,Upupa_epops,monogamy,single-year study,Eurasian_hoopoe,37.0,-3.0,no,DNA fingerprinting,1995,1995,February,June,10.0,2.0,18.0,20.0,65,-3.0,1995,2.0,60.0,11.10000038,9.589655301,1.510345081,9.48000021,1.620000172,6.0,15.14000034,13.98137954,1.158620805,14.18800013,0.952000217,5.0,29.70000076,40.78275941,-11.08275865,40.98000031,-11.27999954,99.90000117,174.5413817,-74.64138054,159.9400027,-60.04000152,5.0,9.800000191,10.12000027,2.0,6.0,5.0,1.0,1.0,2.0,6.0,1995.0,37.0,-3.0,0.29529932,0.297660619,both,True,37.0,-3.0,37.0,Upupa_epops_37_-3,27.79181326,1995.0,2.0,37.0,-3.0,1995-02-01,1995-02-28,ECMWF/ERA5_LAND/DAILY_AGGR,14.783051453207465,0.8195544203359566,2.7542274050351088,22.947523769406786,4.0,8.99199095680603,11.123023986816406,2.697313238651376
66,418Harper2010,Vermivora_chrysoptera,Vermivora_chrysoptera,Passeriformes,Parulidae,New World Warblers,Vermivora_chrysoptera,monogamy,single-year study,golden-winged_warbler,44.57,-76.32,no,microsatellite,2005,2005,April,July,76.5,13.0,4.0,17.0,66,-76.32,2005,4.0,61.0,7.300000191,5.641379381,1.65862081,5.480000019,1.820000172,7.0,15.20000076,14.09482785,1.105172916,13.94500015,1.255000615,4.0,81.5,70.90000093,10.59999907,75.57999992,5.920000076,294.6000023,292.0172464,2.582755911,342.4000057,-47.80000343,4.0,11.60000038,12.00000048,4.0,7.0,4.0,1.0,1.0,4.0,7.0,2005.0,44.57,-76.32,0.360993112,0.573417003,both,True,44.57,-76.32,44.57,Vermivora_chrysoptera_44.57_-76.32,135.9884961,2005.0,4.0,44.57,-76.32,2005-04-01,2005-04-30,ECMWF/ERA5_LAND/DAILY_AGGR,34.62918400759918,4.381662972005884,8.292395004904364,131.44988916017653,12.0,6.713731087578691,9.464101791381836,2.4653495445021263
67,61Carvalho2006,Volatinia_jacarina,Volatinia_jacarina,Passeriformes,Thraupidae,Tanagers and Allies,Volatinia_jacarina,monogamy,single-year study,blue-black_grassquits,-15.95,-47.93,no,microsatellite,1999,2000,November,March,63.6,7.0,4.0,11.0,67,-47.93,1999,11.0,62.0,21.60000038,21.93103488,-0.331034496,22.64000053,-1.040000153,3.0,22.68000069,21.97034519,0.709655499,22.76800041,-0.087999725,5.0,258.0,224.8000038,33.19999616,238.6400055,19.35999451,1166.000015,1183.141397,-17.14138149,1149.260027,16.73998871,5.0,9.0,8.820000267,11.0,3.0,5.0,1.0,1.0,11.0,3.0,1999.0,-15.95,-47.93,0.497143964,0.534550997,both,True,-15.95,-47.93,15.95,Volatinia_jacarina_-15.95_-47.93,862.0605268,1999.0,11.0,-15.95,-47.93,1999-11-01,1999-11-30,ECMWF/ERA5_LAND/DAILY_AGGR,28.3676475285688,7.737385380653923,6.952852155353707,232.1215614196177,26.0,20.718597200181776,2.285512288411496,0.5850118827577792
68,71Eikenaar2013,Zonotrichia_capensis,Zonotrichia_capensis,Passeriformes,Passerellidae,New World Sparrows,Zonotrichia_capensis,monogamy,single-year study,rufous-collared_sparrow,-0.35,-78.15,no,microsatellite,2006,2007,October,January,63.6,7.0,4.0,11.0,68,-78.15,2006,10.0,63.0,11.69999981,11.28620713,0.413792676,11.40000019,0.299999619,1.0,11.69999981,11.38620707,0.313792738,11.54500012,0.154999685,4.0,28.20000076,109.2379327,-81.03793197,107.6200022,-79.42000141,266.4000015,370.9655239,-104.5655224,397.1000036,-130.7000021,4.0,15.10000038,16.20000029,10.0,1.0,4.0,1.0,1.0,10.0,1.0,2006.0,-0.35,-78.15,0.575958279,0.576857162,both,True,-0.35,-78.15,0.35,Zonotrichia_capensis_-0.35_-78.15,192.0759971,2006.0,10.0,-0.35,-78.15,2006-10-01,2006-10-31,ECMWF/ERA5_LAND/DAILY_AGGR,22.69303202628592,5.086094477593544,5.44476356675536,157.66892880539984,26.0,5.85092264401018,1.66646703084308,0.4301045406345546
69,71Eikenaar2013,Zonotrichia_capensis,Zonotrichia_capensis,Passeriformes,Passerellidae,New World Sparrows,Zonotrichia_capensis,monogamy,single-year study,rufous-collared_sparrow,-0.12,-77.92,no,microsatellite,2009,2009,January,December,60.0,6.0,4.0,10.0,69,-77.92,2009,1.0,64.0,15.19999981,15.41379323,-0.213793426,15.62000027,-0.420000458,12.0,15.45833349,15.13534503,0.322988461,15.09000018,0.368333308,12.0,56.40000153,48.71379392,7.686207607,38.06000137,18.34000015,730.8000164,1062.824158,-332.0241414,925.540023,-194.7400066,12.0,12.30000019,12.85000014,1.0,12.0,12.0,1.0,1.0,1.0,12.0,2009.0,-0.12,-77.92,,0.713547701,both,True,-0.12,-77.92,0.12,Zonotrichia_capensis_-0.12_-77.92,183.3384396,2009.0,1.0,-0.12,-77.92,2009-01-01,2009-01-31,ECMWF/ERA5_LAND/DAILY_AGGR,25.00072691879041,6.461055610490263,4.88365857613067,200.2927239251981,31.0,7.2629331855364,0.9938850402832032,0.3050188147136586
70,263Schulze-Hagen1993,Acrocephalus_paludicola,Acrocephalus_paludicola,Passeriformes,Acrocephalidae,Reed Warblers and Allies,Acrocephalus_paludicola,polyandry,single-year study,aquatic_warbler,53.48,23.0,no,DNA fingerprinting,1990,1990,June,July,50.0,9.0,9.0,18.0,70,23.0,1990,6.0,65.0,15.80000019,15.80344855,-0.003448355,15.40000019,0.4,7.0,16.00000048,16.51896584,-0.518965359,16.4800004,-0.479999924,2.0,68.80000305,71.57931111,-2.779308056,87.22000198,-18.41999893,161.0000076,147.6172429,13.38276468,158.3600029,2.64000473,2.0,11.30000019,10.05000019,6.0,7.0,2.0,1.0,1.0,6.0,7.0,1990.0,53.48,23.0,0.654298834,0.647771739,both,True,53.48,23.0,53.48,Acrocephalus_paludicola_53.48_23,200.1247322,1990.0,6.0,53.48,23.0,1990-06-01,1990-06-30,ECMWF/ERA5_LAND/DAILY_AGGR,29.68024015416404,3.566712559010909,6.864425601214668,107.00137677032728,11.0,16.068157704671247,9.198389053344728,2.569244421496211
71,138Richardson2001,Acrocephalus_sechellensis,Acrocephalus_sechellensis,Passeriformes,Acrocephalidae,Reed Warblers and Allies,Acrocephalus_sechellensis,monogamy,single-year study,seychelles_warbler,-4.32,55.65,no,microsatellite,1999,1999,May,September,40.0,18.0,27.0,45.0,71,55.65,1999,5.0,66.0,,,,,,9.0,,,,,,5.0,,,,,,,,,,,5.0,,,5.0,9.0,5.0,1.0,1.0,5.0,9.0,1999.0,-4.32,55.65,,,both,True,-4.32,55.65,4.32,Acrocephalus_sechellensis_-4.32_55.65,34.18641292,1999.0,5.0,-4.32,55.65,1999-05-01,1999-05-31,ECMWF/ERA5_LAND/DAILY_AGGR,,,,,,,,
72,299de L. Brooke1995,Acrocephalus_vaughani,Acrocephalus_vaughani,Passeriformes,Acrocephalidae,Reed Warblers and Allies,Acrocephalus_vaughani,monogamy_polyandry,single-year study,Henderson_reed-warbler,-24.38,-128.32,no,DNA fingerprinting,1991,1991,September,December,,,,,72,-128.32,1991,9.0,67.0,,,,,,12.0,,,,,,4.0,,,,,,,,,,,4.0,,,9.0,12.0,4.0,1.0,1.0,9.0,12.0,1991.0,-24.38,-128.32,,,both,True,-24.38,-128.32,24.38,Acrocephalus_vaughani_-24.38_-128.32,1.282506873,1991.0,9.0,-24.38,-128.32,1991-09-01,1991-09-30,ECMWF/ERA5_LAND/DAILY_AGGR,,,,,,,,
73,222Martinez 1998,Clamator_glandarius,Clamator_glandarius,Cuculiformes,Cuculidae,Cuckoos,Clamator_glandarius,no_social_bond,single-year study,great_spotted_cuckoo,37.18,-3.05,no,microsatellite,1993,1993,March,June,20.0,2.0,8.0,10.0,73,-3.05,1993,3.0,68.0,6.800000191,6.237931186,0.562069005,7.280000114,-0.479999924,6.0,11.125,11.03362091,0.091379092,11.62500026,-0.500000262,4.0,47.10000229,64.00344998,-16.90344769,70.00000114,-22.89999886,239.9000092,228.4827622,11.41724692,225.1000033,14.80000587,4.0,10.60000038,11.7750001,3.0,6.0,4.0,1.0,1.0,3.0,6.0,1993.0,37.18,-3.05,0.228967224,0.328761757,both,True,37.18,-3.05,37.18,Clamator_glandarius_37.18_-3.05,47.40512898,1993.0,3.0,37.18,-3.05,1993-03-01,1993-03-31,ECMWF/ERA5_LAND/DAILY_AGGR,41.85491502283867,2.636612568302037,7.565571699718458,81.73498961736314,10.0,6.494937105076307,18.115784962972043,4.300343243894219
74,35Alderson1999,Molothrus_ater,Molothrus_ater,Passeriformes,Icteridae,Troupials and Allies,Molothrus_ater,no_social_bond,single-year study,brown-headed_cowbird,50.18,-98.38,no,microsatellite,1994,1994,May,July,,,,,74,-98.38,1994,5.0,69.0,12.40000057,11.15517261,1.244827961,12.10000019,0.300000381,7.0,16.10000006,15.75747153,0.34252853,15.69333356,0.406666501,3.0,50.90000153,49.65172529,1.248276234,43.08000107,7.820000458,235.1000061,198.0172445,37.08276165,232.0200058,3.080000305,3.0,14.10000038,12.13333352,5.0,7.0,3.0,1.0,1.0,5.0,7.0,1994.0,50.18,-98.38,0.283208391,0.580824618,both,True,50.18,-98.38,50.18,Molothrus_ater_50.18_-98.38,834.8031107,1994.0,5.0,50.18,-98.38,1994-05-01,1994-05-31,ECMWF/ERA5_LAND/DAILY_AGGR,16.00512564073142,2.213631672361084,4.583619400426176,68.62258184319359,8.0,10.667912419637064,17.301516215006473,4.4977696691190845
75,230Martínez2013,Myiopsitta_monachus,Myiopsitta_monachus,Psittaciformes,Psittacidae,New World and African Parrots,Myiopsitta_monachus,monogamy,single-year study,monk_parakeet,-31.67,-62.82,no,microsatellite,2000,2000,November,December,45.5,15.0,18.0,33.0,75,-62.82,2000,11.0,70.0,20.10000038,21.35862101,-1.258620624,21.70000076,-1.600000381,12.0,22.05000019,22.48965553,-0.439655337,22.86000042,-0.810000229,2.0,146.9000092,96.86896725,50.0310419,100.3,46.60000916,258.1000137,225.0344862,33.06552755,239.940004,18.16000977,2.0,12.19999981,12.5999999,11.0,12.0,2.0,1.0,1.0,11.0,12.0,2000.0,-31.67,-62.82,0.518462416,0.527681738,both,True,-31.67,-62.82,31.67,Myiopsitta_monachus_-31.67_-62.82,442.7021022,2000.0,11.0,-31.67,-62.82,2000-11-01,2000-11-30,ECMWF/ERA5_LAND/DAILY_AGGR,58.176281720079714,6.229159948779639,12.893146957765625,186.8747984633892,13.0,19.74336435529923,9.83369000752765,2.13071103575963
76,216Dale1999,Phalaropus_fulicarius,Phalaropus_fulicarius,Charadriiformes,Scolopacidae,Sandpipers and Allies,Phalaropus_fulicarius,polyandry,single-year study,red_phalarope,69.4,81.82,no,DNA fingerprinting,1993,1993,June,July,33.3,6.0,12.0,18.0,76,81.82,1993,6.0,71.0,7.099999905,4.100000057,2.999999848,4.760000086,2.339999819,7.0,9.700000048,7.603448377,2.096551671,8.2700001,1.429999948,2.0,9.600000381,40.43103544,-30.83103505,43.24000053,-33.64000015,45.70000267,89.69310497,-43.9931023,83.38000088,-37.67999821,2.0,7.200000286,7.650000334,6.0,7.0,2.0,1.0,1.0,6.0,7.0,1993.0,69.4,81.82,0.325431612,0.453088119,both,True,69.4,81.82,69.4,Phalaropus_fulicarius_69.4_81.82,87.90902151,1993.0,6.0,69.4,81.82,1993-06-01,1993-06-30,ECMWF/ERA5_LAND/DAILY_AGGR,2.678373455996308,0.2909850206062714,0.6240975175162121,8.729550618188142,3.0,6.738252427842908,21.02356783548987,6.475841012308703
77,280Heer1996,Prunella_collaris,Prunella_collaris,Passeriformes,Prunellidae,Accentors,Prunella_collaris,polyandry,single-year study,Alpine_accentor,46.2,7.63,no,other,1993,1993,May,July,60.0,3.0,2.0,5.0,77,7.63,1993,5.0,72.0,4.200000286,2.120689688,2.079310599,3.479999991,0.720000295,7.0,6.333333492,5.406896668,0.926436825,6.14666674,0.186666752,3.0,111.9000015,143.296554,-31.39655251,118.1600006,-6.259999084,469.0000076,446.5793185,22.42068916,422.6000031,46.40000458,3.0,6.900000095,6.566666762,5.0,7.0,3.0,1.0,1.0,5.0,7.0,1993.0,46.2,7.63,0.4163131,0.472372903,both,True,46.2,7.63,46.2,Prunella_collaris_46.2_7.63,216.7016836,1993.0,5.0,46.2,7.63,1993-05-01,1993-05-31,ECMWF/ERA5_LAND/DAILY_AGGR,28.04915606975556,3.200961312023581,5.291284501387175,99.22980067273102,20.0,3.809128431094613,9.556107203165707,2.4483164941813893
78,100Kimwele2002,Struthio_camelus,Struthio_camelus,Struthioniformes,Struthionidae,Ostriches,Struthio_camelus,polyandry,single-year study,ostrich,-1.4,36.8,no,microsatellite,1998,1998,July,December,100.0,6.0,0.0,6.0,78,36.8,1998,7.0,73.0,16.39999962,15.90000028,0.499999342,16.16000023,0.23999939,12.0,18.16666698,17.56264408,0.604022908,17.87333349,0.293333499,6.0,42.60000229,22.33103496,20.26896733,18.7800004,23.82000189,203.7000084,364.2551776,-160.5551692,353.7200062,-150.0199978,6.0,10.69999981,11.9333334,7.0,12.0,6.0,1.0,1.0,7.0,12.0,1998.0,-1.4,36.8,0.407494625,0.330896862,both,True,-1.4,36.8,1.4,Struthio_camelus_-1.4_36.8,406.3987949,1998.0,7.0,-1.4,36.8,1998-07-01,1998-07-31,ECMWF/ERA5_LAND/DAILY_AGGR,4.996764659779274,0.7701406511736488,0.9156237333327022,23.874360186383115,7.0,16.23187500738331,2.176547368367494,0.4828584894405803
79,128Green2002,Acanthiza_pusilla,Acanthiza_pusilla,Passeriformes,Acanthizidae,Thornbills and Allies,Acanthiza_pusilla,monogamy,yearly,brown_thornbill,-35.27,149.1,no,DNA fingerprinting,1995,1995,July,December,15.4,2.0,11.0,13.0,79,149.1,1995,7.0,74.0,4.5,4.924137995,-0.424137995,5.700000191,-1.200000191,12.0,10.90000041,10.94540249,-0.045402082,11.01666692,-0.116666508,6.0,61.70000076,60.77241529,0.92758547,77.1200016,-15.42000084,402.9000053,393.1241456,9.775859701,388.3000048,14.60000057,6.0,10.0,12.21666686,7.0,12.0,6.0,1.0,1.0,7.0,12.0,1995.0,-35.27,149.1,0.436871908,0.495254942,both,True,-35.27,149.1,35.27,Acanthiza_pusilla_-35.27_149.1,116.8809507,1995.0,7.0,-35.27,149.1,1995-07-01,1995-07-31,ECMWF/ERA5_LAND/DAILY_AGGR,8.93428921699524,1.4550849616123818,2.12678141128268,45.10763380998384,12.0,4.083485847391125,5.892321268717467,1.4815663826201106
80,128Green2002,Acanthiza_pusilla,Acanthiza_pusilla,Passeriformes,Acanthizidae,Thornbills and Allies,Acanthiza_pusilla,monogamy,yearly,brown_thornbill,-35.27,149.1,no,DNA fingerprinting,1996,1996,July,December,12.5,3.0,21.0,24.0,80,149.1,1996,7.0,74.0,5.200000286,4.924137995,0.275862291,5.460000134,-0.259999847,12.0,10.65000025,10.94540249,-0.29540224,10.91666695,-0.266666698,6.0,83.70000458,60.77241529,22.92758928,76.24000206,7.460002518,428.6000061,393.1241456,35.47586046,395.1200064,33.47999973,6.0,10.30000019,12.4000001,7.0,12.0,6.0,1.0,1.0,7.0,12.0,1996.0,-35.27,149.1,0.398032426,0.480718552,both,True,-35.27,149.1,35.27,Acanthiza_pusilla_-35.27_149.1,116.8809507,1996.0,7.0,-35.27,149.1,1996-07-01,1996-07-31,ECMWF/ERA5_LAND/DAILY_AGGR,23.229897022247314,2.4305420540096816,5.017151196937811,75.34680367430013,10.0,5.041311272241759,7.544442494710324,2.0085777527929047
81,128Green2002,Acanthiza_pusilla,Acanthiza_pusilla,Passeriformes,Acanthizidae,Thornbills and Allies,Acanthiza_pusilla,monogamy,yearly,brown_thornbill,-35.27,149.1,no,DNA fingerprinting,1997,1997,July,December,10.0,3.0,27.0,30.0,81,149.1,1997,7.0,74.0,4.5,4.924137995,-0.424137995,5.420000172,-0.920000172,12.0,11.43333348,10.94540249,0.487930982,10.85333362,0.57999986,6.0,32.70000076,60.77241529,-28.07241453,65.18000298,-32.48000221,244.4000034,393.1241456,-148.7241422,406.7000071,-162.3000036,6.0,11.10000038,13.08333349,7.0,12.0,6.0,1.0,1.0,7.0,12.0,1997.0,-35.27,149.1,0.387793055,0.451642132,both,True,-35.27,149.1,35.27,Acanthiza_pusilla_-35.27_149.1,116.8809507,1997.0,7.0,-35.27,149.1,1997-07-01,1997-07-31,ECMWF/ERA5_LAND/DAILY_AGGR,14.9563819165337,0.7910454235269618,2.7693789577841104,24.52240812933581,3.0,4.452197400985247,6.745894114176451,1.8625672784805705
82,389Rosenfield2015,Accipiter_cooperii,Astur_cooperii,Accipitriformes,Accipitridae,"Hawks, Eagles, and Kites",Accipiter_cooperii,monogamy,yearly,Cooper’s_hawk,44.97,-90.05,no,microsatellite,2003,2003,February,April,11.0,1.0,8.0,9.0,82,-90.05,2003,2.0,75.0,-10.60000038,-9.282758844,-1.317241537,-4.920000029,-5.680000353,4.0,-2.26666681,-1.762069003,-0.504597807,0.280000027,-2.546666837,3.0,18.60000038,22.10689693,-3.506896553,29.90000038,-11.3,157.300005,143.2103475,14.08965741,169.4800028,-12.17999783,3.0,12.69999981,12.56666692,2.0,4.0,3.0,1.0,1.0,2.0,4.0,2003.0,44.97,-90.05,,0.314535069,both,True,44.97,-90.05,44.97,Accipiter_cooperii_44.97_-90.05,966.080981,2003.0,2.0,44.97,-90.05,2003-02-01,2003-02-28,ECMWF/ERA5_LAND/DAILY_AGGR,13.592436909561911,1.0000239188603697,2.553375762452844,28.000669728090344,7.0,-11.649558743976389,22.210439682006864,6.236001221870861
83,389Rosenfield2015,Accipiter_cooperii,Astur_cooperii,Accipitriformes,Accipitridae,"Hawks, Eagles, and Kites",Accipiter_cooperii,monogamy,yearly,Cooper’s_hawk,44.97,-90.05,no,microsatellite,2004,2004,February,April,50.0,5.0,5.0,10.0,83,-90.05,2004,2.0,75.0,-7.200000286,-9.282758844,2.082758558,-6.540000105,-0.660000181,4.0,0.266666631,-1.762069003,2.028735634,-0.44000001,0.70666664,3.0,42.40000153,22.10689693,20.29310459,27.96000023,14.4400013,184.5000038,143.2103475,41.28965627,168.6400034,15.86000042,3.0,11.5,11.9333334,2.0,4.0,3.0,1.0,1.0,2.0,4.0,2004.0,44.97,-90.05,,0.311204095,both,True,44.97,-90.05,44.97,Accipiter_cooperii_44.97_-90.05,966.080981,2004.0,2.0,44.97,-90.05,2004-02-01,2004-02-29,ECMWF/ERA5_LAND/DAILY_AGGR,19.494895740876927,1.9823610654790529,3.9511389878883696,57.48847089889253,10.0,-6.167999561353637,20.730836868286104,5.019197082694379
84,389Rosenfield2015,Accipiter_cooperii,Astur_cooperii,Accipitriformes,Accipitridae,"Hawks, Eagles, and Kites",Accipiter_cooperii,monogamy,yearly,Cooper’s_hawk,44.97,-90.05,no,microsatellite,2007,2007,February,April,36.0,9.0,16.0,25.0,84,-90.05,2007,2.0,75.0,-11.90000057,-9.282758844,-2.617241728,-7.100000286,-4.800000286,4.0,-1.566666842,-1.762069003,0.195402162,-0.480000063,-1.086666779,3.0,24.20000076,22.10689693,2.093103828,29.82000046,-5.619999695,146.7000008,143.2103475,3.489653217,163.8400028,-17.14000206,3.0,9.900000572,11.10000006,2.0,4.0,3.0,1.0,1.0,2.0,4.0,2007.0,44.97,-90.05,,0.31106265,both,True,44.97,-90.05,44.97,Accipiter_cooperii_44.97_-90.05,966.080981,2007.0,2.0,44.97,-90.05,2007-02-01,2007-02-28,ECMWF/ERA5_LAND/DAILY_AGGR,12.657856940677448,1.0452868281750785,2.808785713649483,29.2680311889022,4.0,-12.235569540659569,26.666441599527985,7.413660362116928
85,52Leisler2000,Acrocephalus_arundinaceus,Acrocephalus_arundinaceus,Passeriformes,Acrocephalidae,Reed Warblers and Allies,Acrocephalus_arundinaceus,monogamy,yearly,great_reed_warbler,49.67,10.85,no,DNA fingerprinting,1992,1992,May,July,17.0,1.0,5.0,6.0,85,10.85,1992,5.0,76.0,14.69999981,12.5310347,2.168965109,12.62000008,2.079999733,7.0,17.4333334,15.30804628,2.125287122,15.32666696,2.106666438,3.0,26.39999962,62.36551765,-35.96551803,43.68000107,-17.28000145,242.5000057,215.6862094,26.81379627,210.0000038,32.50000191,3.0,12.60000038,11.63333352,5.0,7.0,3.0,1.0,1.0,5.0,7.0,1992.0,49.67,10.85,0.583848013,0.56291559,both,True,49.67,10.85,49.67,Acrocephalus_arundinaceus_49.67_10.85,438.1658215,1992.0,5.0,49.67,10.85,1992-05-01,1992-05-31,ECMWF/ERA5_LAND/DAILY_AGGR,8.790495639686924,0.9042310036291946,2.071058449001133,28.031161112505032,6.0,15.04444773274086,10.069939931233703,3.387537448433443
86,52Leisler2000,Acrocephalus_arundinaceus,Acrocephalus_arundinaceus,Passeriformes,Acrocephalidae,Reed Warblers and Allies,Acrocephalus_arundinaceus,monogamy,yearly,great_reed_warbler,49.67,10.85,no,DNA fingerprinting,1994,1994,May,July,14.3,2.0,12.0,14.0,86,10.85,1994,5.0,76.0,13.0,12.5310347,0.4689653,13.68000011,-0.680000114,7.0,17.10000038,15.30804628,1.791954106,15.98000031,1.120000076,3.0,65.30000305,62.36551765,2.934485403,35.38000069,29.92000237,230.9000092,215.6862094,15.21379971,216.1200047,14.7800045,3.0,10.5,11.5666666,5.0,7.0,3.0,1.0,1.0,5.0,7.0,1994.0,49.67,10.85,0.572606952,0.562704668,both,True,49.67,10.85,49.67,Acrocephalus_arundinaceus_49.67_10.85,438.1658215,1994.0,5.0,49.67,10.85,1994-05-01,1994-05-31,ECMWF/ERA5_LAND/DAILY_AGGR,8.661586044581782,1.927285190668677,2.570285978782439,59.74584091072899,14.0,13.597156266243251,8.147518157958984,2.136142006339192
87,52Leisler2000,Acrocephalus_arundinaceus,Acrocephalus_arundinaceus,Passeriformes,Acrocephalidae,Reed Warblers and Allies,Acrocephalus_arundinaceus,monogamy,yearly,great_reed_warbler,49.67,10.85,no,DNA fingerprinting,1995,1995,May,July,0.0,0.0,12.0,12.0,87,10.85,1995,5.0,76.0,12.69999981,12.5310347,0.168965109,13.48000011,-0.780000305,7.0,16.0666666,15.30804628,0.758620328,16.20000038,-0.133333778,3.0,73.40000153,62.36551765,11.03448388,42.9400013,30.46000023,266.4000015,215.6862094,50.71379208,227.0200062,39.37999535,3.0,11.40000057,11.06666724,5.0,7.0,3.0,1.0,1.0,5.0,7.0,1995.0,49.67,10.85,0.601066593,0.579798825,both,True,49.67,10.85,49.67,Acrocephalus_arundinaceus_49.67_10.85,438.1658215,1995.0,5.0,49.67,10.85,1995-05-01,1995-05-31,ECMWF/ERA5_LAND/DAILY_AGGR,12.08736002445221,2.089858364971202,3.200810881110315,64.78560931410726,12.0,12.687448817427464,12.026446660359738,3.385899350646727
88,52Leisler2000,Acrocephalus_arundinaceus,Acrocephalus_arundinaceus,Passeriformes,Acrocephalidae,Reed Warblers and Allies,Acrocephalus_arundinaceus,monogamy,yearly,great_reed_warbler,49.67,10.85,no,DNA fingerprinting,1996,1996,May,July,11.0,1.0,8.0,9.0,88,10.85,1996,5.0,76.0,11.80000019,12.5310347,-0.731034509,13.13999996,-1.339999771,7.0,14.66666698,15.30804628,-0.641379291,16.24666691,-1.579999924,3.0,77.5,62.36551765,15.13448235,52.5200016,24.9799984,249.0999985,215.6862094,33.41378903,247.0200054,2.079993057,3.0,8.900000572,10.30000019,5.0,7.0,3.0,1.0,1.0,5.0,7.0,1996.0,49.67,10.85,0.613003601,0.612821234,both,True,49.67,10.85,49.67,Acrocephalus_arundinaceus_49.67_10.85,438.1658215,1996.0,5.0,49.67,10.85,1996-05-01,1996-05-31,ECMWF/ERA5_LAND/DAILY_AGGR,16.15467965592643,3.3059309479404697,4.226188287431037,102.48385938615456,18.0,12.075464646534272,13.287718454996764,2.8455763753032217
89,52Leisler2000,Acrocephalus_arundinaceus,Acrocephalus_arundinaceus,Passeriformes,Acrocephalidae,Reed Warblers and Allies,Acrocephalus_arundinaceus,monogamy,yearly,great_reed_warbler,49.67,10.85,no,DNA fingerprinting,1997,1997,May,July,14.3,1.0,6.0,7.0,89,10.85,1997,5.0,76.0,13.30000019,12.5310347,0.768965491,13.56000004,-0.259999847,7.0,15.73333391,15.30804628,0.42528763,16.26666692,-0.533333015,3.0,25.89999962,62.36551765,-36.46551803,59.70000114,-33.80000153,218.6000042,215.6862094,2.913794748,253.9200039,-35.31999969,3.0,11.69999981,10.9333334,5.0,7.0,3.0,1.0,1.0,5.0,7.0,1997.0,49.67,10.85,0.614932665,0.599482871,both,True,49.67,10.85,49.67,Acrocephalus_arundinaceus_49.67_10.85,438.1658215,1997.0,5.0,49.67,10.85,1997-05-01,1997-05-31,ECMWF/ERA5_LAND/DAILY_AGGR,8.655899763105879,1.4655721043253829,2.192634686600959,45.43273523408686,11.0,13.343390073058446,14.236465454101562,3.76167117896344
90,36Arlt2004,Acrocephalus_arundinaceus,Acrocephalus_arundinaceus,Passeriformes,Acrocephalidae,Reed Warblers and Allies,Acrocephalus_arundinaceus,monogamy,yearly,great_reed_warbler,59.1,15.25,no,microsatellite,1994,1994,May,July,5.3,1.0,18.0,19.0,90,15.25,1994,5.0,77.0,9.400000572,9.937931242,-0.537930669,11.10000019,-1.699999619,7.0,13.83333333,13.32528763,0.508045706,13.57333368,0.259999657,3.0,23.39999962,44.13103531,-20.73103569,30.56000061,-7.160000992,86.09999943,168.1103469,-82.01034748,162.3200024,-76.22000294,3.0,13.60000038,13.33333365,5.0,7.0,3.0,1.0,1.0,5.0,7.0,1994.0,59.1,15.25,0.461273685,0.616947562,both,True,59.1,15.25,59.1,Acrocephalus_arundinaceus_59.1_15.25,75.67704226,1994.0,5.0,59.1,15.25,1994-05-01,1994-05-31,ECMWF/ERA5_LAND/DAILY_AGGR,3.666206436264474,0.5383095011806044,0.9914256201263564,16.687594536598738,6.0,10.732937831263412,8.85336685180664,2.215010225838405
91,36Arlt2004,Acrocephalus_arundinaceus,Acrocephalus_arundinaceus,Passeriformes,Acrocephalidae,Reed Warblers and Allies,Acrocephalus_arundinaceus,monogamy,yearly,great_reed_warbler,59.1,15.25,no,microsatellite,1995,1995,May,July,4.8,1.0,20.0,21.0,91,15.25,1995,5.0,77.0,8.600000381,9.937931242,-1.33793086,10.78000031,-2.179999924,7.0,12.90000025,13.32528763,-0.425287373,13.54666691,-0.646666654,3.0,59.40000153,44.13103531,15.26896621,26.92000008,32.48000145,179.2000084,168.1103469,11.08966148,154.8000013,24.40000706,3.0,12.0,11.76666673,5.0,7.0,3.0,1.0,1.0,5.0,7.0,1995.0,59.1,15.25,0.477819087,0.655754715,both,True,59.1,15.25,59.1,Acrocephalus_arundinaceus_59.1_15.25,75.67704226,1995.0,5.0,59.1,15.25,1995-05-01,1995-05-31,ECMWF/ERA5_LAND/DAILY_AGGR,14.964009461778003,2.1112054800879365,3.997396862165426,65.44736988272604,9.0,9.265544940579346,17.59920883178711,4.565480990300228
92,36Arlt2004,Acrocephalus_arundinaceus,Acrocephalus_arundinaceus,Passeriformes,Acrocephalidae,Reed Warblers and Allies,Acrocephalus_arundinaceus,monogamy,yearly,great_reed_warbler,59.1,15.25,no,microsatellite,1996,1996,May,July,12.5,3.0,23.0,26.0,92,15.25,1996,5.0,77.0,7.800000191,9.937931242,-2.137931051,10.28000031,-2.480000114,7.0,11.90000025,13.32528763,-1.425287373,13.41333357,-1.513333321,3.0,71.20000458,44.13103531,27.06896927,34.92000046,36.28000412,193.4000053,168.1103469,25.28965843,155.0600031,38.34000225,3.0,10.60000038,11.13333352,5.0,7.0,3.0,1.0,1.0,5.0,7.0,1996.0,59.1,15.25,0.325005527,0.659440147,both,True,59.1,15.25,59.1,Acrocephalus_arundinaceus_59.1_15.25,75.67704226,1996.0,5.0,59.1,15.25,1996-05-01,1996-05-31,ECMWF/ERA5_LAND/DAILY_AGGR,26.537163981174672,2.546435105099106,5.185481525370856,78.93948825807229,12.0,8.256026327481855,12.880043665568053,3.1017134828124053
93,36Arlt2004,Acrocephalus_arundinaceus,Acrocephalus_arundinaceus,Passeriformes,Acrocephalidae,Reed Warblers and Allies,Acrocephalus_arundinaceus,monogamy,yearly,great_reed_warbler,59.1,15.25,no,microsatellite,1997,1997,May,July,6.3,2.0,30.0,32.0,93,15.25,1997,5.0,77.0,8.600000381,9.937931242,-1.33793086,10.18000031,-1.579999924,7.0,13.89999994,13.32528763,0.574712309,13.34000022,0.55999972,3.0,97.0,44.13103531,52.86896469,39.92000122,57.07999878,221.0000038,168.1103469,52.88965691,153.6800043,67.3199995,3.0,12.10000038,12.76666673,5.0,7.0,3.0,1.0,1.0,5.0,7.0,1997.0,59.1,15.25,0.490681166,0.614109293,both,True,59.1,15.25,59.1,Acrocephalus_arundinaceus_59.1_15.25,75.67704226,1997.0,5.0,59.1,15.25,1997-05-01,1997-05-31,ECMWF/ERA5_LAND/DAILY_AGGR,27.04411745071411,2.92644589657377,5.823036327233989,90.71982279378688,14.0,9.123288111532906,9.166706085205078,2.258355071703181
94,36Arlt2004,Acrocephalus_arundinaceus,Acrocephalus_arundinaceus,Passeriformes,Acrocephalidae,Reed Warblers and Allies,Acrocephalus_arundinaceus,monogamy,yearly,great_reed_warbler,59.1,15.25,no,microsatellite,1998,1998,May,July,2.9,1.0,33.0,34.0,94,15.25,1998,5.0,77.0,10.10000038,9.937931242,0.16206914,9.380000305,0.720000076,7.0,12.5,13.32528763,-0.825287627,13.11333345,-0.613333448,3.0,45.5,44.13103531,1.368964689,55.4400013,-9.940001297,225.7000046,168.1103469,57.58965767,173.9400042,51.76000042,3.0,12.80000019,11.06666692,5.0,7.0,3.0,1.0,1.0,5.0,7.0,1998.0,59.1,15.25,0.533486607,0.581035395,both,True,59.1,15.25,59.1,Acrocephalus_arundinaceus_59.1_15.25,75.67704226,1998.0,5.0,59.1,15.25,1998-05-01,1998-05-31,ECMWF/ERA5_LAND/DAILY_AGGR,8.245000243181977,1.403670473398772,2.238981171796892,43.51378467536193,10.0,11.136661681308563,11.097546895345031,3.116839915780912
95,20Langefors1998,Acrocephalus_schoenobaenus,Acrocephalus_schoenobaenus,Passeriformes,Acrocephalidae,Reed Warblers and Allies,Acrocephalus_schoenobaenus,monogamy,yearly,sedge_warbler,59.17,15.42,no,DNA fingerprinting,1990,1990,May,July,28.57,4.0,10.0,14.0,95,15.42,1990,5.0,78.0,11.10000038,9.937931242,1.16206914,10.36000023,0.740000153,7.0,13.56666692,13.32528763,0.241379294,13.42666702,0.139999898,3.0,19.39999962,44.13103531,-24.73103569,40.82000122,-21.4200016,177.8999996,168.1103469,9.789652709,175.0000031,2.899996567,3.0,13.60000038,11.83333333,5.0,7.0,3.0,1.0,1.0,5.0,7.0,1990.0,59.17,15.42,0.517796533,0.559911463,both,True,59.17,15.42,59.17,Acrocephalus_schoenobaenus_59.17_15.42,74.81613193,1990.0,5.0,59.17,15.42,1990-05-01,1990-05-31,ECMWF/ERA5_LAND/DAILY_AGGR,4.354184865917432,0.7124451132734253,1.227927188979825,22.085798511476185,6.0,12.982620103897606,9.54054069519043,3.1420389474212245
96,20Langefors1998,Acrocephalus_schoenobaenus,Acrocephalus_schoenobaenus,Passeriformes,Acrocephalidae,Reed Warblers and Allies,Acrocephalus_schoenobaenus,monogamy,yearly,sedge_warbler,59.17,15.42,no,DNA fingerprinting,1991,1991,May,July,9.09,1.0,10.0,11.0,96,15.42,1991,5.0,78.0,8.300000191,9.937931242,-1.637931051,10.60000019,-2.3,7.0,12.26666705,13.32528763,-1.058620579,13.54000034,-1.273333295,3.0,46.20000076,44.13103531,2.068965451,40.64000092,5.559999847,200.2999992,168.1103469,32.18965233,174.1000015,26.19999771,3.0,10.80000019,10.9333334,5.0,7.0,3.0,1.0,1.0,5.0,7.0,1991.0,59.17,15.42,0.453849233,0.597737645,both,True,59.17,15.42,59.17,Acrocephalus_schoenobaenus_59.17_15.42,74.81613193,1991.0,5.0,59.17,15.42,1991-05-01,1991-05-31,ECMWF/ERA5_LAND/DAILY_AGGR,8.227232308911425,1.3178212844898265,2.105181933838366,40.85245981918462,10.0,9.202423965290048,10.82590357462567,2.7361933283408915
97,20Langefors1998,Acrocephalus_schoenobaenus,Acrocephalus_schoenobaenus,Passeriformes,Acrocephalidae,Reed Warblers and Allies,Acrocephalus_schoenobaenus,monogamy,yearly,sedge_warbler,59.17,15.42,no,DNA fingerprinting,1992,1992,May,July,26.32,5.0,14.0,19.0,97,15.42,1992,5.0,78.0,12.60000038,9.937931242,2.66206914,10.00000019,2.600000191,7.0,15.03333378,13.32528763,1.708046151,13.186667,1.846666781,3.0,19.39999962,44.13103531,-24.73103569,41.24000092,-21.8400013,119.7000046,168.1103469,-48.41034233,184.3200012,-64.61999664,3.0,13.90000057,13.40000025,5.0,7.0,3.0,1.0,1.0,5.0,7.0,1992.0,59.17,15.42,0.485170238,0.539346321,both,True,59.17,15.42,59.17,Acrocephalus_schoenobaenus_59.17_15.42,74.81613193,1992.0,5.0,59.17,15.42,1992-05-01,1992-05-31,ECMWF/ERA5_LAND/DAILY_AGGR,4.893763856063771,0.5911499160245488,1.2000106132744672,18.325647396761013,6.0,13.73834264201505,15.219673792521178,4.700957514150422
98,380Marshall2007,Acrocephalus_schoenobaenus,Acrocephalus_schoenobaenus,Passeriformes,Acrocephalidae,Reed Warblers and Allies,Acrocephalus_schoenobaenus,monogamy,yearly,sedge_warbler,51.45,-0.55,no,microsatellite,1993,1993,May,July,28.9,2.0,5.0,7.0,98,-0.55,1993,5.0,79.0,12.19999981,11.32068992,0.879309884,12.88000011,-0.680000305,7.0,14.50000032,14.08965542,0.410344902,14.89333356,-0.393333244,3.0,54.70000076,58.57241476,-3.872413997,27.36000004,27.34000072,164.3000031,160.3275897,3.972413326,137.7000004,26.60000267,3.0,9.699999809,9.799999873,5.0,7.0,3.0,1.0,1.0,5.0,7.0,1993.0,51.45,-0.55,0.569790362,0.567367073,both,True,51.45,-0.55,51.45,Acrocephalus_schoenobaenus_51.45_-0.55,67.54053986,1993.0,5.0,51.45,-0.55,1993-05-01,1993-05-31,ECMWF/ERA5_LAND/DAILY_AGGR,16.59374237050315,2.31651634847609,3.939527857111521,71.81200680275879,15.0,12.340992720409128,9.05644989013672,2.5554874358296984
99,380Marshall2007,Acrocephalus_schoenobaenus,Acrocephalus_schoenobaenus,Passeriformes,Acrocephalidae,Reed Warblers and Allies,Acrocephalus_schoenobaenus,monogamy,yearly,sedge_warbler,51.45,-0.55,no,microsatellite,1994,1994,May,July,22.0,4.0,14.0,18.0,99,-0.55,1994,5.0,79.0,11.19999981,11.32068992,-0.120690116,12.86000004,-1.660000229,7.0,14.86666679,14.08965542,0.777011378,14.96000023,-0.093333435,3.0,89.70000458,58.57241476,31.12758982,28.40000019,61.30000439,138.6000061,160.3275897,-21.72758362,136.7800011,1.820005035,3.0,8.300000191,10.0666666,5.0,7.0,3.0,1.0,1.0,5.0,7.0,1994.0,51.45,-0.55,0.557686325,0.559744223,both,True,51.45,-0.55,51.45,Acrocephalus_schoenobaenus_51.45_-0.55,67.54053986,1994.0,5.0,51.45,-0.55,1994-05-01,1994-05-31,ECMWF/ERA5_LAND/DAILY_AGGR,13.555353879894485,2.507512854108766,3.611107202058722,77.73289847737175,13.0,11.191685941142444,6.567975997924805,1.6248789612869314
100,380Marshall2007,Acrocephalus_schoenobaenus,Acrocephalus_schoenobaenus,Passeriformes,Acrocephalidae,Reed Warblers and Allies,Acrocephalus_schoenobaenus,monogamy,yearly,sedge_warbler,51.45,-0.55,no,microsatellite,1995,1995,May,July,20.0,4.0,16.0,20.0,100,-0.55,1995,5.0,79.0,12.19999981,11.32068992,0.879309884,12.33999996,-0.140000153,7.0,15.33333333,14.08965542,1.243677918,14.76000023,0.573333104,3.0,32.0,58.57241476,-26.57241476,43.20000114,-11.20000114,82.50000286,160.3275897,-77.82758686,145.8200022,-63.31999931,3.0,11.0,10.93333371,5.0,7.0,3.0,1.0,1.0,5.0,7.0,1995.0,51.45,-0.55,0.545235785,0.522790908,both,True,51.45,-0.55,51.45,Acrocephalus_schoenobaenus_51.45_-0.55,67.54053986,1995.0,5.0,51.45,-0.55,1995-05-01,1995-05-31,ECMWF/ERA5_LAND/DAILY_AGGR,7.446350598911522,1.0112666529116887,1.891916971001241,31.349266240262352,7.0,12.303339484430152,10.815747578938783,3.155612863588231
101,380Marshall2007,Acrocephalus_schoenobaenus,Acrocephalus_schoenobaenus,Passeriformes,Acrocephalidae,Reed Warblers and Allies,Acrocephalus_schoenobaenus,monogamy,yearly,sedge_warbler,51.45,-0.55,no,microsatellite,1996,1996,May,July,15.8,3.0,16.0,19.0,101,-0.55,1996,5.0,79.0,9.699999809,11.32068992,-1.620690116,12.07999992,-2.380000114,7.0,13.89999994,14.08965542,-0.189655479,14.8200002,-0.920000267,3.0,38.60000229,58.57241476,-19.97241247,47.76000118,-9.159998894,99.40000343,160.3275897,-60.92758629,148.1800022,-48.77999878,3.0,9.5,10.83333333,5.0,7.0,3.0,1.0,1.0,5.0,7.0,1996.0,51.45,-0.55,0.605102622,0.549502172,both,True,51.45,-0.55,51.45,Acrocephalus_schoenobaenus_51.45_-0.55,67.54053986,1996.0,5.0,51.45,-0.55,1996-05-01,1996-05-31,ECMWF/ERA5_LAND/DAILY_AGGR,8.545270562080987,1.6811280393507066,2.2726471266882937,52.11496921987191,13.0,9.277403070593415,11.258663813273133,2.6902319110023543
102,380Marshall2007,Acrocephalus_schoenobaenus,Acrocephalus_schoenobaenus,Passeriformes,Acrocephalidae,Reed Warblers and Allies,Acrocephalus_schoenobaenus,monogamy,yearly,sedge_warbler,51.45,-0.55,no,microsatellite,1997,1997,May,July,23.1,3.0,10.0,13.0,102,-0.55,1997,5.0,79.0,12.19999981,11.32068992,0.879309884,11.79999981,0.4,7.0,14.66666667,14.08965542,0.577011251,14.83333346,-0.166666794,3.0,40.20000076,58.57241476,-18.372414,53.10000153,-12.90000076,176.9000015,160.3275897,16.5724118,128.7800028,48.11999874,3.0,11.0,9.933333397,5.0,7.0,3.0,1.0,1.0,5.0,7.0,1997.0,51.45,-0.55,0.58018943,0.57361367,both,True,51.45,-0.55,51.45,Acrocephalus_schoenobaenus_51.45_-0.55,67.54053986,1997.0,5.0,51.45,-0.55,1997-05-01,1997-05-31,ECMWF/ERA5_LAND/DAILY_AGGR,7.816813774752518,1.8492274947571867,2.487173030340102,57.32605233747279,12.0,12.11075818461759,11.834447224934877,2.7604883153116693
103,380Marshall2007,Acrocephalus_schoenobaenus,Acrocephalus_schoenobaenus,Passeriformes,Acrocephalidae,Reed Warblers and Allies,Acrocephalus_schoenobaenus,monogamy,yearly,sedge_warbler,51.45,-0.55,no,microsatellite,1998,1998,May,July,0.0,0.0,8.0,8.0,103,-0.55,1998,5.0,79.0,13.60000038,11.32068992,2.279310457,11.49999981,2.100000572,7.0,14.86666679,14.08965542,0.777011378,14.65333341,0.213333384,3.0,28.39999962,58.57241476,-30.17241514,51.04000168,-22.64000206,156.6000042,160.3275897,-3.727585529,132.3400034,24.2600008,3.0,10.19999981,9.03333346,5.0,7.0,3.0,1.0,1.0,5.0,7.0,1998.0,51.45,-0.55,0.601165156,0.600564855,both,True,51.45,-0.55,51.45,Acrocephalus_schoenobaenus_51.45_-0.55,67.54053986,1998.0,5.0,51.45,-0.55,1998-05-01,1998-05-31,ECMWF/ERA5_LAND/DAILY_AGGR,6.608116626637184,0.775699489493595,1.5017676590980706,24.046684174301447,5.0,13.589188143002112,10.31252098083496,2.645331751763925
104,25Mee2004,Actitis_hypoleucos,Actitis_hypoleucos,Charadriiformes,Scolopacidae,Sandpipers and Allies,Actitis_hypoleucos,monogamy,yearly,common_sandpiper,54.75,-3.02,no,DNA fingerprinting,1998,1998,April,June,0.0,0.0,4.0,4.0,104,-3.02,1998,4.0,80.0,6.400000095,6.700000105,-0.30000001,7.460000134,-1.060000038,6.0,9.866666953,9.662069112,0.20459784,9.89333353,-0.026666578,3.0,175.1999969,108.2310365,66.9689604,125.320002,49.87999496,493.0000076,329.6103502,163.3896574,331.2800064,161.7200012,3.0,7.0,7.600000064,4.0,6.0,3.0,1.0,1.0,4.0,6.0,1998.0,54.75,-3.02,0.680965844,0.695476355,both,True,54.75,-3.02,54.75,Actitis_hypoleucos_54.75_-3.02,21.67269751,1998.0,4.0,54.75,-3.02,1998-04-01,1998-04-30,ECMWF/ERA5_LAND/DAILY_AGGR,16.982132784960413,4.157051422100603,4.357442983709493,124.7115426630181,22.0,5.718262248569086,9.841033299763978,2.6448815451057985
105,25Mee2004,Actitis_hypoleucos,Actitis_hypoleucos,Charadriiformes,Scolopacidae,Sandpipers and Allies,Actitis_hypoleucos,monogamy,yearly,common_sandpiper,54.75,-3.02,no,DNA fingerprinting,1999,1999,April,June,21.7,5.0,18.0,23.0,105,-3.02,1999,4.0,80.0,8.100000381,6.700000105,1.400000276,7.160000134,0.940000248,6.0,10.46666686,9.662069112,0.804597745,9.820000172,0.646666686,3.0,136.5,108.2310365,28.26896345,113.7000008,22.79999924,452.4000092,329.6103502,122.789659,328.040007,124.3600021,3.0,7.200000286,7.400000254,4.0,6.0,3.0,1.0,1.0,4.0,6.0,1999.0,54.75,-3.02,0.638716649,0.701639643,both,True,54.75,-3.02,54.75,Actitis_hypoleucos_54.75_-3.02,21.67269751,1999.0,4.0,54.75,-3.02,1999-04-01,1999-04-30,ECMWF/ERA5_LAND/DAILY_AGGR,15.568721294300758,3.277500729133346,3.952152290841498,98.32502187400038,19.0,7.471891318427214,10.462615331013978,3.0493116091830927
106,237Hutchinson2007,Alauda_arvensis,Alauda_arvensis,Passeriformes,Alaudidae,Larks,Alauda_arvensis,monogamy,yearly,skylark,51.17,-4.63,no,microsatellite,1997,1997,April,July,43.0,3.0,4.0,7.0,106,-4.63,1997,4.0,81.0,,,,,,7.0,,,,,,4.0,,,,,,,,,,,4.0,,,4.0,7.0,4.0,1.0,1.0,4.0,7.0,1997.0,51.17,-4.63,,0.2176,both,True,51.17,-4.63,51.17,Alauda_arvensis_51.17_-4.63,22.67683324,1997.0,4.0,51.17,-4.63,1997-04-01,1997-04-30,ECMWF/ERA5_LAND/DAILY_AGGR,,,,,,,,
107,237Hutchinson2007,Alauda_arvensis,Alauda_arvensis,Passeriformes,Alaudidae,Larks,Alauda_arvensis,monogamy,yearly,skylark,51.17,-4.63,no,microsatellite,1998,1998,April,July,40.0,4.0,6.0,10.0,107,-4.63,1998,4.0,81.0,,,,,,7.0,,,,,,4.0,,,,,,,,,,,4.0,,,4.0,7.0,4.0,1.0,1.0,4.0,7.0,1998.0,51.17,-4.63,,,both,True,51.17,-4.63,51.17,Alauda_arvensis_51.17_-4.63,22.67683324,1998.0,4.0,51.17,-4.63,1998-04-01,1998-04-30,ECMWF/ERA5_LAND/DAILY_AGGR,,,,,,,,
108,237Hutchinson2007,Alauda_arvensis,Alauda_arvensis,Passeriformes,Alaudidae,Larks,Alauda_arvensis,monogamy,yearly,skylark,51.17,-4.63,no,microsatellite,1999,1999,April,July,14.0,1.0,6.0,7.0,108,-4.63,1999,4.0,81.0,,,,,,7.0,,,,,,4.0,,,,,,,,,,,4.0,,,4.0,7.0,4.0,1.0,1.0,4.0,7.0,1999.0,51.17,-4.63,,0.5385,both,True,51.17,-4.63,51.17,Alauda_arvensis_51.17_-4.63,22.67683324,1999.0,4.0,51.17,-4.63,1999-04-01,1999-04-30,ECMWF/ERA5_LAND/DAILY_AGGR,,,,,,,,
109,237Hutchinson2007,Alauda_arvensis,Alauda_arvensis,Passeriformes,Alaudidae,Larks,Alauda_arvensis,monogamy,yearly,skylark,51.17,-4.63,no,microsatellite,2000,2000,April,July,23.0,3.0,10.0,13.0,109,-4.63,2000,4.0,81.0,,,,,,7.0,,,,,,4.0,,,,,,,,,,,4.0,,,4.0,7.0,4.0,1.0,1.0,4.0,7.0,2000.0,51.17,-4.63,,,both,True,51.17,-4.63,51.17,Alauda_arvensis_51.17_-4.63,22.67683324,2000.0,4.0,51.17,-4.63,2000-04-01,2000-04-30,ECMWF/ERA5_LAND/DAILY_AGGR,,,,,,,,
110,10Casey2011,Bartramia_longicauda,Bartramia_longicauda,Charadriiformes,Scolopacidae,Sandpipers and Allies,Bartramia_longicauda,monogamy,yearly,upland_sandpiper,39.08,-96.58,no,microsatellite,2003,2003,May,June,35.3,6.0,11.0,17.0,110,-96.58,2003,5.0,82.0,17.70000076,18.26206918,-0.562068413,18.68000069,-0.979999924,6.0,19.80000019,20.79137953,-0.991379343,20.89000053,-1.090000343,2.0,93.90000153,116.6103465,-22.71034497,119.3600006,-25.45999908,228.0000076,248.1310393,-20.13103163,253.1800041,-25.17999649,2.0,12.69999981,12.4000001,5.0,6.0,2.0,1.0,1.0,5.0,6.0,2003.0,39.08,-96.58,0.575339247,0.595229228,both,True,39.08,-96.58,39.08,Bartramia_longicauda_39.08_-96.58,1042.382342,2003.0,5.0,39.08,-96.58,2003-05-01,2003-05-31,ECMWF/ERA5_LAND/DAILY_AGGR,37.709364295000825,3.713455227400018,8.0997618823656,115.11711204940056,9.0,17.206524682814102,13.08870569864905,2.804606946725419
111,10Casey2011,Bartramia_longicauda,Bartramia_longicauda,Charadriiformes,Scolopacidae,Sandpipers and Allies,Bartramia_longicauda,monogamy,yearly,upland_sandpiper,39.08,-96.58,no,microsatellite,2004,2004,May,June,27.2,3.0,8.0,11.0,111,-96.58,2004,5.0,82.0,19.70000076,18.26206918,1.437931587,18.08000069,1.620000076,6.0,20.80000019,20.79137953,0.008620657,20.42000046,0.379999733,2.0,116.4000015,116.6103465,-0.210344972,130.0200005,-13.61999893,235.3000031,248.1310393,-12.83103621,259.140004,-23.84000092,2.0,13.40000057,12.75000048,5.0,6.0,2.0,1.0,1.0,5.0,6.0,2004.0,39.08,-96.58,0.582063999,0.610622392,both,True,39.08,-96.58,39.08,Bartramia_longicauda_39.08_-96.58,1042.382342,2004.0,5.0,39.08,-96.58,2004-05-01,2004-05-31,ECMWF/ERA5_LAND/DAILY_AGGR,31.152886152217008,4.340562851297938,8.051726847629823,134.5574483902361,11.0,19.699688540222848,16.836072285970033,5.059804782147266
112,10Casey2011,Bartramia_longicauda,Bartramia_longicauda,Charadriiformes,Scolopacidae,Sandpipers and Allies,Bartramia_longicauda,monogamy,yearly,upland_sandpiper,39.08,-96.58,no,microsatellite,2005,2005,May,June,14.2,1.0,6.0,7.0,112,-96.58,2005,5.0,82.0,18.20000076,18.26206918,-0.062068413,18.48000069,-0.279999924,6.0,21.30000019,20.79137953,0.508620657,20.58000031,0.719999886,2.0,67.40000153,116.6103465,-49.21034497,116.8600014,-49.45999985,258.8000107,248.1310393,10.66897142,240.5600052,18.24000549,2.0,13.5,12.9000001,5.0,6.0,2.0,1.0,1.0,5.0,6.0,2005.0,39.08,-96.58,0.558751885,0.598938033,both,True,39.08,-96.58,39.08,Bartramia_longicauda_39.08_-96.58,1042.382342,2005.0,5.0,39.08,-96.58,2005-05-01,2005-05-31,ECMWF/ERA5_LAND/DAILY_AGGR,14.530539512634276,1.98393120558408,4.204798613049914,61.50186737310648,8.0,18.767776579497987,18.59748649597168,4.7583442775026485
113,10Casey2011,Bartramia_longicauda,Bartramia_longicauda,Charadriiformes,Scolopacidae,Sandpipers and Allies,Bartramia_longicauda,monogamy,yearly,upland_sandpiper,39.08,-96.58,no,microsatellite,2006,2006,May,June,33.3,4.0,8.0,12.0,113,-96.58,2006,5.0,82.0,19.5,18.26206918,1.237930824,18.20000076,1.299999237,6.0,22.0,20.79137953,1.208620466,20.67000027,1.329999733,2.0,83.59999847,116.6103465,-33.01034802,118.2000015,-34.60000305,171.0999985,248.1310393,-77.03104078,252.9200066,-81.82000809,2.0,13.90000057,14.10000038,5.0,6.0,2.0,1.0,1.0,5.0,6.0,2006.0,39.08,-96.58,0.553356841,0.574325385,both,True,39.08,-96.58,39.08,Bartramia_longicauda_39.08_-96.58,1042.382342,2006.0,5.0,39.08,-96.58,2006-05-01,2006-05-31,ECMWF/ERA5_LAND/DAILY_AGGR,20.29836177825928,2.252040832425061,4.843618721761459,69.81326580517688,9.0,19.699060202157646,17.55286979675293,5.599302467972398
114,10Casey2011,Bartramia_longicauda,Bartramia_longicauda,Charadriiformes,Scolopacidae,Sandpipers and Allies,Bartramia_longicauda,monogamy,yearly,upland_sandpiper,39.08,-96.58,no,microsatellite,2007,2007,May,June,33.3,3.0,6.0,9.0,114,-96.58,2007,5.0,82.0,20.0,18.26206918,1.737930824,18.36000061,1.63999939,6.0,21.69999981,20.79137953,0.908620275,20.90000019,0.799999619,2.0,254.4000092,116.6103465,137.7896627,101.7200012,152.6800079,347.4000092,248.1310393,99.2689699,219.620005,127.7800041,2.0,11.10000038,11.20000029,5.0,6.0,2.0,1.0,1.0,5.0,6.0,2007.0,39.08,-96.58,0.5759334,0.624472862,both,True,39.08,-96.58,39.08,Bartramia_longicauda_39.08_-96.58,1042.382342,2007.0,5.0,39.08,-96.58,2007-05-01,2007-05-31,ECMWF/ERA5_LAND/DAILY_AGGR,44.74805371052071,5.799797286482407,10.479611210685894,179.7937158809546,16.0,19.57146348030339,8.714080174763978,2.1682156543721223
115,209Moore2012,Branta_canadensis,Branta_canadensis,Anseriformes,Anatidae,"Ducks, Geese, and Waterfowl",Branta_canadensis,monogamy,yearly,Canada_geese,43.0,-84.0,no,microsatellite,2000,2000,March,June,25.0,4.0,12.0,16.0,115,-84.0,2000,3.0,83.0,5.400000095,1.33448278,4.065517316,1.239999986,4.16000011,6.0,11.92500043,10.71637947,1.208620956,10.78000026,1.145000166,4.0,30.5,57.69310432,-27.19310432,54.94000015,-24.44000015,384.5000076,285.2551766,99.24483099,296.520005,87.98000259,4.0,11.40000057,11.15000033,3.0,6.0,4.0,1.0,1.0,3.0,6.0,2000.0,43.0,-84.0,0.274177126,0.363757244,both,True,43.0,-84.0,43.0,Branta_canadensis_43_-84,742.2581651,2000.0,3.0,43.0,-84.0,2000-03-01,2000-03-31,ECMWF/ERA5_LAND/DAILY_AGGR,8.901536464691162,1.341270411211624,2.3491577661802934,41.579382747560345,9.0,4.884445260160734,20.996529897054018,5.197944672633128
116,209Moore2012,Branta_canadensis,Branta_canadensis,Anseriformes,Anatidae,"Ducks, Geese, and Waterfowl",Branta_canadensis,monogamy,yearly,Canada_geese,43.0,-84.0,no,microsatellite,2001,2001,March,June,0.0,0.0,14.0,14.0,116,-84.0,2001,3.0,83.0,0.300000012,1.33448278,-1.034482768,1.760000014,-1.460000002,6.0,11.20000024,10.71637947,0.483620769,10.98000028,0.219999966,4.0,12.5,57.69310432,-45.19310432,53.45999985,-40.95999985,280.6000061,285.2551766,-4.655170539,325.3000053,-44.69999924,4.0,9.199999809,11.05000019,3.0,6.0,4.0,1.0,1.0,3.0,6.0,2001.0,43.0,-84.0,0.268710231,0.44772016,both,True,43.0,-84.0,43.0,Branta_canadensis_43_-84,742.2581651,2001.0,3.0,43.0,-84.0,2001-03-01,2001-03-31,ECMWF/ERA5_LAND/DAILY_AGGR,3.532576560871803,0.7980138490872438,1.005431882830563,24.73842932170456,11.0,0.0299703823623039,11.911956787109377,2.96991522576314
117,209Moore2012,Branta_canadensis,Branta_canadensis,Anseriformes,Anatidae,"Ducks, Geese, and Waterfowl",Branta_canadensis,monogamy,yearly,Canada_geese,43.0,-84.0,no,microsatellite,2002,2002,March,June,0.0,0.0,12.0,12.0,117,-84.0,2002,3.0,83.0,0.600000024,1.33448278,-0.734482756,2.120000017,-1.519999993,6.0,10.62500039,10.71637947,-0.091379085,11.30000032,-0.674999931,4.0,55.90000153,57.69310432,-1.793102791,49.65999985,6.240001678,303.5000076,285.2551766,18.24483099,313.5000053,-9.999997711,4.0,9.5,11.05000019,3.0,6.0,4.0,1.0,1.0,3.0,6.0,2002.0,43.0,-84.0,0.298501318,0.421973633,both,True,43.0,-84.0,43.0,Branta_canadensis_43_-84,742.2581651,2002.0,3.0,43.0,-84.0,2002-03-01,2002-03-31,ECMWF/ERA5_LAND/DAILY_AGGR,19.62667958923703,2.479068264308133,4.677824824392322,76.85111619355212,12.0,-0.4883304021691529,24.032246271769168,5.00850721373808
118,254Larsson1995,Branta_leucopsis,Branta_leucopsis,Anseriformes,Anatidae,"Ducks, Geese, and Waterfowl",Branta_leucopsis,monogamy,yearly,barnacle_goose,57.28,18.75,no,DNA fingerprinting,1989,1989,May,July,8.0,2.0,23.0,25.0,118,18.75,1989,5.0,84.0,10.5,9.041379485,1.458620515,9.480000305,1.019999695,7.0,14.26666673,13.11494276,1.151723966,13.0266669,1.239999835,3.0,12.69999981,30.51724168,-17.81724187,30.78000031,-18.0800005,90.60000134,114.6241395,-24.02413819,148.1800026,-57.58000126,3.0,8.100000381,7.766666889,5.0,7.0,3.0,1.0,1.0,5.0,7.0,1989.0,57.28,18.75,0.401542062,0.468184578,both,True,57.28,18.75,57.28,Branta_leucopsis_57.28_18.75,1.750336646,1989.0,5.0,57.28,18.75,1989-05-01,1989-05-31,ECMWF/ERA5_LAND/DAILY_AGGR,,,,,,,,
119,254Larsson1995,Branta_leucopsis,Branta_leucopsis,Anseriformes,Anatidae,"Ducks, Geese, and Waterfowl",Branta_leucopsis,monogamy,yearly,barnacle_goose,57.28,18.75,no,DNA fingerprinting,1990,1990,May,July,14.0,3.0,15.0,18.0,119,18.75,1990,5.0,84.0,10.69999981,9.041379485,1.658620325,9.460000229,1.23999958,7.0,13.80000019,13.11494276,0.685057426,13.23333352,0.566666667,3.0,20.89999962,30.51724168,-9.617242057,27.52000027,-6.620000648,131.6000004,114.6241395,16.97586086,134.0000021,-2.400001717,3.0,8.400000572,6.633333524,5.0,7.0,3.0,1.0,1.0,5.0,7.0,1990.0,57.28,18.75,0.457456915,0.452152127,both,True,57.28,18.75,57.28,Branta_leucopsis_57.28_18.75,1.750336646,1990.0,5.0,57.28,18.75,1990-05-01,1990-05-31,ECMWF/ERA5_LAND/DAILY_AGGR,,,,,,,,
120,254Larsson1995,Branta_leucopsis,Branta_leucopsis,Anseriformes,Anatidae,"Ducks, Geese, and Waterfowl",Branta_leucopsis,monogamy,yearly,barnacle_goose,57.28,18.75,no,DNA fingerprinting,1991,1991,May,July,27.0,5.0,15.0,20.0,120,18.75,1991,5.0,84.0,7.800000191,9.041379485,-1.241379294,9.780000114,-1.979999924,7.0,12.30000051,13.11494276,-0.814942256,13.46666686,-1.166666349,3.0,34.60000229,30.51724168,4.082760614,26.22000027,8.380002022,131.600008,114.6241395,16.97586849,129.4200018,2.180006218,3.0,6.0,5.866666794,5.0,7.0,3.0,1.0,1.0,5.0,7.0,1991.0,57.28,18.75,0.39761273,0.486470141,both,True,57.28,18.75,57.28,Branta_leucopsis_57.28_18.75,1.750336646,1991.0,5.0,57.28,18.75,1991-05-01,1991-05-31,ECMWF/ERA5_LAND/DAILY_AGGR,,,,,,,,
121,229Reneerkens2014,Calidris_alba,Calidris_alba,Charadriiformes,Scolopacidae,Sandpipers and Allies,Calidris_alba,monogamy,yearly,sanderling,74.5,-21.0,no,microsatellite,2003,2003,May,July,25.0,1.0,3.0,4.0,121,-21.0,2003,5.0,85.0,-7.599999905,-7.91724154,0.317241636,-7.560000134,-0.039999771,7.0,-1.099999944,-2.290804648,1.190804704,-2.0066667,0.906666756,3.0,9.199999809,15.67241412,-6.472414313,16.92000027,-7.720000458,34.5,59.05517318,-24.55517318,62.1800005,-27.6800005,3.0,7.0,6.933333397,5.0,7.0,3.0,1.0,1.0,5.0,7.0,2003.0,74.5,-21.0,,0.092828794,both,True,74.5,-21.0,74.5,Calidris_alba_74.5_-21,15.66067244,2003.0,5.0,74.5,-21.0,2003-05-01,2003-05-31,ECMWF/ERA5_LAND/DAILY_AGGR,0.2719491719176403,0.025551221349539,0.0588043231899395,0.7920878618357108,0.0,-7.317401098435904,14.875743865966797,3.6504137044263376
122,229Reneerkens2014,Calidris_alba,Calidris_alba,Charadriiformes,Scolopacidae,Sandpipers and Allies,Calidris_alba,monogamy,yearly,sanderling,74.5,-21.0,no,microsatellite,2007,2007,May,July,0.0,0.0,4.0,4.0,122,-21.0,2007,5.0,85.0,-8.900000572,-7.91724154,-0.982759032,-7.020000172,-1.880000401,7.0,-2.333333477,-2.290804648,-0.042528829,-1.366666719,-0.966666758,3.0,7.900000095,15.67241412,-7.772414027,20.80000076,-12.90000067,32.9000001,59.05517318,-26.15517309,63.90000191,-31.00000181,3.0,7.200000286,6.300000032,5.0,7.0,3.0,1.0,1.0,5.0,7.0,2007.0,74.5,-21.0,,0.043484564,both,True,74.5,-21.0,74.5,Calidris_alba_74.5_-21,15.66067244,2007.0,5.0,74.5,-21.0,2007-05-01,2007-05-31,ECMWF/ERA5_LAND/DAILY_AGGR,5.271941423416138,0.3499105222329127,1.0155359505078805,10.847226189220294,3.0,-9.089490820771884,14.27623494466144,3.1801861978923927
123,229Reneerkens2014,Calidris_alba,Calidris_alba,Charadriiformes,Scolopacidae,Sandpipers and Allies,Calidris_alba,monogamy,yearly,sanderling,74.5,-21.0,no,microsatellite,2008,2008,May,July,0.0,0.0,6.0,6.0,123,-21.0,2008,5.0,85.0,-7.5,-7.91724154,0.41724154,-7.360000229,-0.139999771,7.0,-0.833333294,-2.290804648,1.457471355,-1.560000064,0.72666677,3.0,9.400000572,15.67241412,-6.27241355,18.28000078,-8.88000021,39.10000134,59.05517318,-19.95517185,57.84000177,-18.74000044,3.0,7.200000286,6.366666953,5.0,7.0,3.0,1.0,1.0,5.0,7.0,2008.0,74.5,-21.0,,0.06002539,both,True,74.5,-21.0,74.5,Calidris_alba_74.5_-21,15.66067244,2008.0,5.0,74.5,-21.0,2008-05-01,2008-05-31,ECMWF/ERA5_LAND/DAILY_AGGR,2.5726795196518992,0.2873617360612964,0.5977232297781624,8.90821381790019,3.0,-7.536808538949592,14.986555099487305,4.08594531499987
124,229Reneerkens2014,Calidris_alba,Calidris_alba,Charadriiformes,Scolopacidae,Sandpipers and Allies,Calidris_alba,monogamy,yearly,sanderling,74.5,-21.0,no,microsatellite,2009,2009,May,July,0.0,0.0,10.0,10.0,124,-21.0,2009,5.0,85.0,-5.0,-7.91724154,2.91724154,-7.340000248,2.340000248,7.0,-0.99999996,-2.290804648,1.290804688,-1.506666734,0.506666774,3.0,39.29999924,15.67241412,23.62758512,18.32000093,20.9799983,111.5,59.05517318,52.44482682,58.76000204,52.73999796,3.0,7.200000286,6.500000159,5.0,7.0,3.0,1.0,1.0,5.0,7.0,2009.0,74.5,-21.0,,0.053209114,both,True,74.5,-21.0,74.5,Calidris_alba_74.5_-21,15.66067244,2009.0,5.0,74.5,-21.0,2009-05-01,2009-05-31,ECMWF/ERA5_LAND/DAILY_AGGR,9.079426527023315,1.0070754027013102,2.01899806686088,31.219337483740617,9.0,-4.244335556030247,11.037375768025695,2.8039568043508503
125,229Reneerkens2014,Calidris_alba,Calidris_alba,Charadriiformes,Scolopacidae,Sandpipers and Allies,Calidris_alba,monogamy,yearly,sanderling,74.5,-21.0,no,microsatellite,2010,2010,May,July,0.0,0.0,5.0,5.0,125,-21.0,2010,5.0,85.0,-5.800000191,-7.91724154,2.11724135,-6.860000229,1.060000038,7.0,-1.100000064,-2.290804648,1.190804585,-1.386666716,0.286666653,3.0,20.80000114,15.67241412,5.127587022,23.40000067,-2.599999523,43.00000191,59.05517318,-16.05517128,68.52000151,-25.5199996,3.0,7.0,6.26666673,5.0,7.0,3.0,1.0,1.0,5.0,7.0,2010.0,74.5,-21.0,,0.060830498,both,True,74.5,-21.0,74.5,Calidris_alba_74.5_-21,15.66067244,2010.0,5.0,74.5,-21.0,2010-05-01,2010-05-31,ECMWF/ERA5_LAND/DAILY_AGGR,23.22149276727714,1.5227055579419728,5.0524041626800535,47.20387229620116,4.0,-5.960771224319272,12.382089614868164,2.913420252569038
126,229Reneerkens2014,Calidris_alba,Calidris_alba,Charadriiformes,Scolopacidae,Sandpipers and Allies,Calidris_alba,monogamy,yearly,sanderling,74.5,-21.0,no,microsatellite,2011,2011,May,July,10.0,1.0,9.0,10.0,126,-21.0,2011,5.0,85.0,-6.900000095,-7.91724154,1.017241445,-6.78000021,-0.119999886,7.0,-1.599999984,-2.290804648,0.690804664,-1.42666671,-0.173333274,3.0,16.0,15.67241412,0.327585878,19.24000044,-3.240000439,59.10000038,59.05517318,0.044827198,59.50000143,-0.400001049,3.0,7.099999905,6.300000032,5.0,7.0,3.0,1.0,1.0,5.0,7.0,2011.0,74.5,-21.0,,0.056599348,both,True,74.5,-21.0,74.5,Calidris_alba_74.5_-21,15.66067244,2011.0,5.0,74.5,-21.0,2011-05-01,2011-05-31,ECMWF/ERA5_LAND/DAILY_AGGR,11.337238666214944,0.712871527266401,2.029992938981497,22.09901734525843,6.0,-6.751009573987715,9.484663645426394,2.5348896270979107
127,213Bried2010,Calonectris_diomedea,Calonectris_diomedea,Procellariiformes,Procellariidae,Shearwaters and Petrels,Calonectris_diomedea,monogamy,yearly,Cory’s_shearwater,36.92,-25.17,no,microsatellite,2002,2002,March,October,9.1,4.0,40.0,44.0,127,-25.17,2002,3.0,86.0,13.90000057,14.50344849,-0.603447914,15.30000038,-1.399999809,10.0,18.81250048,18.54008652,0.272413957,19.3100003,-0.497499824,8.0,106.3000031,78.98965599,27.31034706,63.98000183,42.32000122,419.3000021,391.868972,27.43103012,394.5400058,24.75999632,8.0,5.099999905,5.587500095,3.0,10.0,8.0,1.0,1.0,3.0,10.0,2002.0,36.92,-25.17,0.4682,0.423040711,both,True,36.92,-25.17,36.92,Calonectris_diomedea_36.92_-25.17,2.747857886,2002.0,3.0,36.92,-25.17,2002-03-01,2002-03-31,ECMWF/ERA5_LAND/DAILY_AGGR,,,,,,,,
128,213Bried2010,Calonectris_diomedea,Calonectris_diomedea,Procellariiformes,Procellariidae,Shearwaters and Petrels,Calonectris_diomedea,monogamy,yearly,Cory’s_shearwater,36.92,-25.17,no,microsatellite,2003,2003,March,October,16.0,4.0,20.0,24.0,128,-25.17,2003,3.0,86.0,14.10000038,14.50344849,-0.403448105,15.00000038,-0.9,10.0,18.96250045,18.54008652,0.422413933,19.24750032,-0.284999871,8.0,66.59999847,78.98965599,-12.38965751,76.36000214,-9.760003662,403.7999988,391.868972,11.93102678,369.9000054,33.89999332,8.0,5.099999905,5.587500095,3.0,10.0,8.0,1.0,1.0,3.0,10.0,2003.0,36.92,-25.17,,0.546333911,both,True,36.92,-25.17,36.92,Calonectris_diomedea_36.92_-25.17,2.747857886,2003.0,3.0,36.92,-25.17,2003-03-01,2003-03-31,ECMWF/ERA5_LAND/DAILY_AGGR,,,,,,,,
129,212Bonlokke-Pedersen2002,Carduelis_cannabina,Linaria_cannabina,Passeriformes,Fringillidae,"Finches, Euphonias, and Allies",Carduelis_cannabina,monogamy,yearly,Eurasian_linnet,56.5,10.83,no,microsatellite,1998,1998,April,August,5.0,1.0,19.0,20.0,129,10.83,1998,4.0,87.0,6.400000095,5.524138007,0.875862089,6.680000019,-0.279999924,8.0,12.16000032,12.39793122,-0.237930896,12.99600031,-0.835999985,5.0,54.0,34.91724184,19.08275816,26.42000103,27.57999897,301.0000038,241.9655214,59.03448241,202.6400068,98.35999699,5.0,6.700000286,8.019999981,4.0,8.0,5.0,1.0,1.0,4.0,8.0,1998.0,56.5,10.83,0.280420846,0.446645559,both,True,56.5,10.83,56.5,Carduelis_cannabina_56.5_10.83,2.190792782,1998.0,4.0,56.5,10.83,1998-04-01,1998-04-30,ECMWF/ERA5_LAND/DAILY_AGGR,15.854800336001064,2.9651164789014453,3.952277511563653,88.95349436704336,18.0,6.442456584506584,10.99185625712073,2.4570760412432144
130,212Bonlokke-Pedersen2002,Carduelis_cannabina,Linaria_cannabina,Passeriformes,Fringillidae,"Finches, Euphonias, and Allies",Carduelis_cannabina,monogamy,yearly,Eurasian_linnet,56.5,10.83,no,microsatellite,1999,1999,April,August,50.0,1.0,1.0,2.0,130,10.83,1999,4.0,87.0,7.700000286,5.524138007,2.175862279,6.440000057,1.260000229,8.0,13.10000029,12.39793122,0.702069065,12.91600031,0.183999977,5.0,46.10000229,34.91724184,11.18276045,34.20000095,11.90000134,335.1000099,241.9655214,93.13448852,216.3400064,118.7600035,5.0,8.400000572,9.420000267,4.0,8.0,5.0,1.0,1.0,4.0,8.0,1999.0,56.5,10.83,0.373443374,0.441063337,both,True,56.5,10.83,56.5,Carduelis_cannabina_56.5_10.83,2.190792782,1999.0,4.0,56.5,10.83,1999-04-01,1999-04-30,ECMWF/ERA5_LAND/DAILY_AGGR,11.558926105294631,1.459802449116765,2.6107705614886543,43.79407347350295,10.0,7.408243857489712,7.055287043253543,1.797372241034585
131,479Zharikov2000,Charadrius_semipalmatus,Charadrius_semipalmatus,Charadriiformes,Charadriidae,Plovers and Lapwings,Charadrius_semipalmatus,monogamy,yearly,semipalmated_plover,58.75,-95.07,no,DNA fingerprinting,1996,1996,June,July,14.3,1.0,6.0,7.0,131,-95.07,1996,6.0,88.0,8.400000572,7.210344956,1.189655616,7.660000229,0.740000343,7.0,10.95000029,9.979310455,0.970689831,9.720000172,1.230000114,2.0,45.29999924,45.29999924,0.0,45.29999924,0.0,103.0999985,103.0999985,0.0,103.0999985,0.0,2.0,10.30000019,11.4000001,6.0,7.0,2.0,1.0,1.0,6.0,7.0,1996.0,58.75,-95.07,0.350958315,0.481995022,both,True,58.75,-95.07,58.75,Charadrius_semipalmatus_58.75_-95.07,26.44567889,1996.0,6.0,58.75,-95.07,1996-06-01,1996-06-30,ECMWF/ERA5_LAND/DAILY_AGGR,20.8035331062888,2.5255348101582107,4.510206480408366,75.76604430474632,14.0,8.20176453060576,15.553848902384402,4.203874937255461
132,479Zharikov2000,Charadrius_semipalmatus,Charadrius_semipalmatus,Charadriiformes,Charadriidae,Plovers and Lapwings,Charadrius_semipalmatus,monogamy,yearly,semipalmated_plover,58.75,-95.07,no,DNA fingerprinting,1997,1997,June,July,0.0,0.0,17.0,17.0,132,-95.07,1997,6.0,88.0,8.199999809,7.210344956,0.989654853,7.520000267,0.679999542,7.0,11.19999981,9.979310455,1.220689354,9.650000191,1.549999619,2.0,45.29999924,45.29999924,0.0,45.29999924,0.0,103.0999985,103.0999985,0.0,103.0999985,0.0,2.0,10.80000019,10.9000001,6.0,7.0,2.0,1.0,1.0,6.0,7.0,1997.0,58.75,-95.07,0.404342983,0.450551953,both,True,58.75,-95.07,58.75,Charadrius_semipalmatus_58.75_-95.07,26.44567889,1997.0,6.0,58.75,-95.07,1997-06-01,1997-06-30,ECMWF/ERA5_LAND/DAILY_AGGR,9.218478202818403,1.0741969221947774,1.971329862421196,32.22590766584332,8.0,9.657465659247526,11.93226432800293,3.421397135733533
133,34Sánchez-Tójar2015,Coracias_garrulus,Coracias_garrulus,Coraciiformes,Coraciidae,Rollers,Coracias_garrulus,monogamy,yearly,European_roller,37.3,-3.18,yes,microsatellite,2007,2007,May,July,0.0,0.0,13.0,13.0,133,-3.18,2007,5.0,89.0,13.10000038,12.32068986,0.779310522,13.58000011,-0.479999733,7.0,17.73333359,17.11149457,0.621839019,18.52000014,-0.786666552,3.0,74.90000153,54.98275928,19.91724225,47.00000153,27.9,89.00000191,116.0517258,-27.0517239,67.42000188,21.58000003,3.0,12.80000019,14.0,5.0,7.0,3.0,1.0,1.0,5.0,7.0,2007.0,37.3,-3.18,0.34067619,0.286052005,both,True,37.3,-3.18,37.3,Coracias_garrulus_37.3_-3.18,60.26813855,2007.0,5.0,37.3,-3.18,2007-05-01,2007-05-31,ECMWF/ERA5_LAND/DAILY_AGGR,20.34842406419557,2.4053641995641604,4.572371536965549,74.56629018648897,10.0,15.48047253188269,14.294601440429688,3.677199966743095
134,34Sánchez-Tójar2015,Coracias_garrulus,Coracias_garrulus,Coraciiformes,Coraciidae,Rollers,Coracias_garrulus,monogamy,yearly,European_roller,37.3,-3.18,yes,microsatellite,2008,2008,May,July,25.0,1.0,3.0,4.0,134,-3.18,2008,5.0,89.0,12.0,12.32068986,-0.320689859,13.74000015,-1.740000153,7.0,17.76666641,17.11149457,0.655171844,18.61333351,-0.846667099,3.0,90.80000305,54.98275928,35.81724377,53.80000153,37.00000153,153.6000051,116.0517258,37.54827935,70.40000196,83.20000319,3.0,10.90000057,13.20000013,5.0,7.0,3.0,1.0,1.0,5.0,7.0,2008.0,37.3,-3.18,0.26411646,0.249685164,both,True,37.3,-3.18,37.3,Coracias_garrulus_37.3_-3.18,60.26813855,2008.0,5.0,37.3,-3.18,2008-05-01,2008-05-31,ECMWF/ERA5_LAND/DAILY_AGGR,14.07584547996521,2.912376248830934,3.952542824411353,90.28366371375895,14.0,14.34479113342944,13.083932876586914,3.050313748854097
135,34Sánchez-Tójar2015,Coracias_garrulus,Coracias_garrulus,Coraciiformes,Coraciidae,Rollers,Coracias_garrulus,monogamy,yearly,European_roller,37.3,-3.18,yes,microsatellite,2009,2009,May,July,9.1,1.0,10.0,11.0,135,-3.18,2009,5.0,89.0,14.40000057,12.32068986,2.079310713,13.24000015,1.16000042,7.0,18.9333334,17.11149457,1.821838828,18.3600001,0.573333295,3.0,13.30000019,54.98275928,-41.68275909,67.76000214,-54.46000195,26.10000038,116.0517258,-89.95172542,96.20000296,-70.10000257,3.0,12.80000019,14.13333352,5.0,7.0,3.0,1.0,1.0,5.0,7.0,2009.0,37.3,-3.18,0.35602946,0.300849429,both,True,37.3,-3.18,37.3,Coracias_garrulus_37.3_-3.18,60.26813855,2009.0,5.0,37.3,-3.18,2009-05-01,2009-05-31,ECMWF/ERA5_LAND/DAILY_AGGR,11.722165346043312,1.3243441972840464,2.8040525788849235,41.05467011580544,7.0,16.83079412726949,11.063730239868164,2.92313047205198
136,34Sánchez-Tójar2015,Coracias_garrulus,Coracias_garrulus,Coraciiformes,Coraciidae,Rollers,Coracias_garrulus,monogamy,yearly,European_roller,37.3,-3.18,yes,microsatellite,2010,2010,May,July,0.0,0.0,10.0,10.0,136,-3.18,2010,5.0,89.0,12.90000057,12.32068986,0.579310713,13.76000023,-0.859999657,7.0,18.23333391,17.11149457,1.121839337,18.50000013,-0.266666222,3.0,28.60000038,54.98275928,-26.3827589,51.38000126,-22.78000088,81.50000191,116.0517258,-34.5517239,78.58000202,2.919999886,3.0,12.40000057,13.76666705,5.0,7.0,3.0,1.0,1.0,5.0,7.0,2010.0,37.3,-3.18,0.349903376,0.294401466,both,True,37.3,-3.18,37.3,Coracias_garrulus_37.3_-3.18,60.26813855,2010.0,5.0,37.3,-3.18,2010-05-01,2010-05-31,ECMWF/ERA5_LAND/DAILY_AGGR,7.311522960662842,1.143627708092395,2.06295741032276,35.45245895086424,8.0,14.415102956628308,14.709149042765318,3.922900947423936
137,34Sánchez-Tójar2015,Coracias_garrulus,Coracias_garrulus,Coraciiformes,Coraciidae,Rollers,Coracias_garrulus,monogamy,yearly,European_roller,37.3,-3.18,yes,microsatellite,2011,2011,May,July,0.0,0.0,11.0,11.0,137,-3.18,2011,5.0,89.0,14.69999981,12.32068986,2.37930995,13.40000038,1.299999428,7.0,18.5666666,17.11149457,1.455172035,18.31333351,0.253333092,3.0,59.40000153,54.98275928,4.417242247,53.30000134,6.100000191,78.90000153,116.0517258,-37.15172428,88.9800024,-10.08000088,3.0,11.40000057,13.16666698,5.0,7.0,3.0,1.0,1.0,5.0,7.0,2011.0,37.3,-3.18,0.375439095,0.318136804,both,True,37.3,-3.18,37.3,Coracias_garrulus_37.3_-3.18,60.26813855,2011.0,5.0,37.3,-3.18,2011-05-01,2011-05-31,ECMWF/ERA5_LAND/DAILY_AGGR,37.32535407783644,3.6672694786693727,7.253512227290561,113.68535383875056,15.0,16.07609161048809,10.343165715535465,2.6112621502300684
138,260Overeem2014,Cyanocitta_stelleri,Cyanocitta_stelleri,Passeriformes,Corvidae,"Crows, Jays, and Magpies",Cyanocitta_stelleri,monogamy,yearly,Steller’s_jay,40.98,-124.0,no,microsatellite,2006,2006,March,August,10.0,1.0,9.0,10.0,138,-124.0,2006,3.0,90.0,4.599999905,6.30689667,-1.706896765,7.680000305,-3.080000401,8.0,12.33333341,11.56551743,0.767815987,12.5066669,-0.173333486,6.0,308.5,181.0827612,127.4172388,131.2600006,177.2399994,558.9999966,351.8517308,207.1482658,343.4800089,215.5199876,6.0,8.600000381,12.25000016,3.0,8.0,6.0,1.0,1.0,3.0,8.0,2006.0,40.98,-124.0,0.646993019,0.734742633,both,True,40.98,-124.0,40.98,Cyanocitta_stelleri_40.98_-124,11.20131773,2006.0,3.0,40.98,-124.0,2006-03-01,2006-03-31,ECMWF/ERA5_LAND/DAILY_AGGR,41.72182083129883,10.27992539255274,11.279109342428546,318.67768716913497,24.0,5.941552549792897,8.674687703450502,1.859530458686662
139,260Overeem2014,Cyanocitta_stelleri,Cyanocitta_stelleri,Passeriformes,Corvidae,"Crows, Jays, and Magpies",Cyanocitta_stelleri,monogamy,yearly,Steller’s_jay,40.98,-124.0,no,microsatellite,2007,2007,March,August,14.3,2.0,12.0,14.0,139,-124.0,2007,3.0,90.0,8.400000572,6.30689667,2.093103902,7.060000229,1.340000343,8.0,12.91666698,11.56551743,1.351149559,12.49666686,0.420000124,6.0,54.0,181.0827612,-127.0827612,172.5800003,-118.5800003,199.4999998,351.8517308,-152.351731,406.5800072,-207.0800074,6.0,12.0,13.18333371,3.0,8.0,6.0,1.0,1.0,3.0,8.0,2007.0,40.98,-124.0,0.692175758,0.738714088,both,True,40.98,-124.0,40.98,Cyanocitta_stelleri_40.98_-124,11.20131773,2007.0,3.0,40.98,-124.0,2007-03-01,2007-03-31,ECMWF/ERA5_LAND/DAILY_AGGR,23.941129992692822,3.3163480223136377,5.920923834549931,102.80678869172276,10.0,8.597110079693561,8.333117802937807,2.0061096521845267
140,260Overeem2014,Cyanocitta_stelleri,Cyanocitta_stelleri,Passeriformes,Corvidae,"Crows, Jays, and Magpies",Cyanocitta_stelleri,monogamy,yearly,Steller’s_jay,40.98,-124.0,no,microsatellite,2008,2008,March,August,17.6,3.0,14.0,17.0,140,-124.0,2008,3.0,90.0,5.900000095,6.30689667,-0.406896575,7.600000286,-1.700000191,8.0,12.03333386,11.56551743,0.467816432,12.68333352,-0.649999666,6.0,91.59999847,181.0827612,-89.4827627,163.7,-72.10000153,170.7000015,351.8517308,-181.1517293,402.400006,-231.7000046,6.0,10.60000038,13.13333368,3.0,8.0,6.0,1.0,1.0,3.0,8.0,2008.0,40.98,-124.0,0.709419985,0.731557739,both,True,40.98,-124.0,40.98,Cyanocitta_stelleri_40.98_-124,11.20131773,2008.0,3.0,40.98,-124.0,2008-03-01,2008-03-31,ECMWF/ERA5_LAND/DAILY_AGGR,25.09830892086029,4.317346791974468,6.870445257305577,133.8377505512085,14.0,6.626133157873684,5.843758900960324,1.5104430905298372
141,218Masello2002,Cyanoliseus_patagonus,Cyanoliseus_patagonus,Psittaciformes,Psittacidae,New World and African Parrots,Cyanoliseus_patagonus,monogamy,yearly,burrowing_parakeet,-41.05,-62.8,no,DNA fingerprinting,1998,1999,October,February,0.0,0.0,22.0,22.0,141,-62.8,1998,10.0,91.0,15.19999981,13.87586229,1.324137523,14.06000023,1.13999958,2.0,18.30000057,18.63517276,-0.335172186,18.60000023,-0.299999657,5.0,6.900000095,28.38275926,-21.48275916,44.04000053,-37.14000044,136.6000028,137.7931066,-1.193103794,148.6800029,-12.08000011,5.0,14.30000019,13.42000008,10.0,2.0,5.0,1.0,1.0,10.0,2.0,1998.0,-41.05,-62.8,0.263335718,0.160940519,both,True,-41.05,-62.8,41.05,Cyanoliseus_patagonus_-41.05_-62.8,0.202861352,1998.0,10.0,-41.05,-62.8,1998-10-01,1998-10-31,ECMWF/ERA5_LAND/DAILY_AGGR,,,,,,,,
142,218Masello2002,Cyanoliseus_patagonus,Cyanoliseus_patagonus,Psittaciformes,Psittacidae,New World and African Parrots,Cyanoliseus_patagonus,monogamy,yearly,burrowing_parakeet,-41.05,-62.8,no,DNA fingerprinting,1999,2000,October,February,0.0,0.0,27.0,27.0,142,-62.8,1999,10.0,91.0,14.60000038,13.87586229,0.724138095,14.28000011,0.320000267,2.0,18.82000046,18.63517276,0.184827699,18.63200031,0.188000145,5.0,27.70000076,28.38275926,-0.682758496,35.32000055,-7.61999979,248.0000038,137.7931066,110.2068973,155.0200034,92.9800004,5.0,13.19999981,13.86000023,10.0,2.0,5.0,1.0,1.0,10.0,2.0,1999.0,-41.05,-62.8,0.285735075,0.112037785,both,True,-41.05,-62.8,41.05,Cyanoliseus_patagonus_-41.05_-62.8,0.202861352,1999.0,10.0,-41.05,-62.8,1999-10-01,1999-10-31,ECMWF/ERA5_LAND/DAILY_AGGR,,,,,,,,
143,249Kraaijeveld2004,Cygnus_atratus,Cygnus_atratus,Anseriformes,Anatidae,"Ducks, Geese, and Waterfowl",Cygnus_atratus,monogamy,yearly,black_swan,-37.55,14.82,no,microsatellite,1999,1999,July,November,40.0,10.0,15.0,25.0,143,14.82,1999,7.0,92.0,,,,,,11.0,,,,,,5.0,,,,,,,,,,,5.0,,,7.0,11.0,5.0,1.0,1.0,7.0,11.0,1999.0,-37.55,14.82,,,both,True,-37.55,14.82,37.55,Cygnus_atratus_-37.55_14.82,483.9761392,1999.0,7.0,-37.55,14.82,1999-07-01,1999-07-31,ECMWF/ERA5_LAND/DAILY_AGGR,,,,,,,,
144,249Kraaijeveld2004,Cygnus_atratus,Cygnus_atratus,Anseriformes,Anatidae,"Ducks, Geese, and Waterfowl",Cygnus_atratus,monogamy,yearly,black_swan,-37.55,14.82,no,microsatellite,2000,2000,July,November,40.0,18.0,27.0,45.0,144,14.82,2000,7.0,92.0,,,,,,11.0,,,,,,5.0,,,,,,,,,,,5.0,,,7.0,11.0,5.0,1.0,1.0,7.0,11.0,2000.0,-37.55,14.82,,,both,True,-37.55,14.82,37.55,Cygnus_atratus_-37.55_14.82,483.9761392,2000.0,7.0,-37.55,14.82,2000-07-01,2000-07-31,ECMWF/ERA5_LAND/DAILY_AGGR,,,,,,,,
145,249Kraaijeveld2004,Cygnus_atratus,Cygnus_atratus,Anseriformes,Anatidae,"Ducks, Geese, and Waterfowl",Cygnus_atratus,monogamy,yearly,black_swan,-37.55,14.82,no,microsatellite,2001,2001,July,November,26.7,4.0,11.0,15.0,145,14.82,2001,7.0,92.0,,,,,,11.0,,,,,,5.0,,,,,,,,,,,5.0,,,7.0,11.0,5.0,1.0,1.0,7.0,11.0,2001.0,-37.55,14.82,,,both,True,-37.55,14.82,37.55,Cygnus_atratus_-37.55_14.82,483.9761392,2001.0,7.0,-37.55,14.82,2001-07-01,2001-07-31,ECMWF/ERA5_LAND/DAILY_AGGR,,,,,,,,
146,325Webster2001,Dendroica_caerulescens,Setophaga_caerulescens,Passeriformes,Parulidae,New World Warblers,Dendroica_caerulescens,monogamy,yearly,black-throated_blue_warbler,43.93,-71.75,,other,1995,1995,May,August,31.3,5.0,11.0,16.0,146,-71.75,1995,5.0,93.0,11.5,11.93793123,-0.437931225,12.18000011,-0.680000114,8.0,17.60000038,16.60258658,0.9974138,17.0150002,0.585000181,4.0,59.90000153,89.72069056,-29.82068904,78.72000122,-18.81999969,298.9000092,377.7551778,-78.85516864,377.8400032,-78.93999405,4.0,14.30000019,14.52500033,5.0,8.0,4.0,1.0,1.0,5.0,8.0,1995.0,43.93,-71.75,0.49011661,0.779256921,both,True,43.93,-71.75,43.93,Dendroica_caerulescens_43.93_-71.75,118.1590261,1995.0,5.0,43.93,-71.75,1995-05-01,1995-05-31,ECMWF/ERA5_LAND/DAILY_AGGR,17.81812310218811,2.366400843963295,4.170479893237726,73.35842616286214,15.0,9.530576652608916,14.51832389831543,2.8340367909774566
147,325Webster2001,Dendroica_caerulescens,Setophaga_caerulescens,Passeriformes,Parulidae,New World Warblers,Dendroica_caerulescens,monogamy,yearly,black-throated_blue_warbler,43.93,-71.75,,other,1996,1996,May,August,47.6,10.0,11.0,21.0,147,-71.75,1996,5.0,93.0,11.10000038,11.93793123,-0.837930844,12.34000015,-1.239999771,8.0,16.77500057,16.60258658,0.17241399,17.17500019,-0.399999619,4.0,134.8000031,89.72069056,45.07931249,63.26000214,71.54000092,438.0000153,377.7551778,60.24483746,337.2000053,100.8000099,4.0,14.5,13.12500024,5.0,8.0,4.0,1.0,1.0,5.0,8.0,1996.0,43.93,-71.75,0.566833929,0.763104105,both,True,43.93,-71.75,43.93,Dendroica_caerulescens_43.93_-71.75,118.1590261,1996.0,5.0,43.93,-71.75,1996-05-01,1996-05-31,ECMWF/ERA5_LAND/DAILY_AGGR,38.758301988238486,6.307489151791493,10.056845469243862,195.53216370553628,20.0,9.17368268248858,16.25180753072101,3.6890543582535664
148,325Webster2001,Dendroica_caerulescens,Setophaga_caerulescens,Passeriformes,Parulidae,New World Warblers,Dendroica_caerulescens,monogamy,yearly,black-throated_blue_warbler,43.93,-71.75,,other,1997,1997,May,August,26.3,10.0,28.0,38.0,148,-71.75,1997,5.0,93.0,9.800000191,11.93793123,-2.137931034,11.66000023,-1.860000038,8.0,16.02500033,16.60258658,-0.577586248,16.93500032,-0.90999999,4.0,77.0,89.72069056,-12.72069056,74.68000183,2.319998169,364.200016,377.7551778,-13.55516177,349.6200058,14.58001022,4.0,12.69999981,13.875,5.0,8.0,4.0,1.0,1.0,5.0,8.0,1997.0,43.93,-71.75,0.496839232,0.783331549,both,True,43.93,-71.75,43.93,Dendroica_caerulescens_43.93_-71.75,118.1590261,1997.0,5.0,43.93,-71.75,1997-05-01,1997-05-31,ECMWF/ERA5_LAND/DAILY_AGGR,15.258505890528795,3.7170822822145606,3.563344351565508,115.22955074865138,20.0,6.941510977796352,12.701608022054018,3.119950846663257
149,325Webster2001,Dendroica_caerulescens,Setophaga_caerulescens,Passeriformes,Parulidae,New World Warblers,Dendroica_caerulescens,monogamy,yearly,black-throated_blue_warbler,43.93,-71.75,,other,1998,1998,May,August,35.7,15.0,27.0,42.0,149,-71.75,1998,5.0,93.0,14.30000019,11.93793123,2.362068966,11.26000023,3.039999962,8.0,17.35000014,16.60258658,0.747413561,16.96500034,0.3849998,4.0,75.70000458,89.72069056,-14.02068599,80.54000168,-4.839997101,482.3000107,377.7551778,104.5448329,356.1200089,126.1800018,4.0,15.30000019,13.375,5.0,8.0,4.0,1.0,1.0,5.0,8.0,1998.0,43.93,-71.75,0.698847291,0.722556568,both,True,43.93,-71.75,43.93,Dendroica_caerulescens_43.93_-71.75,118.1590261,1998.0,5.0,43.93,-71.75,1998-05-01,1998-05-31,ECMWF/ERA5_LAND/DAILY_AGGR,8.879292011158668,1.8256059855723323,2.6649697631537586,56.593785552742304,10.0,13.585043002713132,10.485373814900695,2.705957013268132
150,180Chuang1999,Dendroica_caerulescens,Setophaga_caerulescens,Passeriformes,Parulidae,New World Warblers,Dendroica_caerulescens,monogamy,yearly,black-throated_blue_warbler,43.93,-71.75,no,DNA fingerprinting,1995,1995,May,August,20.0,3.0,13.0,16.0,150,-71.75,1995,5.0,93.0,11.5,11.93793123,-0.437931225,12.18000011,-0.680000114,8.0,17.60000038,16.60258658,0.9974138,17.0150002,0.585000181,4.0,59.90000153,89.72069056,-29.82068904,78.72000122,-18.81999969,298.9000092,377.7551778,-78.85516864,377.8400032,-78.93999405,4.0,14.30000019,14.52500033,5.0,8.0,4.0,1.0,1.0,5.0,8.0,1995.0,43.93,-71.75,0.49011661,0.779256921,both,True,43.93,-71.75,43.93,Dendroica_caerulescens_43.93_-71.75,118.1590261,1995.0,5.0,43.93,-71.75,1995-05-01,1995-05-31,ECMWF/ERA5_LAND/DAILY_AGGR,17.81812310218811,2.366400843963295,4.170479893237726,73.35842616286214,15.0,9.530576652608916,14.51832389831543,2.8340367909774566
151,180Chuang1999,Dendroica_caerulescens,Setophaga_caerulescens,Passeriformes,Parulidae,New World Warblers,Dendroica_caerulescens,monogamy,yearly,black-throated_blue_warbler,43.93,-71.75,no,DNA fingerprinting,1996,1996,May,August,31.0,7.0,15.0,22.0,151,-71.75,1996,5.0,93.0,11.10000038,11.93793123,-0.837930844,12.34000015,-1.239999771,8.0,16.77500057,16.60258658,0.17241399,17.17500019,-0.399999619,4.0,134.8000031,89.72069056,45.07931249,63.26000214,71.54000092,438.0000153,377.7551778,60.24483746,337.2000053,100.8000099,4.0,14.5,13.12500024,5.0,8.0,4.0,1.0,1.0,5.0,8.0,1996.0,43.93,-71.75,0.566833929,0.763104105,both,True,43.93,-71.75,43.93,Dendroica_caerulescens_43.93_-71.75,118.1590261,1996.0,5.0,43.93,-71.75,1996-05-01,1996-05-31,ECMWF/ERA5_LAND/DAILY_AGGR,38.758301988238486,6.307489151791493,10.056845469243862,195.53216370553628,20.0,9.17368268248858,16.25180753072101,3.6890543582535664
152,447Burg2006,Diomedea_exulans,Diomedea_exulans,Procellariiformes,Diomedeidae,Albatrosses,Diomedea_exulans,monogamy,yearly,wandering_albatross,-54.0,-38.0,no,microsatellite,1998,1999,December,May,20.8,11.0,42.0,53.0,152,-38.0,1998,12.0,94.0,3.299999952,3.189655197,0.110344755,3.240000105,0.059999847,5.0,2.833333373,2.828160969,0.005172404,3.153333381,-0.320000008,6.0,85.40000153,85.40000153,0.0,85.40000153,0.0,787.9000168,787.9000168,0.0,787.9000168,0.0,6.0,6.099999905,6.233333429,12.0,5.0,6.0,1.0,1.0,12.0,5.0,1998.0,-54.0,-38.0,,,both,True,-54.0,-38.0,54.0,Diomedea_exulans_-54_-38,0.534231948,1998.0,12.0,-54.0,-38.0,1998-12-01,1998-12-31,ECMWF/ERA5_LAND/DAILY_AGGR,,,,,,,,
153,447Burg2006,Diomedea_exulans,Diomedea_exulans,Procellariiformes,Diomedeidae,Albatrosses,Diomedea_exulans,monogamy,yearly,wandering_albatross,-54.0,-38.0,no,microsatellite,1999,2000,December,May,5.9,3.0,48.0,51.0,153,-38.0,1999,12.0,94.0,3.400000095,3.189655197,0.210344898,3.280000067,0.120000029,5.0,3.466666698,2.828160969,0.638505729,3.066666721,0.399999977,6.0,85.40000153,85.40000153,0.0,85.40000153,0.0,787.9000168,787.9000168,0.0,787.9000168,0.0,6.0,6.099999905,6.233333429,12.0,5.0,6.0,1.0,1.0,12.0,5.0,1999.0,-54.0,-38.0,,,both,True,-54.0,-38.0,54.0,Diomedea_exulans_-54_-38,0.534231948,1999.0,12.0,-54.0,-38.0,1999-12-01,1999-12-31,ECMWF/ERA5_LAND/DAILY_AGGR,,,,,,,,
154,302 Jones2012,Diomedea_exulans,Diomedea_exulans,Procellariiformes,Diomedeidae,Albatrosses,Diomedea_exulans,monogamy,yearly,wandering_albatross,-46.87,37.68,no,microsatellite,2007,2008,November,October,17.0,14.0,68.0,82.0,154,37.68,2007,11.0,95.0,3.900000095,4.186206957,-0.286206862,4.68000021,-0.780000114,10.0,4.500000099,4.125287429,0.374712671,4.568333391,-0.068333292,12.0,167.8000031,178.8827615,-11.08275841,169.6600006,-1.859997559,1631.600044,2341.355211,-709.7551672,2022.620029,-391.0199844,12.0,5.5,5.791666786,11.0,10.0,12.0,1.0,1.0,11.0,10.0,2007.0,-46.87,37.68,0.0163,-0.022993313,both,True,-46.87,37.68,46.87,Diomedea_exulans_-46.87_37.68,3.226429141,2007.0,11.0,-46.87,37.68,2007-11-01,2007-11-30,ECMWF/ERA5_LAND/DAILY_AGGR,11.1146516759959,2.38750230356762,2.825311172325677,71.6250691070286,16.0,4.058656777275958,5.209770202636719,1.3132696186982984
155,302 Jones2012,Diomedea_exulans,Diomedea_exulans,Procellariiformes,Diomedeidae,Albatrosses,Diomedea_exulans,monogamy,yearly,wandering_albatross,-46.87,37.68,no,microsatellite,2008,2009,November,October,14.0,12.0,73.0,85.0,155,37.68,2008,11.0,95.0,4.200000286,4.186206957,0.013793329,4.520000172,-0.319999886,10.0,4.100000113,4.125287429,-0.025287316,4.476666721,-0.376666607,12.0,157.1000061,178.8827615,-21.78275536,172.1800018,-15.07999573,1762.000046,2341.355211,-579.3551657,1943.46003,-181.4599838,12.0,6.300000191,6.033333381,11.0,10.0,12.0,1.0,1.0,11.0,10.0,2008.0,-46.87,37.68,,-0.031135381,both,True,-46.87,37.68,46.87,Diomedea_exulans_-46.87_37.68,3.226429141,2008.0,11.0,-46.87,37.68,2008-11-01,2008-11-30,ECMWF/ERA5_LAND/DAILY_AGGR,22.592782974243164,3.342476547014428,4.69809481709433,100.27429641043284,17.0,4.424459245469859,5.243349075317383,1.3345188382093838
156,302 Jones2012,Diomedea_exulans,Diomedea_exulans,Procellariiformes,Diomedeidae,Albatrosses,Diomedea_exulans,monogamy,yearly,wandering_albatross,-46.87,37.68,no,microsatellite,2009,2010,November,October,24.0,19.0,61.0,80.0,156,37.68,2009,11.0,95.0,4.700000286,4.186206957,0.513793329,4.38000021,0.320000076,10.0,4.15833348,4.125287429,0.033046052,4.3533334,-0.194999919,12.0,134.8000031,178.8827615,-44.08275841,168.3000031,-33.5,1628.400032,2341.355211,-712.9551794,1946.760034,-318.3600021,12.0,6.0,5.883333445,11.0,10.0,12.0,1.0,1.0,11.0,10.0,2009.0,-46.87,37.68,0.1704,-0.018892457,both,True,-46.87,37.68,46.87,Diomedea_exulans_-46.87_37.68,3.226429141,2009.0,11.0,-46.87,37.68,2009-11-01,2009-11-30,ECMWF/ERA5_LAND/DAILY_AGGR,18.74032616615296,3.544516023790223,4.827984325999544,106.33548071370669,19.0,4.942800945705861,7.002764383951785,1.828491364377272
157,441Ryder2012,Dumetella_carolinensis,Dumetella_carolinensis,Passeriformes,Mimidae,Mockingbirds and Thrashers,Dumetella_carolinensis,monogamy,yearly,grey_catbird,39.0,-76.0,no,microsatellite,2008,2008,May,August,24.2,,,,157,-76.0,2008,5.0,96.0,16.70000076,17.71379346,-1.013792696,17.96000004,-1.259999275,8.0,22.60000038,22.19913825,0.400862135,22.7400003,-0.139999914,4.0,164.3000031,92.9620701,71.33793295,79.81999969,84.48000336,380.9000015,407.3310404,-26.43103886,436.5800056,-55.68000412,4.0,12.40000057,11.92500019,5.0,8.0,4.0,1.0,1.0,5.0,8.0,2008.0,39.0,-76.0,0.578143889,0.629164464,both,True,39.0,-76.0,39.0,Dumetella_carolinensis_39_-76,14.33554625,2008.0,5.0,39.0,-76.0,2008-05-01,2008-05-31,ECMWF/ERA5_LAND/DAILY_AGGR,42.10343956947327,4.314932183675412,10.443408195036156,133.7628976939378,8.0,16.59821960285148,12.0357831319173,2.810016475878828
158,441Ryder2012,Dumetella_carolinensis,Dumetella_carolinensis,Passeriformes,Mimidae,Mockingbirds and Thrashers,Dumetella_carolinensis,monogamy,yearly,grey_catbird,39.0,-76.0,no,microsatellite,2009,2009,May,August,26.4,,,,158,-76.0,2009,5.0,96.0,18.70000076,17.71379346,0.986207304,18.02000027,0.680000496,8.0,22.5,22.19913825,0.300861753,22.85500035,-0.355000353,4.0,133.6000061,92.9620701,40.637936,85.94000092,47.66000519,563.7000122,407.3310404,156.3689718,395.4800041,168.2200081,4.0,11.10000038,10.72500038,5.0,8.0,4.0,1.0,1.0,5.0,8.0,2009.0,39.0,-76.0,0.604600491,0.634437624,both,True,39.0,-76.0,39.0,Dumetella_carolinensis_39_-76,14.33554625,2009.0,5.0,39.0,-76.0,2009-05-01,2009-05-31,ECMWF/ERA5_LAND/DAILY_AGGR,21.086256502371725,4.260011869748971,6.154937378503932,132.0603679622181,15.0,17.78813777226276,10.055170059204102,2.8378640907522
159,255Bouwman2006,Emberiza_schoeniclus,Emberiza_schoeniclus,Passeriformes,Emberizidae,Old World Buntings,Emberiza_schoeniclus,monogamy,yearly,reed_bunting,51.75,4.75,no,microsatellite,2002,2002,February,July,83.3,55.0,11.0,66.0,159,4.75,2002,2.0,97.0,7.300000191,2.727586269,4.572413921,5.440000057,1.860000134,7.0,11.98333367,10.08908064,1.894253031,11.45666684,0.526666832,6.0,120.5,46.83793209,73.66206791,67.12000237,53.37999763,431.8000069,367.7793171,64.02068977,411.9400101,19.8599968,6.0,6.700000286,8.716666937,2.0,7.0,6.0,1.0,1.0,2.0,7.0,2002.0,51.75,4.75,0.413295376,0.464365471,both,True,51.75,4.75,51.75,Emberiza_schoeniclus_51.75_4.75,42.0902395,2002.0,2.0,51.75,4.75,2002-02-01,2002-02-28,ECMWF/ERA5_LAND/DAILY_AGGR,19.6389898101188,4.087015455663336,4.930653170332253,114.4364327585734,19.0,6.876695387704054,10.672938028971316,3.2273795620697303
160,255Bouwman2006,Emberiza_schoeniclus,Emberiza_schoeniclus,Passeriformes,Emberizidae,Old World Buntings,Emberiza_schoeniclus,monogamy,yearly,reed_bunting,51.75,4.75,no,microsatellite,2003,2003,February,July,61.8,34.0,21.0,55.0,160,4.75,2003,2.0,97.0,2.0,2.727586269,-0.727586269,5.640000057,-3.640000057,7.0,11.75000032,10.08908064,1.660919681,11.57666683,0.173333486,6.0,21.89999962,46.83793209,-24.93793247,75.08000145,-53.18000183,263.6999989,367.7793171,-104.0793182,421.9400085,-158.2400097,6.0,7.599999905,9.683333476,2.0,7.0,6.0,1.0,1.0,2.0,7.0,2003.0,51.75,4.75,0.300243609,0.386457453,both,True,51.75,4.75,51.75,Emberiza_schoeniclus_51.75_4.75,42.0902395,2003.0,2.0,51.75,4.75,2003-02-01,2003-02-28,ECMWF/ERA5_LAND/DAILY_AGGR,5.220998960908219,0.7400289905344438,1.4406515591827287,20.72081173496443,7.0,1.886018939245338,11.234154383341432,3.0565339614327693
161,88Mayer2013,Emberiza_schoeniclus,Emberiza_schoeniclus,Passeriformes,Emberizidae,Old World Buntings,Emberiza_schoeniclus,monogamy,yearly,reed_bunting,47.0,8.0,no,microsatellite,2002,2002,March,August,43.0,20.0,27.0,47.0,161,8.0,2002,3.0,98.0,0.100000001,-2.303448331,2.403448332,-0.080000001,0.180000003,8.0,7.050000207,5.544827674,1.505172533,6.993333489,0.056666718,6.0,92.30000305,103.9241394,-11.6241363,104.4000031,-12.1,981.5000229,865.4448395,116.0551834,917.3200195,64.18000336,6.0,8.100000381,7.383333524,3.0,8.0,6.0,1.0,1.0,3.0,8.0,2002.0,47.0,8.0,0.559462368,0.695236591,both,True,47.0,8.0,47.0,Emberiza_schoeniclus_47_8,292.7246039,2002.0,3.0,47.0,8.0,2002-03-01,2002-03-31,ECMWF/ERA5_LAND/DAILY_AGGR,28.83889377108062,3.346504273376776,6.5195741529805336,103.74163247468005,13.0,2.981073264665528,10.71426773071289,2.7916379985793363
162,88Mayer2013,Emberiza_schoeniclus,Emberiza_schoeniclus,Passeriformes,Emberizidae,Old World Buntings,Emberiza_schoeniclus,monogamy,yearly,reed_bunting,47.0,8.0,no,microsatellite,2003,2003,March,August,37.0,21.0,36.0,57.0,162,8.0,2003,3.0,98.0,0.600000024,-2.303448331,2.903448355,-0.220000003,0.820000027,8.0,8.366666853,5.544827674,2.821839179,7.066666831,1.300000023,6.0,36.20000076,103.9241394,-67.72413859,116.2600037,-80.0600029,631.1000099,865.4448395,-234.3448296,949.7600235,-318.6600136,6.0,9.300000191,9.066666842,3.0,8.0,6.0,1.0,1.0,3.0,8.0,2003.0,47.0,8.0,0.498609558,0.692687146,both,True,47.0,8.0,47.0,Emberiza_schoeniclus_47_8,292.7246039,2003.0,3.0,47.0,8.0,2003-03-01,2003-03-31,ECMWF/ERA5_LAND/DAILY_AGGR,11.190357804196085,1.5775689429169404,3.2461386302677973,48.90463723042515,7.0,2.526383459439864,9.514640172322627,2.3320400075606966
163,88Mayer2013,Emberiza_schoeniclus,Emberiza_schoeniclus,Passeriformes,Emberizidae,Old World Buntings,Emberiza_schoeniclus,monogamy,yearly,reed_bunting,47.0,8.0,no,microsatellite,2004,2004,March,August,38.0,14.0,23.0,37.0,163,8.0,2004,3.0,98.0,-2.0,-2.303448331,0.303448331,0.060000004,-2.060000004,8.0,6.466666738,5.544827674,0.921839064,7.343333498,-0.87666676,6.0,65.0,103.9241394,-38.92413935,108.3400032,-43.3400032,765.8000259,865.4448395,-99.64481354,932.9000206,-167.0999947,6.0,7.099999905,7.51666681,3.0,8.0,6.0,1.0,1.0,3.0,8.0,2004.0,47.0,8.0,0.525091082,0.718295151,both,True,47.0,8.0,47.0,Emberiza_schoeniclus_47_8,292.7246039,2004.0,3.0,47.0,8.0,2004-03-01,2004-03-31,ECMWF/ERA5_LAND/DAILY_AGGR,23.34170341481468,3.068400871075968,4.870340825363655,95.120427003355,15.0,0.2956207111317858,13.859245936075808,3.767025330797454
164,88Mayer2013,Emberiza_schoeniclus,Emberiza_schoeniclus,Passeriformes,Emberizidae,Old World Buntings,Emberiza_schoeniclus,monogamy,yearly,reed_bunting,47.0,8.0,no,microsatellite,2005,2005,March,August,41.0,16.0,24.0,40.0,164,8.0,2005,3.0,98.0,-1.200000048,-2.303448331,1.103448283,-0.259999995,-0.940000053,8.0,6.900000254,5.544827674,1.35517258,7.230000158,-0.329999904,6.0,51.0,103.9241394,-52.92413935,104.0000023,-53.00000229,803.8000259,865.4448395,-61.64481354,869.3200218,-65.51999588,6.0,7.099999905,7.51666673,3.0,8.0,6.0,1.0,1.0,3.0,8.0,2005.0,47.0,8.0,0.471229585,0.719808282,both,True,47.0,8.0,47.0,Emberiza_schoeniclus_47_8,292.7246039,2005.0,3.0,47.0,8.0,2005-03-01,2005-03-31,ECMWF/ERA5_LAND/DAILY_AGGR,7.685229182243347,2.1117987351076986,2.384401993992144,65.46576078833866,17.0,0.5285357690626766,17.138272603352902,5.452184417773197
165,450Pearson2006,Empidonax_traillii,Empidonax_traillii,Passeriformes,Tyrannidae,Tyrant Flycatchers,Empidonax_traillii,monogamy,yearly,southern_willow_flycatcher,35.65,-118.03,no,microsatellite,1997,1997,May,August,25.0,3.0,9.0,12.0,165,-118.03,1997,5.0,99.0,17.60000038,14.72413806,2.875862319,15.38000031,2.220000076,8.0,21.15000057,20.53965546,0.610345117,20.9300004,0.220000172,4.0,0.300000012,10.82758644,-10.52758642,16.00000038,-15.70000037,24.40000121,35.15517294,-10.75517173,29.76000068,-5.359999472,4.0,16.5,16.10000038,5.0,8.0,4.0,1.0,1.0,5.0,8.0,1997.0,35.65,-118.03,0.24061642,0.230827747,both,True,35.65,-118.03,35.65,Empidonax_traillii_35.65_-118.03,186.6685396,1997.0,5.0,35.65,-118.03,1997-05-01,1997-05-31,ECMWF/ERA5_LAND/DAILY_AGGR,1.9103035327816544,0.1931792545570209,0.40953871534908,5.988556891267649,1.0,18.452200661936136,9.690426508585633,2.5756413572485792
166,450Pearson2006,Empidonax_traillii,Empidonax_traillii,Passeriformes,Tyrannidae,Tyrant Flycatchers,Empidonax_traillii,monogamy,yearly,southern_willow_flycatcher,35.65,-118.03,no,microsatellite,1998,1998,May,August,21.0,4.0,15.0,19.0,166,-118.03,1998,5.0,99.0,12.10000038,14.72413806,-2.624137681,15.32000046,-3.220000076,8.0,19.80000019,20.53965546,-0.739655264,20.85000048,-1.050000286,4.0,37.70000076,10.82758644,26.87241433,14.8400004,22.86000036,77.70000321,35.15517294,42.54483027,28.32000085,49.38000236,4.0,14.30000019,15.55000019,5.0,8.0,4.0,1.0,1.0,5.0,8.0,1998.0,35.65,-118.03,0.275996477,0.263801864,both,True,35.65,-118.03,35.65,Empidonax_traillii_35.65_-118.03,186.6685396,1998.0,5.0,35.65,-118.03,1998-05-01,1998-05-31,ECMWF/ERA5_LAND/DAILY_AGGR,9.199041128056251,1.025640511658955,2.2574668120117267,31.794855861427607,6.0,10.444609639977918,13.744136810302734,2.814602559458673
167,450Pearson2006,Empidonax_traillii,Empidonax_traillii,Passeriformes,Tyrannidae,Tyrant Flycatchers,Empidonax_traillii,monogamy,yearly,southern_willow_flycatcher,35.65,-118.03,no,microsatellite,1999,1999,May,August,37.5,3.0,5.0,8.0,167,-118.03,1999,5.0,99.0,13.69999981,14.72413806,-1.024138253,14.66000042,-0.96000061,8.0,19.55000043,20.53965546,-0.989655026,20.68000035,-1.129999924,4.0,6.300000191,10.82758644,-4.527586245,21.80000054,-15.50000035,25.90000057,35.15517294,-9.255172363,40.00000132,-14.10000075,4.0,14.80000019,15.97500014,5.0,8.0,4.0,1.0,1.0,5.0,8.0,1999.0,35.65,-118.03,0.251593949,0.240010793,both,True,35.65,-118.03,35.65,Empidonax_traillii_35.65_-118.03,186.6685396,1999.0,5.0,35.65,-118.03,1999-05-01,1999-05-31,ECMWF/ERA5_LAND/DAILY_AGGR,1.591309905052185,0.2460402218053601,0.4715054699459072,7.627246875966165,4.0,14.8282778422038,13.200745900471986,3.38053777032129
168,450Pearson2006,Empidonax_traillii,Empidonax_traillii,Passeriformes,Tyrannidae,Tyrant Flycatchers,Empidonax_traillii,monogamy,yearly,southern_willow_flycatcher,35.65,-118.03,no,microsatellite,2000,2000,May,August,40.0,2.0,3.0,5.0,168,-118.03,2000,5.0,99.0,15.5,14.72413806,0.775861937,14.48000031,1.019999695,8.0,20.79999971,20.53965546,0.260344259,20.42500038,0.374999332,4.0,5.599999905,10.82758644,-5.227586531,17.10000035,-11.50000044,32.20000086,35.15517294,-2.955172076,39.1600012,-6.960000345,4.0,15.69999981,16.12500024,5.0,8.0,4.0,1.0,1.0,5.0,8.0,2000.0,35.65,-118.03,0.24143117,0.231774494,both,True,35.65,-118.03,35.65,Empidonax_traillii_35.65_-118.03,186.6685396,2000.0,5.0,35.65,-118.03,2000-05-01,2000-05-31,ECMWF/ERA5_LAND/DAILY_AGGR,2.46940553188324,0.10267018761338,0.4376151936492591,3.1827758160147823,1.0,17.239543615361715,16.710044225056947,4.562191024432169
169,450Pearson2006,Empidonax_traillii,Empidonax_traillii,Passeriformes,Tyrannidae,Tyrant Flycatchers,Empidonax_traillii,monogamy,yearly,southern_willow_flycatcher,35.65,-118.03,no,microsatellite,2001,2001,May,August,0.0,0.0,6.0,6.0,169,-118.03,2001,5.0,99.0,18.0,14.72413806,3.275861937,14.86000023,3.139999771,8.0,21.85000038,20.53965546,1.310344926,20.57500029,1.275000095,4.0,3.100000143,10.82758644,-7.727586293,11.98000017,-8.880000031,30.40000053,35.15517294,-4.755172408,35.60000115,-5.200000623,4.0,16.5,16.67500019,5.0,8.0,4.0,1.0,1.0,5.0,8.0,2001.0,35.65,-118.03,0.253220926,0.24441247,both,True,35.65,-118.03,35.65,Empidonax_traillii_35.65_-118.03,186.6685396,2001.0,5.0,35.65,-118.03,2001-05-01,2001-05-31,ECMWF/ERA5_LAND/DAILY_AGGR,2.0750343798567883,0.2275126813118972,0.5242159492464471,7.052893120668813,3.0,19.74581477257515,14.331289927164732,3.1421339064617424
170,450Pearson2006,Empidonax_traillii,Empidonax_traillii,Passeriformes,Tyrannidae,Tyrant Flycatchers,Empidonax_traillii,monogamy,yearly,southern_willow_flycatcher,35.65,-118.03,no,microsatellite,2002,2002,May,August,0.0,0.0,6.0,6.0,170,-118.03,2002,5.0,99.0,14.69999981,14.72413806,-0.024138253,15.38000011,-0.680000305,8.0,21.05000043,20.53965546,0.510344974,20.63000026,0.420000172,4.0,4.5,10.82758644,-6.327586436,10.6000002,-6.100000203,7.300000109,35.15517294,-27.85517283,38.12000127,-30.82000117,4.0,15.19999981,16.02500033,5.0,8.0,4.0,1.0,1.0,5.0,8.0,2002.0,35.65,-118.03,0.228532332,0.223370859,both,True,35.65,-118.03,35.65,Empidonax_traillii_35.65_-118.03,186.6685396,2002.0,5.0,35.65,-118.03,2002-05-01,2002-05-31,ECMWF/ERA5_LAND/DAILY_AGGR,2.15137302865287,0.1826237207273649,0.4780591821444844,5.661335342548313,3.0,15.540436393983924,17.706914265950502,4.363516186269081
171,42Woolfenden2005,Empidonax_virescens,Empidonax_virescens,Passeriformes,Tyrannidae,Tyrant Flycatchers,Empidonax_virescens,monogamy,yearly,acadian_flycatcher,41.77,-79.93,no,microsatellite,1997,1997,May,July,54.0,7.0,6.0,13.0,171,-79.93,1997,5.0,100.0,9.800000191,13.23448296,-3.434482772,12.4,-2.599999809,7.0,15.96666686,17.32183937,-1.355172508,17.25333354,-1.286666679,3.0,109.0,96.09310545,12.90689455,79.70000076,29.29999924,313.5000076,323.4931083,-9.99310066,324.5000031,-10.99999542,3.0,11.90000057,12.10000038,5.0,7.0,3.0,1.0,1.0,5.0,7.0,1997.0,41.77,-79.93,0.586028258,0.741729978,both,True,41.77,-79.93,41.77,Empidonax_virescens_41.77_-79.93,397.3828512,1997.0,5.0,41.77,-79.93,1997-05-01,1997-05-31,ECMWF/ERA5_LAND/DAILY_AGGR,43.69675517081717,7.195523309117529,10.712007748337898,223.06122258264332,18.0,9.621618504678072,12.409199396769225,2.806625391319737
172,42Woolfenden2005,Empidonax_virescens,Empidonax_virescens,Passeriformes,Tyrannidae,Tyrant Flycatchers,Empidonax_virescens,monogamy,yearly,acadian_flycatcher,41.77,-79.93,no,microsatellite,2000,2000,May,July,55.0,6.0,5.0,11.0,172,-79.93,2000,5.0,100.0,14.30000019,13.23448296,1.065517228,13.02000027,1.279999924,7.0,17.13333416,17.32183937,-0.188505206,17.54000022,-0.406666056,3.0,124.8000031,96.09310545,28.7068976,98.82000122,25.98000183,366.4000168,323.4931083,42.9069085,298.8000053,67.60001144,3.0,12.19999981,11.4333334,5.0,7.0,3.0,1.0,1.0,5.0,7.0,2000.0,41.77,-79.93,0.610867487,0.73319042,both,True,41.77,-79.93,41.77,Empidonax_virescens_41.77_-79.93,397.3828512,2000.0,5.0,41.77,-79.93,2000-05-01,2000-05-31,ECMWF/ERA5_LAND/DAILY_AGGR,29.37981486314812,4.320947618916835,6.322666912839532,133.9493761864219,15.0,14.662626192646664,11.893306732177734,3.445718812735765
173,42Woolfenden2005,Empidonax_virescens,Empidonax_virescens,Passeriformes,Tyrannidae,Tyrant Flycatchers,Empidonax_virescens,monogamy,yearly,acadian_flycatcher,41.77,-79.93,no,microsatellite,2001,2001,May,July,52.0,11.0,10.0,21.0,173,-79.93,2001,5.0,100.0,14.0,13.23448296,0.765517037,13.36000023,0.639999771,7.0,17.43333308,17.32183937,0.111493714,17.386667,0.046666082,3.0,92.20000458,96.09310545,-3.89310087,102.7800018,-10.57999725,236.3000069,323.4931083,-87.19310142,316.2400078,-79.94000092,3.0,12.40000057,12.03333346,5.0,7.0,3.0,1.0,1.0,5.0,7.0,2001.0,41.77,-79.93,0.653138325,0.766670245,both,True,41.77,-79.93,41.77,Empidonax_virescens_41.77_-79.93,397.3828512,2001.0,5.0,41.77,-79.93,2001-05-01,2001-05-31,ECMWF/ERA5_LAND/DAILY_AGGR,24.756997823658367,3.961711951437256,6.680680765112507,122.81307049455492,14.0,14.211976356916557,10.700963973999023,2.7779925196100943
174,42Woolfenden2005,Empidonax_virescens,Empidonax_virescens,Passeriformes,Tyrannidae,Tyrant Flycatchers,Empidonax_virescens,monogamy,yearly,acadian_flycatcher,41.77,-79.93,no,microsatellite,2002,2002,May,July,88.0,7.0,1.0,8.0,174,-79.93,2002,5.0,100.0,11.5,13.23448296,-1.734482963,13.76000023,-2.260000229,7.0,17.70000076,17.32183937,0.378161397,17.5266669,0.173333867,3.0,164.3000031,96.09310545,68.2068976,97.06000214,67.24000092,356.4000092,323.4931083,32.90690087,279.4000076,77.00000153,3.0,12.60000038,12.56666692,5.0,7.0,3.0,1.0,1.0,5.0,7.0,2002.0,41.77,-79.93,0.662021579,0.741902805,both,True,41.77,-79.93,41.77,Empidonax_virescens_41.77_-79.93,397.3828512,2002.0,5.0,41.77,-79.93,2002-05-01,2002-05-31,ECMWF/ERA5_LAND/DAILY_AGGR,34.053260087961945,6.3365240171847175,8.950170762047888,196.43224453272623,17.0,11.693268425233924,16.25070889790851,4.422618234604513
175,353Bolton2017,Erythrura_gouldiae,Chloebia_gouldiae,Passeriformes,Estrildidae,Waxbills and Allies,Erythrura_gouldiae,monogamy,yearly,gouldian_finch,-15.57,128.0,,other,2008,2008,February,August,22.8,13.0,44.0,57.0,175,128.0,2008,2.0,101.0,29.20000076,29.67241425,-0.472413491,30.04000053,-0.839999771,8.0,25.48571478,25.87487718,-0.389162402,25.9685718,-0.482857023,7.0,447.2000122,189.196554,258.0034582,176.3000008,270.9000114,508.0000126,384.5413848,123.4586278,383.4800047,124.5200079,7.0,9.0,14.81428569,2.0,8.0,7.0,1.0,1.0,2.0,8.0,2008.0,-15.57,128.0,0.275738554,0.233989479,both,True,-15.57,128.0,15.57,Erythrura_gouldiae_-15.57_128,27.7802861,2008.0,2.0,-15.57,128.0,2008-02-01,2008-02-29,ECMWF/ERA5_LAND/DAILY_AGGR,78.53663304803149,13.568953416644913,16.779993332465015,393.4996490827025,23.0,28.33169392552872,6.864665349324525,1.771475545728581
176,353Bolton2017,Erythrura_gouldiae,Chloebia_gouldiae,Passeriformes,Estrildidae,Waxbills and Allies,Erythrura_gouldiae,monogamy,yearly,gouldian_finch,-15.57,128.0,,other,2009,2009,February,August,18.5,5.0,22.0,27.0,176,128.0,2009,2.0,101.0,28.70000076,29.67241425,-0.972413491,29.92000046,-1.219999695,8.0,26.47142901,25.87487718,0.596551829,25.77428616,0.697142846,7.0,278.3000183,189.196554,89.10346432,209.2600044,69.04001389,319.0000177,384.5413848,-65.54136711,412.1800078,-93.1799901,7.0,9.800000191,14.17142868,2.0,8.0,7.0,1.0,1.0,2.0,8.0,2009.0,-15.57,128.0,0.25149869,0.233531067,both,True,-15.57,128.0,15.57,Erythrura_gouldiae_-15.57_128,27.7802861,2009.0,2.0,-15.57,128.0,2009-02-01,2009-02-28,ECMWF/ERA5_LAND/DAILY_AGGR,27.91183522288065,10.12408287164008,8.745360145054397,283.47432040592224,20.0,27.895635268801755,6.244228363037109,1.7206150084572338
177,150Korpimäki1996,Falco_tinnunculus,Falco_tinnunculus,Falconiformes,Falconidae,Falcons and Caracaras,Falco_tinnunculus,monogamy,yearly,Eurasian_kestrel,62.98,22.83,yes,DNA fingerprinting,1990,1990,April,July,0.0,0.0,19.0,19.0,177,22.83,1990,4.0,102.0,4.900000095,1.700000045,3.20000005,1.640000062,3.260000034,7.0,10.30000007,9.790517397,0.509482674,10.0950002,0.204999875,4.0,36.10000229,29.379311,6.720691286,28.86000051,7.240001774,192.4000072,178.1310382,14.26896908,196.8000041,-4.399996853,4.0,9.600000381,10.25000024,4.0,7.0,4.0,1.0,1.0,4.0,7.0,1990.0,62.98,22.83,0.345864432,0.473075488,both,True,62.98,22.83,62.98,Falco_tinnunculus_62.98_22.83,44.78944728,1990.0,4.0,62.98,22.83,1990-04-01,1990-04-30,ECMWF/ERA5_LAND/DAILY_AGGR,12.844398617744446,1.538271132860913,2.8929198515760084,46.1481339858274,8.0,4.863020176357716,16.184462229410826,4.723327588647612
178,150Korpimäki1996,Falco_tinnunculus,Falco_tinnunculus,Falconiformes,Falconidae,Falcons and Caracaras,Falco_tinnunculus,monogamy,yearly,Eurasian_kestrel,62.98,22.83,yes,DNA fingerprinting,1991,1991,April,July,7.4,2.0,25.0,27.0,178,22.83,1991,4.0,102.0,3.0,1.700000045,1.299999955,2.640000081,0.359999919,7.0,9.350000143,9.790517397,-0.440517254,10.42000018,-1.070000035,4.0,13.80000019,29.379311,-15.57931081,29.24000082,-15.44000063,196.0000048,178.1310382,17.8689666,199.2400046,-3.239999866,4.0,8.800000191,9.625000238,4.0,7.0,4.0,1.0,1.0,4.0,7.0,1991.0,62.98,22.83,0.332940688,0.539662145,both,True,62.98,22.83,62.98,Falco_tinnunculus_62.98_22.83,44.78944728,1991.0,4.0,62.98,22.83,1991-04-01,1991-04-30,ECMWF/ERA5_LAND/DAILY_AGGR,4.658913612331617,0.7741538575733861,1.180294712406829,23.22461572720158,9.0,3.9289784749349206,11.103238423665346,3.3310891007951504
179,150Korpimäki1996,Falco_tinnunculus,Falco_tinnunculus,Falconiformes,Falconidae,Falcons and Caracaras,Falco_tinnunculus,monogamy,yearly,Eurasian_kestrel,62.98,22.83,yes,DNA fingerprinting,1992,1992,April,July,0.0,0.0,29.0,29.0,179,22.83,1992,4.0,102.0,0.200000003,1.700000045,-1.500000042,2.940000081,-2.740000078,7.0,9.974999953,9.790517397,0.184482556,10.15500017,-0.180000215,4.0,48.5,29.379311,19.120689,24.76000071,23.73999929,167.7000046,178.1310382,-10.43103359,204.0200047,-36.32000017,4.0,7.0,10.67499995,4.0,7.0,4.0,1.0,1.0,4.0,7.0,1992.0,62.98,22.83,,0.551620456,both,True,62.98,22.83,62.98,Falco_tinnunculus_62.98_22.83,44.78944728,1992.0,4.0,62.98,22.83,1992-04-01,1992-04-30,ECMWF/ERA5_LAND/DAILY_AGGR,5.278795957565308,1.363158053376523,1.5522778164751272,40.89474160129569,13.0,0.1328213161892563,13.850461959838867,3.0267370174110395
180,457Wilk2008,Ficedula_albicollis,Ficedula_albicollis,Passeriformes,Muscicapidae,Old World Flycatchers,Ficedula_albicollis,monogamy,yearly,collared_flycatcher,50.1,20.4,yes,microsatellite,2003,2003,April,June,20.0,3.0,12.0,15.0,180,20.4,2003,4.0,103.0,8.5,9.017241511,-0.517241511,10.48000011,-1.980000114,6.0,14.63333384,12.92758639,1.705747451,14.15333354,0.480000305,3.0,44.29999924,48.06551854,-3.765519307,69.32000046,-25.02000122,190.2000008,226.4275924,-36.22759161,247.9000031,-57.70000229,3.0,8.100000381,9.400000254,4.0,6.0,3.0,1.0,1.0,4.0,6.0,2003.0,50.1,20.4,0.314235916,0.648937694,both,True,50.1,20.4,50.1,Ficedula_albicollis_50.1_20.4,481.3486345,2003.0,4.0,50.1,20.4,2003-04-01,2003-04-30,ECMWF/ERA5_LAND/DAILY_AGGR,10.100437451569633,2.166283287615419,3.0048523694091545,64.98849862846257,13.0,7.260141097174772,21.19245656331384,5.080266534350834
181,457Wilk2008,Ficedula_albicollis,Ficedula_albicollis,Passeriformes,Muscicapidae,Old World Flycatchers,Ficedula_albicollis,monogamy,yearly,collared_flycatcher,50.1,20.4,yes,microsatellite,2004,2004,April,July,27.3,6.0,16.0,22.0,181,20.4,2004,4.0,103.0,10.0,9.017241511,0.982758489,9.980000114,0.019999886,7.0,14.22500014,14.25517261,-0.030172471,15.53500028,-1.310000134,4.0,46.20000076,48.06551854,-1.865517781,61.31999969,-15.11999893,338.2000008,322.9069049,15.29309588,375.8400032,-37.64000244,4.0,7.599999905,7.924999952,4.0,7.0,4.0,1.0,1.0,4.0,7.0,2004.0,50.1,20.4,0.430027972,0.530209526,both,True,50.1,20.4,50.1,Ficedula_albicollis_50.1_20.4,481.3486345,2004.0,4.0,50.1,20.4,2004-04-01,2004-04-30,ECMWF/ERA5_LAND/DAILY_AGGR,11.5665137767742,1.5873040767064122,2.611940254308948,47.61912230119236,11.0,8.856617969936819,10.288252512613894,2.5647492157360903
182,457Wilk2008,Ficedula_albicollis,Ficedula_albicollis,Passeriformes,Muscicapidae,Old World Flycatchers,Ficedula_albicollis,monogamy,yearly,collared_flycatcher,50.1,20.4,yes,microsatellite,2005,2005,April,July,40.0,10.0,15.0,25.0,182,20.4,2005,4.0,103.0,10.0,9.017241511,0.982758489,9.840000153,0.159999847,7.0,15.00000024,14.25517261,0.744827624,15.31000023,-0.30999999,4.0,42.29999924,48.06551854,-5.765519307,56.55999985,-14.26000061,296.6000023,322.9069049,-26.30690259,364.9000008,-68.29999847,4.0,7.800000191,8.225000143,4.0,7.0,4.0,1.0,1.0,4.0,7.0,2005.0,50.1,20.4,0.341032748,0.644884726,both,True,50.1,20.4,50.1,Ficedula_albicollis_50.1_20.4,481.3486345,2005.0,4.0,50.1,20.4,2005-04-01,2005-04-30,ECMWF/ERA5_LAND/DAILY_AGGR,7.632642984390259,1.3930682015743656,1.957172215211024,41.79204604723097,11.0,9.06781637403702,11.70314534505212,3.026137924858064
183,457Wilk2008,Ficedula_albicollis,Ficedula_albicollis,Passeriformes,Muscicapidae,Old World Flycatchers,Ficedula_albicollis,monogamy,yearly,collared_flycatcher,50.1,20.4,yes,microsatellite,2006,2006,April,July,50.0,8.0,8.0,16.0,183,20.4,2006,4.0,103.0,10.19999981,9.017241511,1.182758298,9.320000076,0.879999733,7.0,15.72500014,14.25517261,1.469827529,15.17500019,0.549999952,4.0,48.5,48.06551854,0.434481456,54.31999969,-5.819999695,280.5000038,322.9069049,-42.40690106,344.0800018,-63.57999802,4.0,7.200000286,8.475000262,4.0,7.0,4.0,1.0,1.0,4.0,7.0,2006.0,50.1,20.4,0.345985865,0.652919371,both,True,50.1,20.4,50.1,Ficedula_albicollis_50.1_20.4,481.3486345,2006.0,4.0,50.1,20.4,2006-04-01,2006-04-30,ECMWF/ERA5_LAND/DAILY_AGGR,8.745490404692191,2.069527404002258,2.476917765508229,62.08582212006775,17.0,9.412003707885766,12.173373540242494,3.4151386309743503
184,446Lubjuhn2000,Ficedula_hypoleuca,Ficedula_hypoleuca,Passeriformes,Muscicapidae,Old World Flycatchers,Ficedula_hypoleuca,monogamy,yearly,pied_flycatcher,52.45,7.25,yes,DNA fingerprinting,1993,1993,April,June,12.9,4.0,27.0,31.0,184,7.25,1993,4.0,104.0,10.90000057,7.800000158,3.100000414,8.060000229,2.840000343,6.0,13.70000045,11.71494272,1.985057721,12.25333354,1.446666908,3.0,45.90000153,49.21724204,-3.317240518,43.34000149,2.560000038,152.2000008,180.4517275,-28.25172678,145.9000032,6.29999752,3.0,10.19999981,10.10000006,4.0,6.0,3.0,1.0,1.0,4.0,6.0,1993.0,52.45,7.25,0.457072124,0.533158989,both,True,52.45,7.25,52.45,Ficedula_hypoleuca_52.45_7.25,92.61261412,1993.0,4.0,52.45,7.25,1993-04-01,1993-04-30,ECMWF/ERA5_LAND/DAILY_AGGR,10.832437872881684,2.6095456451972865,2.713187586218176,78.2863693559186,19.0,11.021247545878117,14.092750549316406,4.4820872569625285
185,446Lubjuhn2000,Ficedula_hypoleuca,Ficedula_hypoleuca,Passeriformes,Muscicapidae,Old World Flycatchers,Ficedula_hypoleuca,monogamy,yearly,pied_flycatcher,52.45,7.25,yes,DNA fingerprinting,1995,1995,April,June,18.9,7.0,30.0,37.0,185,7.25,1995,4.0,104.0,8.900000572,7.800000158,1.100000414,8.860000229,0.040000343,6.0,12.03333378,11.71494272,0.318391055,12.46000023,-0.426666451,3.0,37.90000153,49.21724204,-11.31724052,47.72000122,-9.819999695,167.6000023,180.4517275,-12.85172525,164.2400028,3.359999466,3.0,8.5,9.133333524,4.0,6.0,3.0,1.0,1.0,4.0,6.0,1995.0,52.45,7.25,0.442357524,0.620145903,both,True,52.45,7.25,52.45,Ficedula_hypoleuca_52.45_7.25,92.61261412,1995.0,4.0,52.45,7.25,1995-04-01,1995-04-30,ECMWF/ERA5_LAND/DAILY_AGGR,11.87797249514233,1.7371596416441075,2.6290737020766866,52.11478924932322,13.0,8.85366853078209,12.990341186523438,3.055472830183058
186,446Lubjuhn2000,Ficedula_hypoleuca,Ficedula_hypoleuca,Passeriformes,Muscicapidae,Old World Flycatchers,Ficedula_hypoleuca,monogamy,yearly,pied_flycatcher,52.45,7.25,yes,DNA fingerprinting,1996,1996,April,June,10.4,10.0,86.0,96.0,186,7.25,1996,4.0,104.0,9.100000381,7.800000158,1.300000224,8.980000305,0.120000076,6.0,11.63333352,11.71494272,-0.0816092,12.37333361,-0.740000089,3.0,9.5,49.21724204,-39.71724204,46.16000137,-36.66000137,93.40000153,180.4517275,-87.05172601,167.9600021,-74.56000061,3.0,11.80000019,9.833333333,4.0,6.0,3.0,1.0,1.0,4.0,6.0,1996.0,52.45,7.25,0.366401697,0.366401697,both,True,52.45,7.25,52.45,Ficedula_hypoleuca_52.45_7.25,92.61261412,1996.0,4.0,52.45,7.25,1996-04-01,1996-04-30,ECMWF/ERA5_LAND/DAILY_AGGR,2.959832549095154,0.3631054184419706,0.666857642072846,10.893162553259115,4.0,8.743372323777967,19.075511932373047,4.914056367705531
187,117Canal2012,Ficedula_hypoleuca,Ficedula_hypoleuca,Passeriformes,Muscicapidae,Old World Flycatchers,Ficedula_hypoleuca,monogamy,yearly,pied_flycatcher,41.07,-3.45,yes,microsatellite,2005,2005,April,June,40.0,45.0,68.0,113.0,187,-3.45,2005,4.0,105.0,8.699999809,7.213793245,1.486206564,7.8,0.899999809,6.0,13.56666692,11.30229906,2.264367865,12.52000014,1.046666781,3.0,42.0,69.42758762,-27.42758762,63.42000084,-21.42000084,99.00000191,192.7379349,-93.73793296,165.1000021,-66.10000019,3.0,11.30000019,12.9333334,4.0,6.0,3.0,1.0,1.0,4.0,6.0,2005.0,41.07,-3.45,0.485667785,0.513777311,both,True,41.07,-3.45,41.07,Ficedula_hypoleuca_41.07_-3.45,258.0810592,2005.0,4.0,41.07,-3.45,2005-04-01,2005-04-30,ECMWF/ERA5_LAND/DAILY_AGGR,14.81132805330887,1.9879891149527635,3.0766107808109378,59.6396734485829,12.0,7.146429655287024,17.18922742207843,4.020645300659488
188,117Canal2012,Ficedula_hypoleuca,Ficedula_hypoleuca,Passeriformes,Muscicapidae,Old World Flycatchers,Ficedula_hypoleuca,monogamy,yearly,pied_flycatcher,41.07,-3.45,yes,microsatellite,2006,2006,April,June,27.0,32.0,88.0,120.0,188,-3.45,2006,4.0,105.0,9.100000381,7.213793245,1.886207137,8.219999981,0.880000401,6.0,13.36666679,11.30229906,2.064367738,12.77333352,0.593333276,3.0,46.0,69.42758762,-23.42758762,50.37999992,-4.379999924,155.0000038,192.7379349,-37.73793105,143.820001,11.18000278,3.0,11.30000019,13.16666667,4.0,6.0,3.0,1.0,1.0,4.0,6.0,2006.0,41.07,-3.45,0.488899538,0.516569432,both,True,41.07,-3.45,41.07,Ficedula_hypoleuca_41.07_-3.45,258.0810592,2006.0,4.0,41.07,-3.45,2006-04-01,2006-04-30,ECMWF/ERA5_LAND/DAILY_AGGR,15.276539325668637,2.624916033438751,4.210797059505262,78.74748100316253,11.0,8.196902253892711,7.477988560994447,2.0113947238297283
189,363Lehtonen2009,Ficedula_hypoleuca,Ficedula_hypoleuca,Passeriformes,Muscicapidae,Old World Flycatchers,Ficedula_hypoleuca,monogamy,yearly,pied_flycatcher,60.42,22.17,yes,microsatellite,2005,2005,May,July,4.8,,,,189,22.17,2005,5.0,106.0,8.900000572,9.103448375,-0.203447802,9.680000114,-0.779999542,7.0,13.56666724,13.27471286,0.29195438,13.86666705,-0.299999809,3.0,39.5,33.28620746,6.213792538,37.81999969,1.680000305,162.8999977,137.406899,25.49309875,172.7600014,-9.860003662,3.0,9.100000381,9.600000381,5.0,7.0,3.0,1.0,1.0,5.0,7.0,2005.0,60.42,22.17,0.357247847,0.483907383,both,True,60.42,22.17,60.42,Ficedula_hypoleuca_60.42_22.17,0.757887899,2005.0,5.0,60.42,22.17,2005-05-01,2005-05-31,ECMWF/ERA5_LAND/DAILY_AGGR,6.889445351703216,1.3946080656243138,1.8710934486319,43.23285003435373,12.0,9.346009211386423,9.730371475219728,2.698891294641637
190,363Lehtonen2009,Ficedula_hypoleuca,Ficedula_hypoleuca,Passeriformes,Muscicapidae,Old World Flycatchers,Ficedula_hypoleuca,monogamy,yearly,pied_flycatcher,60.42,22.17,yes,microsatellite,2006,2006,May,July,4.2,,,,190,22.17,2006,5.0,106.0,9.5,9.103448375,0.396551625,9.520000267,-0.020000267,7.0,14.43333371,13.27471286,1.158620856,13.94000047,0.493333244,3.0,42.90000153,33.28620746,9.613794064,37.95999985,4.940001678,86.70000267,137.406899,-50.70689629,168.2600006,-81.55999794,3.0,10.5,10.53333346,5.0,7.0,3.0,1.0,1.0,5.0,7.0,2006.0,60.42,22.17,0.293394894,0.501064444,both,True,60.42,22.17,60.42,Ficedula_hypoleuca_60.42_22.17,0.757887899,2006.0,5.0,60.42,22.17,2006-05-01,2006-05-31,ECMWF/ERA5_LAND/DAILY_AGGR,7.507473230361938,1.3575760396812548,2.2938349636806072,42.0848572301189,10.0,10.421396181660342,10.921554565429688,2.816766550569662
191,373Grant2011,Geospiza_fortis,Geospiza_fortis,Passeriformes,Thraupidae,Tanagers and Allies,Geospiza_fortis,monogamy,yearly,medium_ground-finch,-0.42,-90.37,no,microsatellite,1987,1987,January,April,41.3,19.0,27.0,46.0,191,-90.37,1987,1.0,107.0,,,,,,4.0,,,,,,4.0,,,,,,,,,,,4.0,,,1.0,4.0,4.0,1.0,1.0,1.0,4.0,1987.0,-0.42,-90.37,0.117105075,0.166551794,both,True,-0.42,-90.37,0.42,Geospiza_fortis_-0.42_-90.37,8.89989663,1987.0,1.0,-0.42,-90.37,1987-01-01,1987-01-31,ECMWF/ERA5_LAND/DAILY_AGGR,,,,,,,,
192,373Grant2011,Geospiza_fortis,Geospiza_fortis,Passeriformes,Thraupidae,Tanagers and Allies,Geospiza_fortis,monogamy,yearly,medium_ground-finch,-0.42,-90.37,no,microsatellite,1991,1991,January,April,44.9,35.0,43.0,78.0,192,-90.37,1991,1.0,107.0,,,,,,4.0,,,,,,4.0,,,,,,,,,,,4.0,,,1.0,4.0,4.0,1.0,1.0,1.0,4.0,1991.0,-0.42,-90.37,0.167590652,0.279030867,both,True,-0.42,-90.37,0.42,Geospiza_fortis_-0.42_-90.37,8.89989663,1991.0,1.0,-0.42,-90.37,1991-01-01,1991-01-31,ECMWF/ERA5_LAND/DAILY_AGGR,,,,,,,,
193,72Eikenaar2011,Hirundo_rustica,Hirundo_rustica,Passeriformes,Hirundinidae,Swallows,Hirundo_rustica,monogamy,yearly,barn_swallow,37.22,-80.42,no,microsatellite,2009,2009,April,August,60.0,18.0,12.0,30.0,193,-80.42,2009,4.0,108.0,11.40000057,10.92758637,0.472414198,11.38000031,0.020000267,8.0,18.32000065,17.89517275,0.424827901,18.48000027,-0.159999619,5.0,92.70000458,92.11724321,0.58276137,107.5800018,-14.87999725,629.9000168,486.9379411,142.9620757,483.3200111,146.5800056,5.0,12.69999981,11.63999996,4.0,8.0,5.0,1.0,1.0,4.0,8.0,2009.0,37.22,-80.42,0.475342849,0.696812048,both,True,37.22,-80.42,37.22,Hirundo_rustica_37.22_-80.42,280.6616856,2009.0,4.0,37.22,-80.42,2009-04-01,2009-04-30,ECMWF/ERA5_LAND/DAILY_AGGR,16.755405068295204,2.8511847659716003,4.089898408328488,85.535542979148,11.0,10.84363765716555,18.916501363118527,4.529618755382265
194,72Eikenaar2011,Hirundo_rustica,Hirundo_rustica,Passeriformes,Hirundinidae,Swallows,Hirundo_rustica,monogamy,yearly,barn_swallow,37.22,-80.42,no,microsatellite,2010,2010,April,August,53.0,34.0,30.0,64.0,194,-80.42,2010,4.0,108.0,12.90000057,10.92758637,1.972414198,11.40000038,1.500000191,8.0,20.12000065,17.89517275,2.224827901,18.49200031,1.628000336,5.0,59.79999924,92.11724321,-32.31724397,102.7400024,-42.9400032,457.3000069,486.9379411,-29.63793426,496.8400124,-39.54000549,5.0,14.19999981,12.4,4.0,8.0,5.0,1.0,1.0,4.0,8.0,2010.0,37.22,-80.42,0.532754009,0.698062622,both,True,37.22,-80.42,37.22,Hirundo_rustica_37.22_-80.42,280.6616856,2010.0,4.0,37.22,-80.42,2010-04-01,2010-04-30,ECMWF/ERA5_LAND/DAILY_AGGR,9.620734083910063,1.1952475321891145,2.4018540299708646,35.85742596567343,6.0,12.984339523315452,12.316137313842772,3.4521623918512296
195,305Hasegawa2010,Hirundo_rustica,Hirundo_rustica,Passeriformes,Hirundinidae,Swallows,Hirundo_rustica,monogamy,yearly,barn_swallow,37.12,138.02,no,microsatellite,2005,2005,April,August,7.4,4.0,50.0,54.0,195,138.02,2005,4.0,109.0,11.5,10.48620702,1.013792975,11.62000027,-0.120000267,8.0,19.84000053,19.11241405,0.72758648,20.04000053,-0.2,5.0,44.0,87.02069112,-43.02069112,77.08000107,-33.08000107,668.5000076,692.1172529,-23.61724531,651.8400124,16.65999527,5.0,12.40000057,9.920000172,4.0,8.0,5.0,1.0,1.0,4.0,8.0,2005.0,37.12,138.02,0.326318929,0.582916388,both,True,37.12,138.02,37.12,Hirundo_rustica_37.12_138.02,0.808129099,2005.0,4.0,37.12,138.02,2005-04-01,2005-04-30,ECMWF/ERA5_LAND/DAILY_AGGR,,,,,,,,
196,305Hasegawa2010,Hirundo_rustica,Hirundo_rustica,Passeriformes,Hirundinidae,Swallows,Hirundo_rustica,monogamy,yearly,barn_swallow,37.12,138.02,no,microsatellite,2006,2006,April,August,9.1,1.0,10.0,11.0,196,138.02,2006,4.0,109.0,9.699999809,10.48620702,-0.786207216,11.80000019,-2.100000381,8.0,19.42000027,19.11241405,0.307586213,19.96000053,-0.540000267,5.0,80.20000458,87.02069112,-6.820686538,65.62000046,14.58000412,787.7000275,692.1172529,95.58277452,671.4000114,116.300016,5.0,10.30000019,9.040000153,4.0,8.0,5.0,1.0,1.0,4.0,8.0,2006.0,37.12,138.02,0.198434464,0.646264137,both,True,37.12,138.02,37.12,Hirundo_rustica_37.12_138.02,0.808129099,2006.0,4.0,37.12,138.02,2006-04-01,2006-04-30,ECMWF/ERA5_LAND/DAILY_AGGR,,,,,,,,
197,472 Kojima2009,Hirundo_rustica,Hirundo_rustica,Passeriformes,Hirundinidae,Swallows,Hirundo_rustica,monogamy,yearly,barn_swallow,35.22,139.88,no,microsatellite,2006,2006,April,August,21.2,7.0,26.0,33.0,197,139.88,2006,4.0,110.0,13.19999981,13.92758639,-0.727586582,15.22000027,-2.020000458,8.0,21.3800005,20.98000032,0.400000178,21.76000027,-0.379999771,5.0,140.1000061,144.2379353,-4.137929193,101.8800018,38.22000427,851.4000244,799.441393,51.95863145,729.9400162,121.4600082,5.0,7.900000095,6.840000057,4.0,8.0,5.0,1.0,1.0,4.0,8.0,2006.0,35.22,139.88,0.523984403,0.600104921,both,True,35.22,139.88,35.22,Hirundo_rustica_35.22_139.88,2.727764252,2006.0,4.0,35.22,139.88,2006-04-01,2006-04-30,ECMWF/ERA5_LAND/DAILY_AGGR,46.31967732581188,3.627042468877543,8.750854942955254,108.81127406632628,14.0,12.819748391045486,9.367324829101562,2.323035999023085
198,472 Kojima2009,Hirundo_rustica,Hirundo_rustica,Passeriformes,Hirundinidae,Swallows,Hirundo_rustica,monogamy,yearly,barn_swallow,35.22,139.88,no,microsatellite,2007,2007,April,August,31.6,12.0,25.0,37.0,198,139.88,2007,4.0,110.0,13.90000057,13.92758639,-0.027585819,14.84000015,-0.93999958,8.0,21.54000034,20.98000032,0.560000025,21.59600029,-0.055999947,5.0,112.8000031,144.2379353,-31.43793224,114.8200027,-2.019999695,761.8000145,799.441393,-37.64137847,776.8400208,-15.04000626,5.0,8.300000191,7.560000038,4.0,8.0,5.0,1.0,1.0,4.0,8.0,2007.0,35.22,139.88,0.566680952,0.613712598,both,True,35.22,139.88,35.22,Hirundo_rustica_35.22_139.88,2.727764252,2007.0,4.0,35.22,139.88,2007-04-01,2007-04-30,ECMWF/ERA5_LAND/DAILY_AGGR,27.843783553148427,3.887678761647351,6.6376039682258,116.63036284942052,17.0,13.122003322177486,11.105656941731752,2.8586718858305
199,315Evans2008,Hylocichla_mustelina,Hylocichla_mustelina,Passeriformes,Turdidae,Thrushes and Allies,Hylocichla_mustelina,monogamy,yearly,wood_thrush,41.77,-79.93,no,microsatellite,2002,2002,May,July,22.2,2.0,7.0,9.0,199,-79.93,2002,5.0,100.0,11.5,13.23448296,-1.734482963,13.76000023,-2.260000229,7.0,17.70000076,17.32183937,0.378161397,17.5266669,0.173333867,3.0,164.3000031,96.09310545,68.2068976,97.06000214,67.24000092,356.4000092,323.4931083,32.90690087,279.4000076,77.00000153,3.0,12.60000038,12.56666692,5.0,7.0,3.0,1.0,1.0,5.0,7.0,2002.0,41.77,-79.93,0.662021579,0.741902805,both,True,41.77,-79.93,41.77,Hylocichla_mustelina_41.77_-79.93,397.3828512,2002.0,5.0,41.77,-79.93,2002-05-01,2002-05-31,ECMWF/ERA5_LAND/DAILY_AGGR,34.053260087961945,6.3365240171847175,8.950170762047888,196.43224453272623,17.0,11.693268425233924,16.25070889790851,4.422618234604513
200,315Evans2008,Hylocichla_mustelina,Hylocichla_mustelina,Passeriformes,Turdidae,Thrushes and Allies,Hylocichla_mustelina,monogamy,yearly,wood_thrush,41.77,-79.93,no,microsatellite,2003,2003,May,July,10.5,2.0,17.0,19.0,200,-79.93,2003,5.0,100.0,12.0,13.23448296,-1.234482963,14.10000019,-2.100000191,7.0,16.36666679,17.32183937,-0.955172572,17.87333368,-1.506666883,3.0,147.6000061,96.09310545,51.50690066,108.1200027,39.48000336,457.1000137,323.4931083,133.6069054,287.9800079,169.1200058,3.0,11.0,11.39999994,5.0,7.0,3.0,1.0,1.0,5.0,7.0,2003.0,41.77,-79.93,0.639797449,0.712062897,both,True,41.77,-79.93,41.77,Hylocichla_mustelina_41.77_-79.93,397.3828512,2003.0,5.0,41.77,-79.93,2003-05-01,2003-05-31,ECMWF/ERA5_LAND/DAILY_AGGR,29.386231303266896,6.170032301543213,7.0826003797960535,191.2710013478396,20.0,12.201891261275115,10.623737970987976,2.354034521874609
201,315Evans2008,Hylocichla_mustelina,Hylocichla_mustelina,Passeriformes,Turdidae,Thrushes and Allies,Hylocichla_mustelina,monogamy,yearly,wood_thrush,41.77,-79.93,no,microsatellite,2004,2004,May,July,13.0,3.0,20.0,23.0,201,-79.93,2004,5.0,100.0,15.30000019,13.23448296,2.065517228,13.26000004,2.040000153,7.0,17.4333334,17.32183937,0.111494031,17.49333363,-0.060000229,3.0,200.0,96.09310545,103.9068946,121.840004,78.15999603,495.2000046,323.4931083,171.7068963,330.0200104,165.1799942,3.0,12.5,11.33333333,5.0,7.0,3.0,1.0,1.0,5.0,7.0,2004.0,41.77,-79.93,0.67643831,0.734754767,both,True,41.77,-79.93,41.77,Hylocichla_mustelina_41.77_-79.93,397.3828512,2004.0,5.0,41.77,-79.93,2004-05-01,2004-05-31,ECMWF/ERA5_LAND/DAILY_AGGR,30.48048317432261,7.34440670100305,8.105366796886742,227.6766077310945,24.0,15.743549847346504,16.831517537434877,4.421764859963205
202,138Richardson1999,Icterus_galbula,Icterus_galbula,Passeriformes,Icteridae,Troupials and Allies,Icterus_galbula,monogamy,yearly,Bullock´s_oriole,36.37,-121.55,no,DNA fingerprinting,1994,1994,March,June,47.4,9.0,10.0,19.0,202,-121.55,1994,3.0,111.0,10.40000057,8.682758792,1.717241781,9.320000172,1.080000401,6.0,11.75000048,11.12844847,0.621552007,11.57000029,0.180000186,4.0,42.10000229,146.8206923,-104.72069,183.1800041,-141.0800018,172.1000069,243.4896595,-71.38965265,242.3000053,-70.19999843,4.0,12.90000057,12.37500024,3.0,6.0,4.0,1.0,1.0,3.0,6.0,1994.0,36.37,-121.55,0.49585043,0.528118506,both,True,36.37,-121.55,36.37,Icterus_galbula_36.37_-121.55,24.06489636,1994.0,3.0,36.37,-121.55,1994-03-01,1994-03-31,ECMWF/ERA5_LAND/DAILY_AGGR,18.83156510371009,0.8774747847662143,3.335715840034189,27.201718327752644,6.0,9.99455914241014,10.244278589884402,2.384613870915176
203,138Richardson1999,Icterus_galbula,Icterus_galbula,Passeriformes,Icteridae,Troupials and Allies,Icterus_galbula,monogamy,yearly,Bullock´s_oriole,36.37,-121.55,no,DNA fingerprinting,1995,1995,March,June,44.8,13.0,16.0,29.0,203,-121.55,1995,3.0,111.0,9.0,8.682758792,0.317241208,9.440000248,-0.440000248,6.0,10.55000019,11.12844847,-0.578448279,11.52000034,-0.970000148,4.0,410.6000061,146.8206923,263.7793138,165.2600052,245.3400009,572.2000122,243.4896595,328.7103527,243.5600072,328.640005,4.0,8.900000572,10.10000014,3.0,6.0,4.0,1.0,1.0,3.0,6.0,1995.0,36.37,-121.55,0.579354022,0.551837955,both,True,36.37,-121.55,36.37,Icterus_galbula_36.37_-121.55,24.06489636,1995.0,3.0,36.37,-121.55,1995-03-01,1995-03-31,ECMWF/ERA5_LAND/DAILY_AGGR,94.25282444226468,8.459419050396264,17.520610913528078,262.2419905622842,17.0,8.828870207263599,7.522058486938477,2.064424967562742
204,330Wink2011,Jynx_torquilla,Jynx_torquilla,Piciformes,Picidae,Woodpeckers,Jynx_torquilla,monogamy,yearly,Eurasian_wryneck,51.9,11.0,yes,DNA fingerprinting,2003,2003,May,July,22.2,2.0,7.0,9.0,204,11.0,2003,5.0,112.0,14.0,11.94137955,2.058620453,13.88000011,0.119999886,7.0,17.16666667,14.84827611,2.318390561,15.80666695,1.35999972,3.0,49.20000076,64.14827669,-14.94827593,52.18000183,-2.980001068,170.5000038,192.4620722,-21.96206843,188.0800034,-17.57999954,3.0,10.80000019,11.0666666,5.0,7.0,3.0,1.0,1.0,5.0,7.0,2003.0,51.9,11.0,0.714860385,0.689139997,both,True,51.9,11.0,51.9,Jynx_torquilla_51.9_11,201.3802083,2003.0,5.0,51.9,11.0,2003-05-01,2003-05-31,ECMWF/ERA5_LAND/DAILY_AGGR,14.022111892700195,1.9955722154128857,3.1379402791829105,61.862738677799456,12.0,14.215397750690444,10.12749481201172,2.7202105512652928
205,330Wink2011,Jynx_torquilla,Jynx_torquilla,Piciformes,Picidae,Woodpeckers,Jynx_torquilla,monogamy,yearly,Eurasian_wryneck,51.9,11.0,yes,DNA fingerprinting,2004,2004,May,July,0.0,0.0,20.0,20.0,205,11.0,2004,5.0,112.0,11.5,11.94137955,-0.441379547,13.92000008,-2.420000076,7.0,14.43333371,14.84827611,-0.414942391,16.12666696,-1.693333244,3.0,78.90000153,64.14827669,14.75172484,55.20000153,23.7,250.7000046,192.4620722,58.23793234,187.4200027,63.28000183,3.0,10.0,10.0666666,5.0,7.0,3.0,1.0,1.0,5.0,7.0,2004.0,51.9,11.0,0.726849195,0.636831922,both,True,51.9,11.0,51.9,Jynx_torquilla_51.9_11,201.3802083,2004.0,5.0,51.9,11.0,2004-05-01,2004-05-31,ECMWF/ERA5_LAND/DAILY_AGGR,21.0687160491716,2.6831614895248475,4.80855054885346,83.17800617527027,13.0,11.70927565379812,9.086392084757506,2.479076860596381
206,330Wink2011,Jynx_torquilla,Jynx_torquilla,Piciformes,Picidae,Woodpeckers,Jynx_torquilla,monogamy,yearly,Eurasian_wryneck,51.9,11.0,yes,DNA fingerprinting,2005,2005,May,July,0.0,0.0,21.0,21.0,206,11.0,2005,5.0,112.0,12.5,11.94137955,0.558620453,13.6,-1.1,7.0,15.46666686,14.84827611,0.618390752,15.8266669,-0.360000038,3.0,77.40000153,64.14827669,13.25172484,59.14000168,18.25999985,242.6000061,192.4620722,50.13793386,200.9800034,41.62000275,3.0,10.40000057,10.53333378,5.0,7.0,3.0,1.0,1.0,5.0,7.0,2005.0,51.9,11.0,0.69991855,0.693204189,both,True,51.9,11.0,51.9,Jynx_torquilla_51.9_11,201.3802083,2005.0,5.0,51.9,11.0,2005-05-01,2005-05-31,ECMWF/ERA5_LAND/DAILY_AGGR,14.341625571148596,2.6565249183907818,3.4704751211305296,82.35227247011423,17.0,12.88064830328831,17.146333694458008,4.918116386317424
207,228Freeland1995,Lagopus_lagopus,Lagopus_lagopus,Galliformes,Phasianidae,"Pheasants, Grouse, and Allies",Lagopus_lagopus,monogamy,yearly,willow_ptarmigan,59.83,-136.33,no,DNA fingerprinting,1987,1987,June,July,0.0,0.0,4.0,4.0,207,-136.33,1987,6.0,113.0,5.800000191,6.351724214,-0.551724023,6.580000019,-0.779999828,7.0,7.900000095,7.660344946,0.239655149,7.8900002,0.009999895,2.0,61.60000229,39.15517307,22.44482922,37.66000099,23.9400013,88.30000305,86.37241548,1.927587575,76.7400013,11.56000175,2.0,9.300000191,10.10000038,6.0,7.0,2.0,1.0,1.0,6.0,7.0,1987.0,59.83,-136.33,0.1982,0.234626506,both,True,59.83,-136.33,59.83,Lagopus_lagopus_59.83_-136.33,70.96607273,1987.0,6.0,59.83,-136.33,1987-06-01,1987-06-30,ECMWF/ERA5_LAND/DAILY_AGGR,22.84012138843039,3.3097803363144607,4.837200578543825,99.29341008943382,17.0,1.0425319247775822,13.352139790852846,2.9241178883228445
208,228Freeland1995,Lagopus_lagopus,Lagopus_lagopus,Galliformes,Phasianidae,"Pheasants, Grouse, and Allies",Lagopus_lagopus,monogamy,yearly,willow_ptarmigan,59.83,-136.33,no,DNA fingerprinting,1988,1988,June,July,0.0,0.0,8.0,8.0,208,-136.33,1988,6.0,113.0,6.599999905,6.351724214,0.248275691,6.220000076,0.379999828,7.0,7.25,7.660344946,-0.410344946,7.710000229,-0.460000229,2.0,29.89999962,39.15517307,-9.255173453,45.40000153,-15.50000191,119.3000011,86.37241548,32.92758567,84.44000206,34.85999908,2.0,10.5,9.550000191,6.0,7.0,2.0,1.0,1.0,6.0,7.0,1988.0,59.83,-136.33,0.154593671,0.225928444,both,True,59.83,-136.33,59.83,Lagopus_lagopus_59.83_-136.33,70.96607273,1988.0,6.0,59.83,-136.33,1988-06-01,1988-06-30,ECMWF/ERA5_LAND/DAILY_AGGR,10.339424014091492,1.780093390582967,2.2566510252694703,53.40280171748901,16.0,3.5153651131524213,10.691011428833008,2.563864673019399
209,228Freeland1995,Lagopus_lagopus,Lagopus_lagopus,Galliformes,Phasianidae,"Pheasants, Grouse, and Allies",Lagopus_lagopus,monogamy,yearly,willow_ptarmigan,59.83,-136.33,no,DNA fingerprinting,1989,1989,June,July,33.3,2.0,4.0,6.0,209,-136.33,1989,6.0,113.0,7.700000286,6.351724214,1.348276073,6.0,1.700000286,7.0,9.350000143,7.660344946,1.689655197,7.480000162,1.869999981,2.0,39.5,39.15517307,0.344826929,45.1400013,-5.640001297,86.10000229,86.37241548,-0.272413188,92.02000198,-5.919999695,2.0,10.40000057,10.75000048,6.0,7.0,2.0,1.0,1.0,6.0,7.0,1989.0,59.83,-136.33,0.263271063,0.368905717,both,True,59.83,-136.33,59.83,Lagopus_lagopus_59.83_-136.33,70.96607273,1989.0,6.0,59.83,-136.33,1989-06-01,1989-06-30,ECMWF/ERA5_LAND/DAILY_AGGR,12.523031234707105,2.147252712339546,2.5405779657943723,64.41758137018638,17.0,5.6801272498237,10.007927576700864,2.6529128262035075
210,228Freeland1995,Lagopus_lagopus,Lagopus_lagopus,Galliformes,Phasianidae,"Pheasants, Grouse, and Allies",Lagopus_lagopus,monogamy,yearly,willow_ptarmigan,59.83,-136.33,no,DNA fingerprinting,1992,1992,June,July,0.0,0.0,9.0,9.0,210,-136.33,1992,6.0,113.0,7.5,6.351724214,1.148275786,6.920000172,0.579999828,7.0,8.5,7.660344946,0.839655054,8.250000191,0.249999809,2.0,37.79999924,39.15517307,-1.355173834,43.64000053,-5.840001297,81.79999924,86.37241548,-4.57241624,101.9000027,-20.10000343,2.0,12.19999981,10.5999999,6.0,7.0,2.0,1.0,1.0,6.0,7.0,1992.0,59.83,-136.33,0.235477289,0.242240898,both,True,59.83,-136.33,59.83,Lagopus_lagopus_59.83_-136.33,70.96607273,1992.0,6.0,59.83,-136.33,1992-06-01,1992-06-30,ECMWF/ERA5_LAND/DAILY_AGGR,12.50864565372467,1.443012875123273,2.6086686104412524,43.29038625369819,10.0,4.291045146518303,18.400504430135072,4.749771668358045
211,136Benson2002,Lagopus_leucura,Lagopus_leucura,Galliformes,Phasianidae,"Pheasants, Grouse, and Allies",Lagopus_leucura,monogamy,yearly,white-tailed_ptarmigan,48.68,-113.72,no,microsatellite,1996,1996,May,September,25.0,1.0,4.0,5.0,211,-113.72,1996,5.0,114.0,5.200000286,7.337931123,-2.137930837,8.68000021,-3.479999924,9.0,11.24000025,11.42206913,-0.182068881,11.73600019,-0.495999947,5.0,127.3000031,76.87931153,50.42069152,74.78000259,52.52000046,302.9000034,314.596557,-11.69655357,347.840008,-44.94000454,5.0,9.100000381,13.02000046,5.0,9.0,5.0,1.0,1.0,5.0,9.0,1996.0,48.68,-113.72,0.168085592,0.486719227,both,True,48.68,-113.72,48.68,Lagopus_leucura_48.68_-113.72,633.8565273,1996.0,5.0,48.68,-113.72,1996-05-01,1996-05-31,ECMWF/ERA5_LAND/DAILY_AGGR,21.672969897508665,4.890768942208333,4.78982351614433,151.61383720845834,26.0,1.7240937837990615,10.416800181070982,2.5369983635607367
212,136Benson2002,Lagopus_leucura,Lagopus_leucura,Galliformes,Phasianidae,"Pheasants, Grouse, and Allies",Lagopus_leucura,monogamy,yearly,white-tailed_ptarmigan,48.68,-113.72,no,microsatellite,1997,1997,May,September,25.0,1.0,3.0,4.0,212,-113.72,1997,5.0,114.0,8.0,7.337931123,0.662068877,8.300000286,-0.300000286,9.0,11.82000027,11.42206913,0.397931138,11.59200022,0.22800005,5.0,106.5999985,76.87931153,29.72068695,82.88000259,23.71999588,378.7000084,314.596557,64.10345139,344.2400084,34.46000004,5.0,12.0,13.42000008,5.0,9.0,5.0,1.0,1.0,5.0,9.0,1997.0,48.68,-113.72,0.165251593,0.479655412,both,True,48.68,-113.72,48.68,Lagopus_leucura_48.68_-113.72,633.8565273,1997.0,5.0,48.68,-113.72,1997-05-01,1997-05-31,ECMWF/ERA5_LAND/DAILY_AGGR,28.14794804032772,3.181136063016395,5.701329817766489,98.61521795350824,16.0,4.627147108508716,10.86802609761554,2.994486373163847
213,136Benson2002,Lagopus_leucura,Lagopus_leucura,Galliformes,Phasianidae,"Pheasants, Grouse, and Allies",Lagopus_leucura,monogamy,yearly,white-tailed_ptarmigan,48.68,-113.72,no,microsatellite,1998,1998,May,September,0.0,0.0,4.0,4.0,213,-113.72,1998,5.0,114.0,9.100000381,7.337931123,1.762069258,8.100000286,1.000000095,9.0,13.10000038,11.42206913,1.677931253,11.63200026,1.468000126,5.0,132.9000092,76.87931153,56.02069763,94.28000183,38.62000732,403.1000214,314.596557,88.50346436,355.5000082,47.60001316,5.0,13.40000057,13.76000042,5.0,9.0,5.0,1.0,1.0,5.0,9.0,1998.0,48.68,-113.72,0.241253555,0.491696308,both,True,48.68,-113.72,48.68,Lagopus_leucura_48.68_-113.72,633.8565273,1998.0,5.0,48.68,-113.72,1998-05-01,1998-05-31,ECMWF/ERA5_LAND/DAILY_AGGR,33.62742066383362,3.779384713934385,7.232027991575757,117.16092613196594,15.0,6.845262781778994,10.06273396809894,2.430745274852105
214,225Neto2010,Locustella_luscinioides,Locustella_luscinioides,Passeriformes,Locustellidae,Grassbirds and Allies,Locustella_luscinioides,monogamy,yearly,Savi’s_warbler,40.63,-8.68,no,microsatellite,2002,2002,March,July,4.0,1.0,24.0,25.0,214,-8.68,2002,3.0,115.0,13.5,12.23793119,1.262068814,14.46000023,-0.960000229,7.0,16.88000031,16.35586239,0.524137918,17.52000031,-0.64,5.0,133.6000061,102.9103468,30.68965927,78.86000247,54.74000363,330.5000148,342.8275924,-12.32757767,365.3400072,-34.83999238,5.0,9.699999809,10.12000008,3.0,7.0,5.0,1.0,1.0,3.0,7.0,2002.0,40.63,-8.68,0.487753346,0.47632247,both,True,40.63,-8.68,40.63,Locustella_luscinioides_40.63_-8.68,4.936074539,2002.0,3.0,40.63,-8.68,2002-03-01,2002-03-31,ECMWF/ERA5_LAND/DAILY_AGGR,34.55519619867076,4.437500000423619,8.410622655697495,137.5625000131322,11.0,13.236630745344293,10.230527242024776,2.923747310626398
215,225Neto2010,Locustella_luscinioides,Locustella_luscinioides,Passeriformes,Locustellidae,Grassbirds and Allies,Locustella_luscinioides,monogamy,yearly,Savi’s_warbler,40.63,-8.68,no,microsatellite,2003,2003,March,July,7.7,1.0,12.0,13.0,215,-8.68,2003,3.0,115.0,14.19999981,12.23793119,1.962068624,14.04000015,0.159999657,7.0,18.12000027,16.35586239,1.76413788,17.34800034,0.771999931,5.0,100.9000015,102.9103468,-2.010345303,105.1600037,-4.260002136,306.5000124,342.8275924,-36.32758005,365.7400079,-59.23999548,5.0,9.5,10.20000019,3.0,7.0,5.0,1.0,1.0,3.0,7.0,2003.0,40.63,-8.68,0.47539685,0.491137556,both,True,40.63,-8.68,40.63,Locustella_luscinioides_40.63_-8.68,4.936074539,2003.0,3.0,40.63,-8.68,2003-03-01,2003-03-31,ECMWF/ERA5_LAND/DAILY_AGGR,16.65800950161156,3.4095797081464423,5.25096434146993,105.69697095253971,11.0,13.47858440030008,6.898611068725586,1.488281510786857
216,225Neto2010,Locustella_luscinioides,Locustella_luscinioides,Passeriformes,Locustellidae,Grassbirds and Allies,Locustella_luscinioides,monogamy,yearly,Savi’s_warbler,40.63,-8.68,no,microsatellite,2005,2005,March,July,13.0,3.0,20.0,23.0,216,-8.68,2005,3.0,115.0,13.0,12.23793119,0.762068814,13.74000015,-0.740000153,7.0,18.16000004,16.35586239,1.804137651,17.44800034,0.711999702,5.0,72.20000458,102.9103468,-30.71034225,112.1200043,-39.91999969,220.300005,342.8275924,-122.5275875,332.960009,-112.660004,5.0,10.40000057,10.48000031,3.0,7.0,5.0,1.0,1.0,3.0,7.0,2005.0,40.63,-8.68,0.402269398,0.412641409,both,True,40.63,-8.68,40.63,Locustella_luscinioides_40.63_-8.68,4.936074539,2005.0,3.0,40.63,-8.68,2005-03-01,2005-03-31,ECMWF/ERA5_LAND/DAILY_AGGR,31.1920193998958,2.987686586668968,6.18854836103629,92.618284186738,10.0,12.64966364624682,14.74823315938312,3.4875878539600498
217,225Neto2010,Locustella_luscinioides,Locustella_luscinioides,Passeriformes,Locustellidae,Grassbirds and Allies,Locustella_luscinioides,monogamy,yearly,Savi’s_warbler,40.63,-8.68,no,microsatellite,2006,2006,March,July,4.3,1.0,22.0,23.0,217,-8.68,2006,3.0,115.0,13.40000057,12.23793119,1.162069386,13.54000015,-0.13999958,7.0,18.32000027,16.35586239,1.96413788,17.63200031,0.687999954,5.0,154.3000031,102.9103468,51.38965622,119.3600052,34.93999786,329.4000053,342.8275924,-13.42758711,291.28001,38.11999531,5.0,7.900000095,10.22000017,3.0,7.0,5.0,1.0,1.0,3.0,7.0,2006.0,40.63,-8.68,0.480364224,0.535387584,both,True,40.63,-8.68,40.63,Locustella_luscinioides_40.63_-8.68,4.936074539,2006.0,3.0,40.63,-8.68,2006-03-01,2006-03-31,ECMWF/ERA5_LAND/DAILY_AGGR,40.31130639498315,6.10442583025849,8.999701886118157,189.2372007380132,17.0,12.483455481580531,8.126916249593137,1.8621568864842168
218,225Neto2010,Locustella_luscinioides,Locustella_luscinioides,Passeriformes,Locustellidae,Grassbirds and Allies,Locustella_luscinioides,monogamy,yearly,Savi’s_warbler,40.63,-8.68,no,microsatellite,2007,2007,March,July,0.0,0.0,1.0,1.0,218,-8.68,2007,3.0,115.0,12.90000057,12.23793119,0.662069386,13.30000019,-0.399999619,7.0,17.02000046,16.35586239,0.66413807,17.76400024,-0.743999786,5.0,56.20000076,102.9103468,-46.71034607,110.740004,-54.5400032,337.900012,342.8275924,-4.927580434,284.9200087,52.98000336,5.0,10.30000019,10.18000011,3.0,7.0,5.0,1.0,1.0,3.0,7.0,2007.0,40.63,-8.68,0.486852533,0.536650096,both,True,40.63,-8.68,40.63,Locustella_luscinioides_40.63_-8.68,4.936074539,2007.0,3.0,40.63,-8.68,2007-03-01,2007-03-31,ECMWF/ERA5_LAND/DAILY_AGGR,19.110628962515364,1.4965639001849973,3.686863106629438,46.39348090573492,9.0,12.323984974686834,6.10587183634442,1.7372639230030773
219,225Neto2010,Locustella_luscinioides,Locustella_luscinioides,Passeriformes,Locustellidae,Grassbirds and Allies,Locustella_luscinioides,monogamy,yearly,Savi’s_warbler,40.63,-8.68,no,microsatellite,2008,2008,March,July,6.3,1.0,15.0,16.0,219,-8.68,2008,3.0,115.0,13.10000038,12.23793119,0.862069196,13.18000031,-0.079999924,7.0,17.26000023,16.35586239,0.904137842,17.79200027,-0.532000046,5.0,55.90000153,102.9103468,-47.0103453,95.2600029,-39.36000137,402.8000031,342.8275924,59.9724106,286.4000081,116.3999949,5.0,10.10000038,10.20000038,3.0,7.0,5.0,1.0,1.0,3.0,7.0,2008.0,40.63,-8.68,0.524346624,0.548395981,both,True,40.63,-8.68,40.63,Locustella_luscinioides_40.63_-8.68,4.936074539,2008.0,3.0,40.63,-8.68,2008-03-01,2008-03-31,ECMWF/ERA5_LAND/DAILY_AGGR,9.746450185730282,1.4777046056557934,2.57671635130056,45.8088427753296,10.0,12.014093612342782,5.744835535685184,1.2642570565178788
220,17Johnsen2003,Luscinia_svecica,Luscinia_svecica,Passeriformes,Muscicapidae,Old World Flycatchers,Luscinia_svecica,monogamy,yearly,bluethroat,62.42,8.87,no,other,1991,1991,May,July,27.0,4.0,11.0,15.0,220,8.87,1991,5.0,116.0,0.699999988,2.296551779,-1.596551791,2.36000005,-1.660000062,7.0,4.966666599,5.627586286,-0.660919687,5.866666734,-0.900000135,3.0,78.5,47.9000008,30.5999992,63.82000046,14.67999954,259.7000008,210.120693,49.57930775,231.2400036,28.45999718,3.0,6.5,6.666666667,5.0,7.0,3.0,1.0,1.0,5.0,7.0,1991.0,62.42,8.87,0.0429,0.360944194,both,True,62.42,8.87,62.42,Luscinia_svecica_62.42_8.87,49.04659853,1991.0,5.0,62.42,8.87,1991-05-01,1991-05-31,ECMWF/ERA5_LAND/DAILY_AGGR,17.159787476543897,3.49472663579022,4.357715870520353,108.3365257094968,20.0,-1.369172241867206,5.856540679931641,1.699421630266413
221,17Johnsen2003,Luscinia_svecica,Luscinia_svecica,Passeriformes,Muscicapidae,Old World Flycatchers,Luscinia_svecica,monogamy,yearly,bluethroat,62.42,8.87,no,other,1992,1992,May,July,45.0,13.0,16.0,29.0,221,8.87,1992,5.0,116.0,3.799999952,2.296551779,1.503448173,1.860000038,1.939999914,7.0,6.833333413,5.627586286,1.205747127,5.606666692,1.226666721,3.0,60.29999924,47.9000008,12.39999843,66.50000076,-6.200001526,221.0999985,210.120693,10.97930546,238.2800022,-17.18000374,3.0,9.400000572,9.03333346,5.0,7.0,3.0,1.0,1.0,5.0,7.0,1992.0,62.42,8.87,0.2132,0.232611132,both,True,62.42,8.87,62.42,Luscinia_svecica_62.42_8.87,49.04659853,1992.0,5.0,62.42,8.87,1992-05-01,1992-05-31,ECMWF/ERA5_LAND/DAILY_AGGR,11.134701967137062,2.093748401663567,2.865812271956075,64.90620045157058,16.0,2.250394788352416,15.817411422729492,4.656154693267147
222,17Johnsen2003,Luscinia_svecica,Luscinia_svecica,Passeriformes,Muscicapidae,Old World Flycatchers,Luscinia_svecica,monogamy,yearly,bluethroat,62.42,8.87,no,other,1993,1993,May,July,76.0,16.0,5.0,21.0,222,8.87,1993,5.0,116.0,3.700000048,2.296551779,1.403448268,2.440000021,1.260000026,7.0,5.200000048,5.627586286,-0.427586238,6.053333366,-0.853333318,3.0,56.60000229,47.9000008,8.700001486,69.88000031,-13.27999802,236.8000031,210.120693,26.67931004,238.460001,-1.65999794,3.0,9.100000381,7.500000318,5.0,7.0,3.0,1.0,1.0,5.0,7.0,1993.0,62.42,8.87,0.079603395,0.155610443,both,True,62.42,8.87,62.42,Luscinia_svecica_62.42_8.87,49.04659853,1993.0,5.0,62.42,8.87,1993-05-01,1993-05-31,ECMWF/ERA5_LAND/DAILY_AGGR,24.382799863815308,3.1655532689312844,5.402684023094349,98.1321513368698,13.0,1.774562843897031,12.259127298990904,3.379856064466423
223,17Johnsen2003,Luscinia_svecica,Luscinia_svecica,Passeriformes,Muscicapidae,Old World Flycatchers,Luscinia_svecica,monogamy,yearly,bluethroat,62.42,8.87,no,other,1994,1994,May,July,8.0,1.0,11.0,12.0,223,8.87,1994,5.0,116.0,1.5,2.296551779,-0.796551779,2.460000002,-0.960000002,7.0,5.500000159,5.627586286,-0.127586127,5.673333379,-0.17333322,3.0,25.60000038,47.9000008,-22.30000042,72.00000076,-46.40000038,167.8999996,210.120693,-42.22069339,238.6800022,-70.78000259,3.0,8.300000191,8.433333397,5.0,7.0,3.0,1.0,1.0,5.0,7.0,1994.0,62.42,8.87,0.141772309,0.361497857,both,True,62.42,8.87,62.42,Luscinia_svecica_62.42_8.87,49.04659853,1994.0,5.0,62.42,8.87,1994-05-01,1994-05-31,ECMWF/ERA5_LAND/DAILY_AGGR,5.569398403167725,1.345723632960429,1.3780058084405264,41.7174326217733,16.0,-0.2672879331855124,9.377754847208678,2.209306966334549
224,17Johnsen2003,Luscinia_svecica,Luscinia_svecica,Passeriformes,Muscicapidae,Old World Flycatchers,Luscinia_svecica,monogamy,yearly,bluethroat,62.42,8.87,no,other,1995,1995,May,July,30.0,8.0,19.0,27.0,224,8.87,1995,5.0,116.0,1.200000048,2.296551779,-1.096551732,2.399999988,-1.19999994,7.0,5.033333381,5.627586286,-0.594252905,5.693333399,-0.660000018,3.0,64.80000305,47.9000008,16.90000225,55.56000023,9.240002823,235.0000076,210.120693,24.87931462,220.7400009,14.26000671,3.0,7.099999905,7.03333346,5.0,7.0,3.0,1.0,1.0,5.0,7.0,1995.0,62.42,8.87,-0.056,0.292605822,both,True,62.42,8.87,62.42,Luscinia_svecica_62.42_8.87,49.04659853,1995.0,5.0,62.42,8.87,1995-05-01,1995-05-31,ECMWF/ERA5_LAND/DAILY_AGGR,8.780688047409058,2.4005788202331706,2.5168489063286823,74.4179434272283,20.0,-0.4571113094206533,12.641374588012695,4.084654809925572
225,17Johnsen2003,Luscinia_svecica,Luscinia_svecica,Passeriformes,Muscicapidae,Old World Flycatchers,Luscinia_svecica,monogamy,yearly,bluethroat,62.42,8.87,no,other,1996,1996,May,July,52.0,17.0,16.0,33.0,225,8.87,1996,5.0,116.0,0.300000012,2.296551779,-1.996551768,2.180000007,-1.879999995,7.0,4.299999972,5.627586286,-1.327586313,5.50666672,-1.206666748,3.0,50.10000229,47.9000008,2.200001486,57.16000099,-7.059998703,206.1000099,210.120693,-4.020683091,224.1000019,-17.99999199,3.0,6.099999905,6.53333346,5.0,7.0,3.0,1.0,1.0,5.0,7.0,1996.0,62.42,8.87,0.0326,0.337775674,both,True,62.42,8.87,62.42,Luscinia_svecica_62.42_8.87,49.04659853,1996.0,5.0,62.42,8.87,1996-05-01,1996-05-31,ECMWF/ERA5_LAND/DAILY_AGGR,15.089702606189803,2.824310036311501,3.997175912911487,87.55361112565652,17.0,-1.2579658180154585,12.38554573059082,3.3397834186708044
226,17Johnsen2003,Luscinia_svecica,Luscinia_svecica,Passeriformes,Muscicapidae,Old World Flycatchers,Luscinia_svecica,monogamy,yearly,bluethroat,62.42,8.87,no,other,1997,1997,May,July,54.0,26.0,22.0,48.0,226,8.87,1997,5.0,116.0,0.699999988,2.296551779,-1.596551791,2.100000012,-1.400000024,7.0,6.300000091,5.627586286,0.672413806,5.373333395,0.926666697,3.0,53.10000229,47.9000008,5.200001486,51.48000145,1.620000839,174.1000023,210.120693,-36.02069072,213.3800037,-39.28000145,3.0,6.5,7.900000095,5.0,7.0,3.0,1.0,1.0,5.0,7.0,1997.0,62.42,8.87,0.0474,0.366548833,both,True,62.42,8.87,62.42,Luscinia_svecica_62.42_8.87,49.04659853,1997.0,5.0,62.42,8.87,1997-05-01,1997-05-31,ECMWF/ERA5_LAND/DAILY_AGGR,19.92538571357727,3.1232344767606754,4.293197763366943,96.82026877958094,17.0,-1.0791779712963914,9.645903269449832,2.144778318534346
227,17Johnsen2003,Luscinia_svecica,Luscinia_svecica,Passeriformes,Muscicapidae,Old World Flycatchers,Luscinia_svecica,monogamy,yearly,bluethroat,62.42,8.87,no,other,1998,1998,May,July,64.0,35.0,20.0,55.0,227,8.87,1998,5.0,116.0,2.0,2.296551779,-0.296551779,1.480000019,0.519999981,7.0,5.233333429,5.627586286,-0.394252857,5.26666673,-0.033333302,3.0,30.39999962,47.9000008,-17.50000118,50.04000206,-19.64000244,237.8000011,210.120693,27.67930813,203.9800045,33.81999664,3.0,7.800000191,6.166666667,5.0,7.0,3.0,1.0,1.0,5.0,7.0,1998.0,62.42,8.87,0.077397575,0.340226389,both,True,62.42,8.87,62.42,Luscinia_svecica_62.42_8.87,49.04659853,1998.0,5.0,62.42,8.87,1998-05-01,1998-05-31,ECMWF/ERA5_LAND/DAILY_AGGR,14.91101086139679,2.5071235712036724,3.2992016479732422,77.72083070731384,15.0,0.3762712663220103,11.717100143432615,3.194454169478149
228,17Johnsen2003,Luscinia_svecica,Luscinia_svecica,Passeriformes,Muscicapidae,Old World Flycatchers,Luscinia_svecica,monogamy,yearly,bluethroat,62.42,8.87,no,other,1999,1999,May,July,50.0,26.0,26.0,52.0,228,8.87,1999,5.0,116.0,1.300000072,2.296551779,-0.996551708,1.14000001,0.160000062,7.0,5.433333357,5.627586286,-0.194252928,5.273333406,0.159999951,3.0,40.20000076,47.9000008,-7.700000039,44.80000153,-4.600000763,242.3000069,210.120693,32.17931386,204.1800041,38.12000275,3.0,7.0,7.03333346,5.0,7.0,3.0,1.0,1.0,5.0,7.0,1999.0,62.42,8.87,0.096841845,0.386905009,both,True,62.42,8.87,62.42,Luscinia_svecica_62.42_8.87,49.04659853,1999.0,5.0,62.42,8.87,1999-05-01,1999-05-31,ECMWF/ERA5_LAND/DAILY_AGGR,7.771685719490051,1.5728146190093593,2.021024276728847,48.75725318929014,13.0,-0.2555857750677102,10.563172658284486,2.493949914370652
229,17Johnsen2003,Luscinia_svecica,Luscinia_svecica,Passeriformes,Muscicapidae,Old World Flycatchers,Luscinia_svecica,monogamy,yearly,bluethroat,62.42,8.87,no,other,2000,2000,May,July,39.0,5.0,8.0,13.0,229,8.87,2000,5.0,116.0,3.799999952,2.296551779,1.503448173,1.100000024,2.699999928,7.0,5.400000016,5.627586286,-0.22758627,5.260000046,0.13999997,3.0,61.40000153,47.9000008,13.50000072,47.7200016,13.67999992,257.1000061,210.120693,46.97931309,219.0600056,38.04000053,3.0,7.5,6.300000032,5.0,7.0,3.0,1.0,1.0,5.0,7.0,2000.0,62.42,8.87,0.1325,0.293472228,both,True,62.42,8.87,62.42,Luscinia_svecica_62.42_8.87,49.04659853,2000.0,5.0,62.42,8.87,2000-05-01,2000-05-31,ECMWF/ERA5_LAND/DAILY_AGGR,10.87657213224702,2.3491428116538,2.7802597309892287,72.82342716126777,17.0,2.1639020242998903,11.38465944925946,2.4850918999290514
230,351Brekke2013,Notiomystis_cincta,Notiomystis_cincta,Passeriformes,Notiomystidae,Stitchbird,Notiomystis_cincta,monogamy,yearly,New_Zealand_hihi,-36.6,174.88,yes,microsatellite,2004,2005,September,February,69.0,23.0,11.0,34.0,230,174.88,2004,9.0,117.0,11.80000019,12.38620702,-0.586206831,12.92000008,-1.119999886,2.0,15.78333346,16.18965542,-0.406321964,16.30666704,-0.523333581,6.0,100.5,112.100002,-11.60000203,124.0600021,-23.56000214,676.2000046,560.3586309,115.8413737,561.1400063,115.0599983,6.0,8.300000191,7.866666714,9.0,2.0,6.0,1.0,1.0,9.0,2.0,2004.0,-36.6,174.88,0.446314176,0.381700464,both,True,-36.6,174.88,36.6,Notiomystis_cincta_-36.6_174.88,5.588377863,2004.0,9.0,-36.6,174.88,2004-09-01,2004-09-30,ECMWF/ERA5_LAND/DAILY_AGGR,,,,,,,,
231,351Brekke2013,Notiomystis_cincta,Notiomystis_cincta,Passeriformes,Notiomystidae,Stitchbird,Notiomystis_cincta,monogamy,yearly,New_Zealand_hihi,-36.6,174.88,yes,microsatellite,2005,2006,September,February,73.0,31.0,12.0,43.0,231,174.88,2005,9.0,117.0,13.30000019,12.38620702,0.913793169,12.72000008,0.580000114,2.0,16.73333375,16.18965542,0.543678322,16.09666694,0.636666807,6.0,100.8000031,112.100002,-11.29999897,118.3400009,-17.53999786,523.4000053,560.3586309,-36.95862553,578.8000061,-55.40000076,6.0,8.0,8.200000366,9.0,2.0,6.0,1.0,1.0,9.0,2.0,2005.0,-36.6,174.88,0.30131,0.217278337,both,True,-36.6,174.88,36.6,Notiomystis_cincta_-36.6_174.88,5.588377863,2005.0,9.0,-36.6,174.88,2005-09-01,2005-09-30,ECMWF/ERA5_LAND/DAILY_AGGR,,,,,,,,
232,351Brekke2013,Notiomystis_cincta,Notiomystis_cincta,Passeriformes,Notiomystidae,Stitchbird,Notiomystis_cincta,monogamy,yearly,New_Zealand_hihi,-36.6,174.88,yes,microsatellite,2006,2007,September,February,69.0,41.0,18.0,59.0,232,174.88,2006,9.0,117.0,13.30000019,12.38620702,0.913793169,12.84000015,0.460000038,2.0,16.05000019,16.18965542,-0.139655234,16.21333367,-0.16333348,6.0,67.20000458,112.100002,-44.89999745,112.8000015,-45.59999695,443.4000053,560.3586309,-116.9586255,578.9800056,-135.5800003,6.0,7.700000286,7.833333492,9.0,2.0,6.0,1.0,1.0,9.0,2.0,2006.0,-36.6,174.88,0.058189201,0.087967639,both,True,-36.6,174.88,36.6,Notiomystis_cincta_-36.6_174.88,5.588377863,2006.0,9.0,-36.6,174.88,2006-09-01,2006-09-30,ECMWF/ERA5_LAND/DAILY_AGGR,,,,,,,,
233,351Brekke2013,Notiomystis_cincta,Notiomystis_cincta,Passeriformes,Notiomystidae,Stitchbird,Notiomystis_cincta,monogamy,yearly,New_Zealand_hihi,-36.6,174.88,yes,microsatellite,2007,2008,September,February,70.0,67.0,29.0,96.0,233,174.88,2007,9.0,117.0,12.80000019,12.38620702,0.413793169,12.86000023,-0.060000038,2.0,16.20000013,16.18965542,0.010344703,16.05333363,0.146666495,6.0,110.4000015,112.100002,-1.7000005,112.7000015,-2.3,545.6000099,560.3586309,-14.75862095,548.3000069,-2.699996948,6.0,7.5,7.883333286,9.0,2.0,6.0,1.0,1.0,9.0,2.0,2007.0,-36.6,174.88,0.20992455,0.119115922,both,True,-36.6,174.88,36.6,Notiomystis_cincta_-36.6_174.88,5.588377863,2007.0,9.0,-36.6,174.88,2007-09-01,2007-09-30,ECMWF/ERA5_LAND/DAILY_AGGR,,,,,,,,
234,351Brekke2013,Notiomystis_cincta,Notiomystis_cincta,Passeriformes,Notiomystidae,Stitchbird,Notiomystis_cincta,monogamy,yearly,New_Zealand_hihi,-36.6,174.88,yes,microsatellite,2008,2009,September,February,69.0,61.0,28.0,89.0,234,174.88,2008,9.0,117.0,12.90000057,12.38620702,0.513793551,12.86000023,0.040000343,2.0,16.50000064,16.18965542,0.310345211,16.15333357,0.346667067,6.0,109.0,112.100002,-3.100002026,107.0200012,1.979998779,536.1000023,560.3586309,-24.25862858,541.340007,-5.24000473,6.0,7.400000095,8.166666905,9.0,2.0,6.0,1.0,1.0,9.0,2.0,2008.0,-36.6,174.88,0.263246937,0.171258041,both,True,-36.6,174.88,36.6,Notiomystis_cincta_-36.6_174.88,5.588377863,2008.0,9.0,-36.6,174.88,2008-09-01,2008-09-30,ECMWF/ERA5_LAND/DAILY_AGGR,,,,,,,,
235,351Brekke2013,Notiomystis_cincta,Notiomystis_cincta,Passeriformes,Notiomystidae,Stitchbird,Notiomystis_cincta,monogamy,yearly,New_Zealand_hihi,-36.6,174.88,yes,microsatellite,2009,2010,September,February,79.0,49.0,13.0,62.0,235,174.88,2009,9.0,117.0,12.80000019,12.38620702,0.413793169,12.82000027,-0.020000076,2.0,16.21666702,16.18965542,0.027011592,16.25333363,-0.036666616,6.0,139.9000092,112.100002,27.80000713,97.58000183,42.32000732,541.7000122,560.3586309,-18.65861866,544.9400055,-3.239993286,6.0,8.100000381,7.966666778,9.0,2.0,6.0,1.0,1.0,9.0,2.0,2009.0,-36.6,174.88,0.122493807,0.127380427,both,True,-36.6,174.88,36.6,Notiomystis_cincta_-36.6_174.88,5.588377863,2009.0,9.0,-36.6,174.88,2009-09-01,2009-09-30,ECMWF/ERA5_LAND/DAILY_AGGR,,,,,,,,
236,351Brekke2013,Notiomystis_cincta,Notiomystis_cincta,Passeriformes,Notiomystidae,Stitchbird,Notiomystis_cincta,monogamy,yearly,New_Zealand_hihi,-36.6,174.88,yes,microsatellite,2010,2011,September,February,53.0,55.0,48.0,103.0,236,174.88,2010,9.0,117.0,13.19999981,12.38620702,0.813792788,13.02000027,0.179999542,2.0,16.78333346,16.18965542,0.593678036,16.34000034,0.443333117,6.0,159.9000092,112.100002,47.80000713,105.4600037,54.44000549,434.1000156,560.3586309,-126.2586152,518.040007,-83.93999138,6.0,7.0,7.833333413,9.0,2.0,6.0,1.0,1.0,9.0,2.0,2010.0,-36.6,174.88,0.320927273,0.182313487,both,True,-36.6,174.88,36.6,Notiomystis_cincta_-36.6_174.88,5.588377863,2010.0,9.0,-36.6,174.88,2010-09-01,2010-09-30,ECMWF/ERA5_LAND/DAILY_AGGR,,,,,,,,
237,131Kudernatsch2010,Oenanthe_oenanthe,Oenanthe_oenanthe,Passeriformes,Muscicapidae,Old World Flycatchers,Oenanthe_oenanthe,monogamy,yearly,northern_wheatear,49.5,8.17,no,microsatellite,2005,2005,April,September,50.0,10.0,10.0,20.0,237,8.17,2005,4.0,118.0,11.69999981,9.810344943,1.889654867,11.06000023,0.63999958,9.0,17.08333365,15.74482783,1.338505819,16.96666686,0.116666794,6.0,65.70000458,52.2310351,13.46896948,41.33999977,24.36000481,366.0000076,383.9551795,-17.95517185,374.2800041,-8.27999649,6.0,10.5,11.25000032,4.0,9.0,6.0,1.0,1.0,4.0,9.0,2005.0,49.5,8.17,0.473535874,0.538327354,both,True,49.5,8.17,49.5,Oenanthe_oenanthe_49.5_8.17,349.2012828,2005.0,4.0,49.5,8.17,2005-04-01,2005-04-30,ECMWF/ERA5_LAND/DAILY_AGGR,16.03252589702464,2.7807343674030705,4.028752617361956,83.42203102209211,13.0,10.535676617092578,12.593998591105162,2.666705628769734
238,131Kudernatsch2010,Oenanthe_oenanthe,Oenanthe_oenanthe,Passeriformes,Muscicapidae,Old World Flycatchers,Oenanthe_oenanthe,monogamy,yearly,northern_wheatear,49.5,8.17,no,microsatellite,2006,2006,April,September,38.0,3.0,5.0,8.0,238,8.17,2006,4.0,118.0,10.5,9.810344943,0.689655057,11.06000023,-0.560000229,9.0,17.56666708,15.74482783,1.821839248,16.99333359,0.573333486,6.0,58.29999924,52.2310351,6.068964136,46.90000038,11.39999886,435.4000053,383.9551795,51.44482586,362.5200035,72.88000183,6.0,10.0,11.3499999,4.0,9.0,6.0,1.0,1.0,4.0,9.0,2006.0,49.5,8.17,0.409718967,0.53329822,both,True,49.5,8.17,49.5,Oenanthe_oenanthe_49.5_8.17,349.2012828,2006.0,4.0,49.5,8.17,2006-04-01,2006-04-30,ECMWF/ERA5_LAND/DAILY_AGGR,7.814131435907257,1.697978870562622,1.8956332520287205,50.93936611687866,15.0,9.400746112399652,10.595917383829716,2.913523363604607
239,239Lee2009,Paradoxornis_webbianus,Suthora_webbiana,Passeriformes,Paradoxornithidae,Parrotbills,Paradoxornis_webbianus,monogamy,yearly,vinous-throated_parrotbills,37.53,127.03,no,microsatellite,2005,2005,April,August,20.0,5.0,20.0,25.0,239,127.03,2005,4.0,119.0,12.10000038,10.81034499,1.289655389,12.02000027,0.080000114,8.0,20.22000046,19.35241412,0.86758634,20.2480003,-0.02799984,5.0,81.30000305,93.66207169,-12.36206864,90.76000023,-9.459997177,1038.300041,985.2241561,53.07588511,1153.440017,-115.1399761,5.0,12.5,10.13999996,4.0,8.0,5.0,1.0,1.0,4.0,8.0,2005.0,37.53,127.03,0.219184859,0.329819573,both,True,37.53,127.03,37.53,Paradoxornis_webbianus_37.53_127.03,31.94391259,2005.0,4.0,37.53,127.03,2005-04-01,2005-04-30,ECMWF/ERA5_LAND/DAILY_AGGR,35.24323105801841,2.2137888940500026,6.649797464473484,66.41366682150007,6.0,11.388842307196748,14.250485102335633,3.2562835125507985
240,239Lee2009,Paradoxornis_webbianus,Suthora_webbiana,Passeriformes,Paradoxornithidae,Parrotbills,Paradoxornis_webbianus,monogamy,yearly,vinous-throated_parrotbills,37.53,127.03,no,microsatellite,2006,2006,April,August,32.0,8.0,17.0,25.0,240,127.03,2006,4.0,119.0,10.5,10.81034499,-0.310344992,12.28000031,-1.780000305,8.0,19.82000046,19.35241412,0.46758634,20.2640004,-0.443999939,5.0,82.0,93.66207169,-11.66207169,100.0200008,-18.02000084,1367.700043,985.2241561,382.4758866,1173.720022,193.9800205,5.0,11.80000019,9.98000021,4.0,8.0,5.0,1.0,1.0,4.0,8.0,2006.0,37.53,127.03,0.247861604,0.385436148,both,True,37.53,127.03,37.53,Paradoxornis_webbianus_37.53_127.03,31.94391259,2006.0,4.0,37.53,127.03,2006-04-01,2006-04-30,ECMWF/ERA5_LAND/DAILY_AGGR,33.57012327086295,3.5220374628821105,6.9118474851566525,105.66112388646332,12.0,9.75972777472604,8.959233601888002,2.292775221707968
241,463Dietrich2004,Parus_ater,Periparus_ater,Passeriformes,Paridae,"Tits, Chickadees, and Titmice",Parus_ater,monogamy,yearly,coal_tit,52.45,7.25,yes,DNA fingerprinting,2000,2000,April,July,67.0,63.0,31.0,94.0,241,7.25,2000,4.0,104.0,10.10000038,7.800000158,2.300000224,8.820000267,1.280000114,7.0,14.00000024,12.98448299,1.015517251,13.70000029,0.299999952,4.0,40.70000076,49.21724204,-8.517241281,44.78000183,-4.080001068,264.7999992,258.8482808,5.951718396,239.8400055,24.95999374,4.0,10.10000038,9.575000167,4.0,7.0,4.0,1.0,1.0,4.0,7.0,2000.0,52.45,7.25,0.482104628,0.584700349,both,True,52.45,7.25,52.45,Parus_ater_52.45_7.25,92.61261412,2000.0,4.0,52.45,7.25,2000-04-01,2000-04-30,ECMWF/ERA5_LAND/DAILY_AGGR,10.954933344635265,1.537958431689764,2.4766787677869018,46.13875295069292,10.0,9.927057245042612,14.869665781656863,4.010036428686292
242,463Dietrich2004,Parus_ater,Periparus_ater,Passeriformes,Paridae,"Tits, Chickadees, and Titmice",Parus_ater,monogamy,yearly,coal_tit,52.45,7.25,yes,DNA fingerprinting,2001,2001,April,July,66.3,108.0,55.0,163.0,242,7.25,2001,4.0,104.0,7.700000286,7.800000158,-0.099999872,9.060000229,-1.359999943,7.0,13.72500002,12.98448299,0.740517037,13.69000025,0.034999776,4.0,73.59999847,49.21724204,24.38275643,45.34000168,28.2599968,243.2000008,258.8482808,-15.64828008,248.4600044,-5.260003662,4.0,8.600000381,9.750000238,4.0,7.0,4.0,1.0,1.0,4.0,7.0,2001.0,52.45,7.25,0.476230995,0.611357801,both,True,52.45,7.25,52.45,Parus_ater_52.45_7.25,92.61261412,2001.0,4.0,52.45,7.25,2001-04-01,2001-04-30,ECMWF/ERA5_LAND/DAILY_AGGR,9.96096730222007,3.0918466428730085,2.52512400382018,92.75539928619024,21.0,7.566777420043972,13.120844523111998,3.1580315170355293
243,463Dietrich2004,Parus_ater,Periparus_ater,Passeriformes,Paridae,"Tits, Chickadees, and Titmice",Parus_ater,monogamy,yearly,coal_tit,52.45,7.25,yes,DNA fingerprinting,2002,2002,April,July,66.7,76.0,38.0,114.0,243,7.25,2002,4.0,104.0,9.0,7.800000158,1.199999842,8.78000021,0.21999979,7.0,14.12500024,12.98448299,1.140517251,13.88000019,0.245000052,4.0,53.20000076,49.21724204,3.982758719,58.16000137,-4.96000061,300.2000084,258.8482808,41.35172755,268.540004,31.66000443,4.0,9.100000381,8.925000191,4.0,7.0,4.0,1.0,1.0,4.0,7.0,2002.0,52.45,7.25,0.491891956,0.604385153,both,True,52.45,7.25,52.45,Parus_ater_52.45_7.25,92.61261412,2002.0,4.0,52.45,7.25,2002-04-01,2002-04-30,ECMWF/ERA5_LAND/DAILY_AGGR,9.20659005635116,1.9704020800253608,3.0286607515682458,59.112062400760834,10.0,8.733943282233366,9.280099868774414,2.415882822617446
244,4Charmantier2003,Parus_caeruleus,Cyanistes_caeruleus,Passeriformes,Paridae,"Tits, Chickadees, and Titmice",Parus_caeruleus,monogamy,yearly,blue_tit,42.52,8.77,yes,microsatellite,2000,2000,May,July,68.0,17.0,8.0,25.0,244,8.77,2000,5.0,120.0,17.89999962,15.04137957,2.858620052,16.54000053,1.359999084,7.0,19.76666705,18.32528771,1.441379339,19.41333377,0.353333282,3.0,12.40000057,47.85517323,-35.45517265,42.33999977,-29.9399992,87.10000324,92.76896721,-5.668963965,80.48000152,6.620001721,3.0,6.900000095,7.500000159,5.0,7.0,3.0,1.0,1.0,5.0,7.0,2000.0,42.52,8.77,0.485966915,0.465733273,both,True,42.52,8.77,42.52,Parus_caeruleus_42.52_8.77,5.473460469,2000.0,5.0,42.52,8.77,2000-05-01,2000-05-31,ECMWF/ERA5_LAND/DAILY_AGGR,,,,,,,,
245,4Charmantier2003,Parus_caeruleus,Cyanistes_caeruleus,Passeriformes,Paridae,"Tits, Chickadees, and Titmice",Parus_caeruleus,monogamy,yearly,blue_tit,42.52,8.77,yes,microsatellite,2001,2001,May,July,68.0,17.0,8.0,25.0,245,8.77,2001,5.0,120.0,17.30000114,15.04137957,2.258621578,17.00000038,0.300000763,7.0,19.6666673,18.32528771,1.341379593,19.51333377,0.153333537,3.0,39.70000076,47.85517323,-8.155172463,31.40000019,8.300000572,58.70000124,92.76896721,-34.06896597,79.14000213,-20.44000089,3.0,7.0,7.633333365,5.0,7.0,3.0,1.0,1.0,5.0,7.0,2001.0,42.52,8.77,0.537078842,0.478045468,both,True,42.52,8.77,42.52,Parus_caeruleus_42.52_8.77,5.473460469,2001.0,5.0,42.52,8.77,2001-05-01,2001-05-31,ECMWF/ERA5_LAND/DAILY_AGGR,,,,,,,,
246,4Charmantier2003,Parus_caeruleus,Cyanistes_caeruleus,Passeriformes,Paridae,"Tits, Chickadees, and Titmice",Parus_caeruleus,monogamy,yearly,blue_tit,43.66,3.67,yes,microsatellite,2000,2000,April,June,40.0,10.0,15.0,25.0,246,3.67,2000,4.0,121.0,12.40000057,11.32413808,1.07586249,12.06000023,0.340000343,6.0,17.00000032,15.04942556,1.950574754,16.06000029,0.940000025,3.0,86.30000305,56.6551734,29.64482965,59.52000084,26.78000221,218.6000061,165.1310374,53.46896865,157.2200024,61.38000374,3.0,9.800000191,10.5,4.0,6.0,3.0,1.0,1.0,4.0,6.0,2000.0,43.66,3.67,0.437260217,0.481386311,both,True,43.66,3.67,43.66,Parus_caeruleus_43.66_3.67,21.95455995,2000.0,4.0,43.66,3.67,2000-04-01,2000-04-30,ECMWF/ERA5_LAND/DAILY_AGGR,34.452974796295166,4.054260401376908,7.785191775183556,121.62781204130724,12.0,11.368300734625947,5.345357259114564,1.4259468254944072
247,4Charmantier2003,Parus_caeruleus,Cyanistes_caeruleus,Passeriformes,Paridae,"Tits, Chickadees, and Titmice",Parus_caeruleus,monogamy,yearly,blue_tit,43.66,3.67,yes,microsatellite,2001,2001,April,June,52.0,13.0,12.0,25.0,247,3.67,2001,4.0,121.0,11.5,11.32413808,0.175861918,12.14000034,-0.640000343,6.0,16.26666705,15.04942556,1.217241485,16.36666705,-0.1,3.0,34.79999924,56.6551734,-21.85517416,62.76000175,-27.96000252,113.9000015,165.1310374,-51.23103592,174.5800034,-60.68000183,3.0,10.5,11.26666673,4.0,6.0,3.0,1.0,1.0,4.0,6.0,2001.0,43.66,3.67,0.492034244,0.511651664,both,True,43.66,3.67,43.66,Parus_caeruleus_43.66_3.67,21.95455995,2001.0,4.0,43.66,3.67,2001-04-01,2001-04-30,ECMWF/ERA5_LAND/DAILY_AGGR,34.763145446675026,2.001976209860364,6.305648674447805,60.05928629581092,8.0,11.311729134453689,8.013179779052734,1.8704243819573647
248,50Kempenaers1997,Parus_caeruleus,Cyanistes_caeruleus,Passeriformes,Paridae,"Tits, Chickadees, and Titmice",Parus_caeruleus,monogamy,yearly,blue_tit,51.25,4.47,yes,DNA fingerprinting,1990,1990,March,June,30.6,11.0,25.0,36.0,248,4.47,1990,3.0,122.0,9.199999809,5.682758685,3.517241124,5.400000095,3.799999714,6.0,12.19999981,10.70603466,1.493965147,10.8150002,1.384999609,4.0,24.89999962,64.85862173,-39.95862211,91.08000183,-66.18000221,177.0,249.282763,-72.28276295,272.0200033,-95.02000332,4.0,8.300000191,9.725000143,3.0,6.0,4.0,1.0,1.0,3.0,6.0,1990.0,51.25,4.47,0.386307895,0.466911409,both,True,51.25,4.47,51.25,Parus_caeruleus_51.25_4.47,22.74702372,1990.0,3.0,51.25,4.47,1990-03-01,1990-03-31,ECMWF/ERA5_LAND/DAILY_AGGR,4.7195328162956685,0.9651759765596296,1.4049852540439445,29.920455273348523,9.0,8.443270394109938,11.199481964111328,2.649408813030471
249,50Kempenaers1997,Parus_caeruleus,Cyanistes_caeruleus,Passeriformes,Paridae,"Tits, Chickadees, and Titmice",Parus_caeruleus,monogamy,yearly,blue_tit,51.25,4.47,yes,DNA fingerprinting,1991,1991,March,June,44.7,21.0,26.0,47.0,249,4.47,1991,3.0,122.0,9.100000381,5.682758685,3.417241697,6.280000019,2.820000362,6.0,10.5250001,10.70603466,-0.181034567,11.16000013,-0.635000038,4.0,28.30000114,64.85862173,-36.55862058,82.82000084,-54.51999969,239.2000027,249.282763,-10.08276028,246.6000029,-7.400000191,4.0,7.400000095,8.075000286,3.0,6.0,4.0,1.0,1.0,3.0,6.0,1991.0,51.25,4.47,0.391290365,0.410459952,both,True,51.25,4.47,51.25,Parus_caeruleus_51.25_4.47,22.74702372,1991.0,3.0,51.25,4.47,1991-03-01,1991-03-31,ECMWF/ERA5_LAND/DAILY_AGGR,4.427043633558725,0.9892529406243736,1.1252872560522438,30.666841159355585,11.0,9.108144194080012,8.646589914957644,2.4848808711947137
250,50Kempenaers1997,Parus_caeruleus,Cyanistes_caeruleus,Passeriformes,Paridae,"Tits, Chickadees, and Titmice",Parus_caeruleus,monogamy,yearly,blue_tit,51.25,4.47,yes,DNA fingerprinting,1992,1992,March,June,42.1,16.0,22.0,38.0,250,4.47,1992,3.0,122.0,7.5,5.682758685,1.817241315,7.100000095,0.399999905,6.0,12.625,10.70603466,1.918965338,11.13000007,1.494999933,4.0,82.30000305,64.85862173,17.44138132,68.54000015,13.7600029,276.3000069,249.282763,27.01724391,239.6400019,36.660005,4.0,6.700000286,9.025000215,3.0,6.0,4.0,1.0,1.0,3.0,6.0,1992.0,51.25,4.47,0.200130525,0.487137672,both,True,51.25,4.47,51.25,Parus_caeruleus_51.25_4.47,22.74702372,1992.0,3.0,51.25,4.47,1992-03-01,1992-03-31,ECMWF/ERA5_LAND/DAILY_AGGR,15.507410149723457,3.021135390861058,3.8133004688858025,93.6551971166928,19.0,7.199935695689233,5.814497629801451,1.8973803555939963
251,50Kempenaers1997,Parus_caeruleus,Cyanistes_caeruleus,Passeriformes,Paridae,"Tits, Chickadees, and Titmice",Parus_caeruleus,monogamy,yearly,blue_tit,51.25,4.47,yes,DNA fingerprinting,1993,1993,March,June,47.7,21.0,23.0,44.0,251,4.47,1993,3.0,122.0,6.599999905,5.682758685,0.91724122,8.100000095,-1.500000191,6.0,12.42500007,10.70603466,1.718965409,11.74000006,0.685000014,4.0,8.199999809,64.85862173,-56.65862192,67.58000107,-59.38000126,175.2000036,249.282763,-74.08275933,232.640003,-57.43999939,4.0,8.600000381,8.925000429,3.0,6.0,4.0,1.0,1.0,3.0,6.0,1993.0,51.25,4.47,0.336075595,0.396341826,both,True,51.25,4.47,51.25,Parus_caeruleus_51.25_4.47,22.74702372,1993.0,3.0,51.25,4.47,1993-03-01,1993-03-31,ECMWF/ERA5_LAND/DAILY_AGGR,1.6979753970645106,0.2352918839613444,0.4247874420105763,7.294048402801678,2.0,6.165200251917706,12.424402872721316,3.1736653598908453
252,76Krokene1998,Parus_caeruleus,Cyanistes_caeruleus,Passeriformes,Paridae,"Tits, Chickadees, and Titmice",Parus_caeruleus,monogamy,yearly,blue_tit,58.87,9.6,yes,DNA fingerprinting,1992,1992,April,July,37.5,6.0,10.0,16.0,252,9.6,1992,4.0,123.0,4.099999905,4.124137994,-0.024138089,5.020000029,-0.920000124,7.0,12.92500055,11.25086227,1.674138283,11.52000021,1.405000341,4.0,71.20000458,51.06551812,20.13448646,58.66000175,12.54000282,226.1000051,272.3655212,-46.26551602,268.2800053,-42.18000011,4.0,5.800000191,8.625000238,4.0,7.0,4.0,1.0,1.0,4.0,7.0,1992.0,58.87,9.6,0.238057389,0.31802607,both,True,58.87,9.6,58.87,Parus_caeruleus_58.87_9.6,7.445825977,1992.0,4.0,58.87,9.6,1992-04-01,1992-04-30,ECMWF/ERA5_LAND/DAILY_AGGR,,,,,,,,
253,76Krokene1998,Parus_caeruleus,Cyanistes_caeruleus,Passeriformes,Paridae,"Tits, Chickadees, and Titmice",Parus_caeruleus,monogamy,yearly,blue_tit,58.87,9.6,yes,DNA fingerprinting,1993,1993,April,July,31.0,4.0,9.0,13.0,253,9.6,1993,4.0,123.0,6.200000286,4.124137994,2.075862293,4.920000029,1.280000257,7.0,11.72500026,11.25086227,0.474137997,12.0950003,-0.370000041,4.0,36.60000229,51.06551812,-14.46551583,67.34000244,-30.74000015,253.3000031,272.3655212,-19.06551812,259.4200056,-6.120002556,4.0,7.800000191,8.225000024,4.0,7.0,4.0,1.0,1.0,4.0,7.0,1993.0,58.87,9.6,0.254411526,0.401174138,both,True,58.87,9.6,58.87,Parus_caeruleus_58.87_9.6,7.445825977,1993.0,4.0,58.87,9.6,1993-04-01,1993-04-30,ECMWF/ERA5_LAND/DAILY_AGGR,,,,,,,,
254,76Krokene1998,Parus_caeruleus,Cyanistes_caeruleus,Passeriformes,Paridae,"Tits, Chickadees, and Titmice",Parus_caeruleus,monogamy,yearly,blue_tit,58.87,9.6,yes,DNA fingerprinting,1994,1994,April,July,42.0,8.0,10.0,18.0,254,9.6,1994,4.0,123.0,6.099999905,4.124137994,1.975861911,5.420000076,0.679999828,7.0,12.22500002,11.25086227,0.974137758,11.99500027,0.229999757,4.0,57.10000229,51.06551812,6.034484173,60.62000198,-3.519999695,148.3000069,272.3655212,-124.0655143,234.3800039,-86.07999706,4.0,7.300000191,8.625000238,4.0,7.0,4.0,1.0,1.0,4.0,7.0,1994.0,58.87,9.6,0.088278495,0.284264345,both,True,58.87,9.6,58.87,Parus_caeruleus_58.87_9.6,7.445825977,1994.0,4.0,58.87,9.6,1994-04-01,1994-04-30,ECMWF/ERA5_LAND/DAILY_AGGR,,,,,,,,
255,256Kawano2009,Parus_major,Parus_major,Passeriformes,Paridae,"Tits, Chickadees, and Titmice",Parus_major,monogamy,yearly,great_tit,33.52,130.03,yes,microsatellite,1999,1999,,,58.3,7.0,5.0,12.0,255,130.03,1999,,124.0,,,,,,,,,,,,,,,,,,,,,,,,,,,,,,,,,,,,,,left_only,,33.52,130.03,33.52,Parus_major_33.52_130.03,0.930002842,,,,,,,,,,,,,,,
256,256Kawano2009,Parus_major,Parus_major,Passeriformes,Paridae,"Tits, Chickadees, and Titmice",Parus_major,monogamy,yearly,great_tit,33.52,130.03,yes,microsatellite,2000,2000,,,50.0,10.0,10.0,20.0,256,130.03,2000,,124.0,,,,,,,,,,,,,,,,,,,,,,,,,,,,,,,,,,,,,,left_only,,33.52,130.03,33.52,Parus_major_33.52_130.03,0.930002842,,,,,,,,,,,,,,,
257,76Krokene1998,Parus_major,Parus_major,Passeriformes,Paridae,"Tits, Chickadees, and Titmice",Parus_major,monogamy,yearly,great_tit,58.87,9.6,yes,DNA fingerprinting,1992,1992,April,July,38.0,8.0,13.0,21.0,257,9.6,1992,4.0,123.0,4.099999905,4.124137994,-0.024138089,5.020000029,-0.920000124,7.0,12.92500055,11.25086227,1.674138283,11.52000021,1.405000341,4.0,71.20000458,51.06551812,20.13448646,58.66000175,12.54000282,226.1000051,272.3655212,-46.26551602,268.2800053,-42.18000011,4.0,5.800000191,8.625000238,4.0,7.0,4.0,1.0,1.0,4.0,7.0,1992.0,58.87,9.6,0.238057389,0.31802607,both,True,58.87,9.6,58.87,Parus_major_58.87_9.6,7.445825977,1992.0,4.0,58.87,9.6,1992-04-01,1992-04-30,ECMWF/ERA5_LAND/DAILY_AGGR,,,,,,,,
258,76Krokene1998,Parus_major,Parus_major,Passeriformes,Paridae,"Tits, Chickadees, and Titmice",Parus_major,monogamy,yearly,great_tit,58.87,9.6,yes,DNA fingerprinting,1993,1993,April,July,25.0,2.0,6.0,8.0,258,9.6,1993,4.0,123.0,6.200000286,4.124137994,2.075862293,4.920000029,1.280000257,7.0,11.72500026,11.25086227,0.474137997,12.0950003,-0.370000041,4.0,36.60000229,51.06551812,-14.46551583,67.34000244,-30.74000015,253.3000031,272.3655212,-19.06551812,259.4200056,-6.120002556,4.0,7.800000191,8.225000024,4.0,7.0,4.0,1.0,1.0,4.0,7.0,1993.0,58.87,9.6,0.254411526,0.401174138,both,True,58.87,9.6,58.87,Parus_major_58.87_9.6,7.445825977,1993.0,4.0,58.87,9.6,1993-04-01,1993-04-30,ECMWF/ERA5_LAND/DAILY_AGGR,,,,,,,,
259,76Krokene1998,Parus_major,Parus_major,Passeriformes,Paridae,"Tits, Chickadees, and Titmice",Parus_major,monogamy,yearly,great_tit,58.87,9.6,yes,DNA fingerprinting,1994,1994,April,July,8.0,1.0,12.0,13.0,259,9.6,1994,4.0,123.0,6.099999905,4.124137994,1.975861911,5.420000076,0.679999828,7.0,12.22500002,11.25086227,0.974137758,11.99500027,0.229999757,4.0,57.10000229,51.06551812,6.034484173,60.62000198,-3.519999695,148.3000069,272.3655212,-124.0655143,234.3800039,-86.07999706,4.0,7.300000191,8.625000238,4.0,7.0,4.0,1.0,1.0,4.0,7.0,1994.0,58.87,9.6,0.088278495,0.284264345,both,True,58.87,9.6,58.87,Parus_major_58.87_9.6,7.445825977,1994.0,4.0,58.87,9.6,1994-04-01,1994-04-30,ECMWF/ERA5_LAND/DAILY_AGGR,,,,,,,,
260,76Krokene1998,Parus_major,Parus_major,Passeriformes,Paridae,"Tits, Chickadees, and Titmice",Parus_major,monogamy,yearly,great_tit,58.87,9.6,yes,DNA fingerprinting,1995,1995,April,July,31.0,4.0,9.0,13.0,260,9.6,1995,4.0,123.0,4.599999905,4.124137994,0.475861911,5.640000057,-1.040000153,7.0,11.35000026,11.25086227,0.099137997,12.03000019,-0.679999924,4.0,62.60000229,51.06551812,11.53448417,54.86000214,7.740000153,282.3000107,272.3655212,9.934489513,220.2400049,62.06000576,4.0,6.599999905,7.525000095,4.0,7.0,4.0,1.0,1.0,4.0,7.0,1995.0,58.87,9.6,0.209052391,0.311914528,both,True,58.87,9.6,58.87,Parus_major_58.87_9.6,7.445825977,1995.0,4.0,58.87,9.6,1995-04-01,1995-04-30,ECMWF/ERA5_LAND/DAILY_AGGR,,,,,,,,
261,433Strohbach1998,Parus_major,Parus_major,Passeriformes,Paridae,"Tits, Chickadees, and Titmice",Parus_major,monogamy,yearly,great_tit,51.42,7.65,yes,DNA fingerprinting,1993,1993,March,June,46.0,18.0,21.0,39.0,261,7.65,1993,3.0,125.0,4.400000095,3.77241385,0.627586246,6.140000153,-1.740000057,6.0,11.02500021,9.450000114,1.5750001,10.4200002,0.605000019,4.0,10.80000019,59.95517283,-49.15517264,67.14000168,-56.34000149,175.4000063,273.9034521,-98.50344576,234.3600063,-58.96000004,4.0,8.400000572,9.150000334,3.0,6.0,4.0,1.0,1.0,3.0,6.0,1993.0,51.42,7.65,0.329773447,0.475940283,both,True,51.42,7.65,51.42,Parus_major_51.42_7.65,209.3453487,1993.0,3.0,51.42,7.65,1993-03-01,1993-03-31,ECMWF/ERA5_LAND/DAILY_AGGR,4.2857646942024985,0.7387809706662138,1.119510853941435,22.90221009065263,8.0,4.69023910440427,12.21299870808923,3.7586808905284887
262,433Strohbach1998,Parus_major,Parus_major,Passeriformes,Paridae,"Tits, Chickadees, and Titmice",Parus_major,monogamy,yearly,great_tit,51.42,7.65,yes,DNA fingerprinting,1994,1994,March,June,33.0,13.0,26.0,39.0,262,7.65,1994,3.0,125.0,6.099999905,3.77241385,2.327586055,6.420000172,-0.320000267,6.0,10.30000031,9.450000114,0.850000195,10.66000018,-0.359999871,4.0,87.59999847,59.95517283,27.64482564,44.54000111,43.05999737,293.7999954,273.9034521,19.89654337,220.0000063,73.79998913,4.0,5.900000095,7.975000024,3.0,6.0,4.0,1.0,1.0,3.0,6.0,1994.0,51.42,7.65,0.321816357,0.511321852,both,True,51.42,7.65,51.42,Parus_major_51.42_7.65,209.3453487,1994.0,3.0,51.42,7.65,1994-03-01,1994-03-31,ECMWF/ERA5_LAND/DAILY_AGGR,30.89904268131249,4.488430396118212,6.155399685904763,139.14134227966457,21.0,6.813070777154764,10.429749806722045,2.677587210978924
263,458Yuta2016,Parus_major,Parus_major,Passeriformes,Paridae,"Tits, Chickadees, and Titmice",Parus_major,monogamy,yearly,great_tit,42.67,141.6,yes,microsatellite,2009,2009,May,July,3.8,4.0,99.0,103.0,263,141.6,2009,5.0,126.0,11.90000057,10.26551746,1.634483107,10.40000019,1.500000381,7.0,15.0,14.46321866,0.536781344,15.02666702,-0.026667023,3.0,77.0,91.81379529,-14.81379529,113.2600006,-36.26000061,537.0000153,329.4275917,207.5724236,317.1400047,219.8600105,3.0,9.0,7.166666667,5.0,7.0,3.0,1.0,1.0,5.0,7.0,2009.0,42.67,141.6,0.471054556,0.524388601,both,True,42.67,141.6,42.67,Parus_major_42.67_141.6,12.04998832,2009.0,5.0,42.67,141.6,2009-05-01,2009-05-31,ECMWF/ERA5_LAND/DAILY_AGGR,14.434812067463554,2.183083696406912,3.80981793565428,67.67559458861427,12.0,10.63714860895631,7.325276056925475,1.7064685006232505
264,458Yuta2016,Parus_major,Parus_major,Passeriformes,Paridae,"Tits, Chickadees, and Titmice",Parus_major,monogamy,yearly,great_tit,42.67,141.6,yes,microsatellite,2010,2010,May,July,13.0,12.0,80.0,92.0,264,141.6,2010,5.0,126.0,9.800000191,10.26551746,-0.465517274,10.44000034,-0.640000153,7.0,15.70000045,14.46321866,1.236781789,14.82000027,0.880000178,3.0,120.5,91.81379529,28.68620471,100.2600006,20.23999939,436.0,329.4275917,106.5724083,353.6000053,82.39999466,3.0,7.700000286,7.133333524,5.0,7.0,3.0,1.0,1.0,5.0,7.0,2010.0,42.67,141.6,0.482297716,0.613285261,both,True,42.67,141.6,42.67,Parus_major_42.67_141.6,12.04998832,2010.0,5.0,42.67,141.6,2010-05-01,2010-05-31,ECMWF/ERA5_LAND/DAILY_AGGR,34.67118740081787,4.841593122385746,8.176930729138835,150.0893867939581,13.0,9.38797972074121,4.933673222859682,1.464782240371602
265,231Yin2014,Parus_varius,Sittiparus_varius,Passeriformes,Paridae,"Tits, Chickadees, and Titmice",Parus_varius,monogamy,yearly,varied_tit,40.02,122.93,yes,microsatellite,2009,2009,March,July,50.0,5.0,5.0,10.0,265,122.93,2009,3.0,127.0,0.5,-0.362068973,0.862068973,0.660000034,-0.160000034,7.0,13.32000027,12.81379329,0.506206974,13.46000023,-0.139999961,5.0,10.19999981,14.9103451,-4.710345293,18.04000021,-7.840000403,428.400012,414.7965591,13.60345289,445.6600098,-17.25999781,5.0,8.199999809,8.240000153,3.0,7.0,5.0,1.0,1.0,3.0,7.0,2009.0,40.02,122.93,0.222324656,0.267436112,both,True,40.02,122.93,40.02,Parus_varius_40.02_122.93,39.50131593,2009.0,3.0,40.02,122.93,2009-03-01,2009-03-31,ECMWF/ERA5_LAND/DAILY_AGGR,6.609538197437814,0.5765734572671664,1.5713768573394946,17.873777175282157,4.0,1.0199521054503973,12.595877329508426,2.737445903903507
266,231Yin2014,Parus_varius,Sittiparus_varius,Passeriformes,Paridae,"Tits, Chickadees, and Titmice",Parus_varius,monogamy,yearly,varied_tit,40.02,122.93,yes,microsatellite,2010,2010,March,July,33.3,4.0,8.0,12.0,266,122.93,2010,3.0,127.0,-1.0,-0.362068973,-0.637931027,0.540000029,-1.540000029,7.0,12.40000019,12.81379329,-0.413793102,13.33200025,-0.932000059,5.0,32.70000076,14.9103451,17.78965566,18.92000014,13.78000063,425.5999985,414.7965591,10.80343935,442.3400128,-16.74001433,5.0,6.900000095,7.08000021,3.0,7.0,5.0,1.0,1.0,3.0,7.0,2010.0,40.02,122.93,0.203390804,0.28804209,both,True,40.02,122.93,40.02,Parus_varius_40.02_122.93,39.50131593,2010.0,3.0,40.02,122.93,2010-03-01,2010-03-31,ECMWF/ERA5_LAND/DAILY_AGGR,15.142935514347757,1.0672747998478096,3.259784342682832,33.0855187952821,4.0,-0.3915158056443473,12.485557556152344,2.962270822059805
267,231Yin2014,Parus_varius,Sittiparus_varius,Passeriformes,Paridae,"Tits, Chickadees, and Titmice",Parus_varius,monogamy,yearly,varied_tit,40.02,122.93,yes,microsatellite,2011,2011,March,July,38.9,7.0,11.0,18.0,267,122.93,2011,3.0,127.0,-0.800000012,-0.362068973,-0.437931039,0.500000031,-1.300000043,7.0,12.82000011,12.81379329,0.006206819,13.14000027,-0.320000161,5.0,1.800000072,14.9103451,-13.11034503,25.30000029,-23.50000021,369.3000001,414.7965591,-45.49655906,420.8400088,-51.54000876,5.0,8.199999809,7.780000114,3.0,7.0,5.0,1.0,1.0,3.0,7.0,2011.0,40.02,122.93,0.198587961,0.214355238,both,True,40.02,122.93,40.02,Parus_varius_40.02_122.93,39.50131593,2011.0,3.0,40.02,122.93,2011-03-01,2011-03-31,ECMWF/ERA5_LAND/DAILY_AGGR,0.3111183643227377,0.0379474195958371,0.0842837594112609,1.1763700074709504,0.0,0.8078942124561782,14.15623410542804,3.2458882507264453
268,63Bichet2014,Passer_domesticus,Passer_domesticus,Passeriformes,Passeridae,Old World Sparrows,Passer_domesticus,monogamy,yearly,house_sparrow,47.33,-2.87,yes,microsatellite,2009,2009,April,June,64.3,10.0,5.0,15.0,268,-2.87,2009,4.0,128.0,,,,,,6.0,,,,,,3.0,,,,,,,,,,,3.0,,,4.0,6.0,3.0,1.0,1.0,4.0,6.0,2009.0,47.33,-2.87,,0.2931,both,True,47.33,-2.87,47.33,Passer_domesticus_47.33_-2.87,21.77731399,2009.0,4.0,47.33,-2.87,2009-04-01,2009-04-30,ECMWF/ERA5_LAND/DAILY_AGGR,,,,,,,,
269,63Bichet2014,Passer_domesticus,Passer_domesticus,Passeriformes,Passeridae,Old World Sparrows,Passer_domesticus,monogamy,yearly,house_sparrow,47.33,-2.87,yes,microsatellite,2010,2010,April,June,57.7,23.0,17.0,40.0,269,-2.87,2010,4.0,128.0,,,,,,6.0,,,,,,3.0,,,,,,,,,,,3.0,,,4.0,6.0,3.0,1.0,1.0,4.0,6.0,2010.0,47.33,-2.87,0.12004,0.1196,both,True,47.33,-2.87,47.33,Passer_domesticus_47.33_-2.87,21.77731399,2010.0,4.0,47.33,-2.87,2010-04-01,2010-04-30,ECMWF/ERA5_LAND/DAILY_AGGR,,,,,,,,
270,63Bichet2014,Passer_domesticus,Passer_domesticus,Passeriformes,Passeridae,Old World Sparrows,Passer_domesticus,monogamy,yearly,house_sparrow,47.33,-2.87,yes,microsatellite,2011,2011,April,June,69.0,34.0,15.0,49.0,270,-2.87,2011,4.0,128.0,,,,,,6.0,,,,,,3.0,,,,,,,,,,,3.0,,,4.0,6.0,3.0,1.0,1.0,4.0,6.0,2011.0,47.33,-2.87,0.1644,0.172429155,both,True,47.33,-2.87,47.33,Passer_domesticus_47.33_-2.87,21.77731399,2011.0,4.0,47.33,-2.87,2011-04-01,2011-04-30,ECMWF/ERA5_LAND/DAILY_AGGR,,,,,,,,
271,406Griffith1999,Passer_domesticus,Passer_domesticus,Passeriformes,Passeridae,Old World Sparrows,Passer_domesticus,monogamy,yearly,house_sparrow,51.0,-4.0,yes,microsatellite,1995,1995,April,July,5.3,2.0,36.0,38.0,271,-4.0,1995,4.0,129.0,8.699999809,7.803448398,0.896551412,8.200000095,0.499999714,7.0,13.0250001,11.87068982,1.15431028,12.38500021,0.63999989,4.0,46.70000076,80.78276072,-34.08275996,101.1400017,-54.44000092,162.1000023,301.3965588,-139.2965565,323.1200068,-161.0200045,4.0,7.0,8.100000143,4.0,7.0,4.0,1.0,1.0,4.0,7.0,1995.0,51.0,-4.0,0.666653413,0.684680401,both,True,51.0,-4.0,51.0,Passer_domesticus_51_-4,20.279081,1995.0,4.0,51.0,-4.0,1995-04-01,1995-04-30,ECMWF/ERA5_LAND/DAILY_AGGR,12.126073241233826,1.2647069017695856,2.5996612968447845,37.94120705308757,8.0,8.585008049011256,7.580617904663086,1.7318101530772627
272,406Griffith1999,Passer_domesticus,Passer_domesticus,Passeriformes,Passeridae,Old World Sparrows,Passer_domesticus,monogamy,yearly,house_sparrow,51.0,-4.0,yes,microsatellite,1996,1996,April,July,2.7,2.0,72.0,74.0,272,-4.0,1996,4.0,129.0,8.199999809,7.803448398,0.396551412,8.340000057,-0.140000248,7.0,11.70000005,11.87068982,-0.170689768,12.44500015,-0.7450001,4.0,99.30000305,80.78276072,18.51724233,99.86000137,-0.559998322,266.9000092,301.3965588,-34.49654967,310.7000059,-43.79999676,4.0,7.0,7.950000048,4.0,7.0,4.0,1.0,1.0,4.0,7.0,1996.0,51.0,-4.0,0.693180048,0.695800394,both,True,51.0,-4.0,51.0,Passer_domesticus_51_-4,20.279081,1996.0,4.0,51.0,-4.0,1996-04-01,1996-04-30,ECMWF/ERA5_LAND/DAILY_AGGR,13.82489204399917,2.147862694818059,3.215395162168654,64.43588084454177,12.0,8.118469980027962,7.571733474731445,1.959156098659412
273,406Griffith1999,Passer_domesticus,Passer_domesticus,Passeriformes,Passeridae,Old World Sparrows,Passer_domesticus,monogamy,yearly,house_sparrow,35.7,-83.2,yes,microsatellite,1995,1995,March,August,39.3,11.0,17.0,28.0,273,-83.2,1995,3.0,130.0,8.800000191,7.151724281,1.64827591,7.240000153,1.560000038,8.0,17.38333352,16.42471287,0.958620654,16.77000027,0.613333257,6.0,93.09999847,141.451727,-48.35172851,188.240004,-95.14000549,700.7000084,734.2551861,-33.55517769,805.6000221,-104.9000137,6.0,15.30000019,13.80000003,3.0,8.0,6.0,1.0,1.0,3.0,8.0,1995.0,35.7,-83.2,0.512914172,0.525792479,both,True,35.7,-83.2,35.7,Passer_domesticus_35.7_-83.2,423.6535173,1995.0,3.0,35.7,-83.2,1995-03-01,1995-03-31,ECMWF/ERA5_LAND/DAILY_AGGR,46.77106738080283,3.331086846961904,8.781905589212638,103.263692255819,9.0,6.719545085455802,20.029097874959348,4.213683184093396
274,406Griffith1999,Passer_domesticus,Passer_domesticus,Passeriformes,Passeridae,Old World Sparrows,Passer_domesticus,monogamy,yearly,house_sparrow,35.7,-83.2,yes,microsatellite,1996,1996,March,August,17.9,5.0,23.0,28.0,274,-83.2,1996,3.0,130.0,4.200000286,7.151724281,-2.951723995,7.200000191,-2.999999905,8.0,15.90000002,16.42471287,-0.524712854,16.87000027,-0.970000251,6.0,121.0999985,141.451727,-20.35172851,171.5000031,-50.40000458,719.2000198,734.2551861,-15.05516624,808.1000206,-88.90000076,6.0,13.30000019,13.01666689,3.0,8.0,6.0,1.0,1.0,3.0,8.0,1996.0,35.7,-83.2,0.496318498,0.531513281,both,True,35.7,-83.2,35.7,Passer_domesticus_35.7_-83.2,423.6535173,1996.0,3.0,35.7,-83.2,1996-03-01,1996-03-31,ECMWF/ERA5_LAND/DAILY_AGGR,25.53961277004646,4.792454004150647,6.548574705261943,148.56607412867007,16.0,2.486690078243152,20.115800857543945,5.459095371287853
275,464Ferretti2016,Tachycineta_meyeni,Tachycineta_leucopyga,Passeriformes,Hirundinidae,Swallows,Tachycineta_meyeni,monogamy,yearly,Chilean_swallow,-54.73,-68.2,yes,microsatellite,2006,2007,October,January,0.0,,,,275,-68.2,2006,10.0,131.0,5.900000095,5.010344933,0.889655163,4.720000124,1.179999971,1.0,7.300000191,6.961207012,0.338793179,6.830000174,0.470000017,4.0,29.0,36.02069026,-7.02069026,36.62000084,-7.620000839,155.2000027,163.1137961,-7.913793399,171.0600029,-15.86000023,4.0,10.10000038,9.125000358,10.0,1.0,4.0,1.0,1.0,10.0,1.0,2006.0,-54.73,-68.2,0.264157789,0.489365116,both,True,-54.73,-68.2,54.73,Tachycineta_meyeni_-54.73_-68.2,9.823364436,2006.0,10.0,-54.73,-68.2,2006-10-01,2006-10-31,ECMWF/ERA5_LAND/DAILY_AGGR,9.069502352758718,2.0354475226264137,1.93748863258079,63.098873201418826,20.0,3.3192657429685126,6.071016947428404,1.7790453526791443
276,464Ferretti2016,Tachycineta_meyeni,Tachycineta_leucopyga,Passeriformes,Hirundinidae,Swallows,Tachycineta_meyeni,monogamy,yearly,Chilean_swallow,-54.73,-68.2,yes,microsatellite,2007,2008,October,January,0.0,,,,276,-68.2,2007,10.0,131.0,4.800000191,5.010344933,-0.210344742,4.760000086,0.040000105,1.0,6.575000167,6.961207012,-0.386206845,6.875000155,-0.299999988,4.0,30.10000038,36.02069026,-5.920689879,38.96000061,-8.860000229,160.3000011,163.1137961,-2.813794925,172.9000027,-12.60000153,4.0,8.900000572,8.825000286,10.0,1.0,4.0,1.0,1.0,10.0,1.0,2007.0,-54.73,-68.2,0.278576247,0.461931699,both,True,-54.73,-68.2,54.73,Tachycineta_meyeni_-54.73_-68.2,9.823364436,2007.0,10.0,-54.73,-68.2,2007-10-01,2007-10-31,ECMWF/ERA5_LAND/DAILY_AGGR,9.408629013080372,2.4527796530667083,2.258880186920006,76.03616924506795,21.0,1.189483630272669,5.832101821899414,1.5222352155263188
277,464Ferretti2016,Tachycineta_meyeni,Tachycineta_leucopyga,Passeriformes,Hirundinidae,Swallows,Tachycineta_meyeni,monogamy,yearly,Chilean_swallow,-54.73,-68.2,yes,microsatellite,2008,2009,October,January,15.8,3.0,16.0,19.0,277,-68.2,2008,10.0,131.0,5.700000286,5.010344933,0.689655353,4.980000114,0.720000172,1.0,7.650000095,6.961207012,0.688793084,6.885000134,0.764999962,4.0,24.20000076,36.02069026,-11.8206895,33.10000038,-8.899999619,131.0000019,163.1137961,-32.11379416,169.6400021,-38.64000015,4.0,8.400000572,9.325000286,10.0,1.0,4.0,1.0,1.0,10.0,1.0,2008.0,-54.73,-68.2,0.258709132,0.417511702,both,True,-54.73,-68.2,54.73,Tachycineta_meyeni_-54.73_-68.2,9.823364436,2008.0,10.0,-54.73,-68.2,2008-10-01,2008-10-31,ECMWF/ERA5_LAND/DAILY_AGGR,11.061177981275703,2.225533988888835,2.546543504799933,68.99155365555387,15.0,2.9196570283623373,9.50714874267578,2.255474960277525
278,464Ferretti2016,Tachycineta_meyeni,Tachycineta_leucopyga,Passeriformes,Hirundinidae,Swallows,Tachycineta_meyeni,monogamy,yearly,Chilean_swallow,-54.73,-68.2,yes,microsatellite,2009,2010,October,January,14.8,4.0,23.0,27.0,278,-68.2,2009,10.0,131.0,3.900000095,5.010344933,-1.110344837,5.240000153,-1.340000057,1.0,6.00000006,6.961207012,-0.961206952,7.185000134,-1.185000074,4.0,27.20000076,36.02069026,-8.820689497,30.10000038,-2.899999619,103.1000023,163.1137961,-60.01379378,154.1400024,-51.04000015,4.0,9.600000381,9.175000191,10.0,1.0,4.0,1.0,1.0,10.0,1.0,2009.0,-54.73,-68.2,0.124329508,0.397280354,both,True,-54.73,-68.2,54.73,Tachycineta_meyeni_-54.73_-68.2,9.823364436,2009.0,10.0,-54.73,-68.2,2009-10-01,2009-10-31,ECMWF/ERA5_LAND/DAILY_AGGR,14.314714786735294,2.4291514496108526,3.1416424074211697,75.30369493793643,19.0,0.4218273860152283,4.80600611368817,1.3661515069638026
279,405Griffith2010,Taeniopygia_guttata,Taeniopygia_guttata,Passeriformes,Estrildidae,Waxbills and Allies,Taeniopygia_guttata,monogamy,yearly,zebra_finch,-31.08,142.7,yes,microsatellite,2005,2005,August,December,0.0,0.0,12.0,12.0,279,142.7,2005,8.0,132.0,12.30000019,11.81379325,0.486206943,12.36000023,-0.060000038,12.0,20.12000027,18.84551751,1.274482753,19.77600033,0.343999939,5.0,16.89999962,27.09655244,-10.19655282,29.02000065,-12.12000103,138.7000017,130.1724166,8.527585165,118.8400021,19.85999965,5.0,13.5,14.70000019,8.0,12.0,5.0,1.0,1.0,8.0,12.0,2005.0,-31.08,142.7,0.282113366,0.222445797,both,True,-31.08,142.7,31.08,Taeniopygia_guttata_-31.08_142.7,489.2477257,2005.0,8.0,-31.08,142.7,2005-08-01,2005-08-31,ECMWF/ERA5_LAND/DAILY_AGGR,9.048527479137649,0.5215226713221592,1.7894764468703397,16.167202810986936,2.0,12.174840935327696,14.007617950439451,3.898659539281354
280,405Griffith2010,Taeniopygia_guttata,Taeniopygia_guttata,Passeriformes,Estrildidae,Waxbills and Allies,Taeniopygia_guttata,monogamy,yearly,zebra_finch,-31.08,142.7,yes,microsatellite,2006,2006,August,December,7.14,1.0,13.0,14.0,280,142.7,2006,8.0,132.0,13.30000019,11.81379325,1.486206943,12.36000023,0.939999962,12.0,20.82000027,18.84551751,1.974482753,19.79600025,1.024000015,5.0,0.800000012,27.09655244,-26.29655243,27.50000057,-26.70000056,34.29999977,130.1724166,-95.87241678,114.7000025,-80.40000271,5.0,15.60000038,15.6800005,8.0,12.0,5.0,1.0,1.0,8.0,12.0,2006.0,-31.08,142.7,0.260422819,0.208304553,both,True,-31.08,142.7,31.08,Taeniopygia_guttata_-31.08_142.7,489.2477257,2006.0,8.0,-31.08,142.7,2006-08-01,2006-08-31,ECMWF/ERA5_LAND/DAILY_AGGR,1.0403394697959811,0.0682309386042612,0.2018903261219541,2.1151590967321,1.0,13.466862327821818,11.457035064697266,2.770972963155259
281,405Griffith2010,Taeniopygia_guttata,Taeniopygia_guttata,Passeriformes,Estrildidae,Waxbills and Allies,Taeniopygia_guttata,monogamy,yearly,zebra_finch,-31.08,142.7,yes,microsatellite,2007,2007,August,December,5.3,1.0,18.0,19.0,281,142.7,2007,8.0,132.0,13.80000019,11.81379325,1.986206943,12.62000027,1.179999924,12.0,20.64000034,18.84551751,1.79448283,20.18800026,0.452000084,5.0,7.5,27.09655244,-19.59655244,25.96000057,-18.46000057,96.30000079,130.1724166,-33.87241576,102.8400018,-6.540001023,5.0,15.19999981,14.75999985,8.0,12.0,5.0,1.0,1.0,8.0,12.0,2007.0,-31.08,142.7,0.257025486,0.213360836,both,True,-31.08,142.7,31.08,Taeniopygia_guttata_-31.08_142.7,489.2477257,2007.0,8.0,-31.08,142.7,2007-08-01,2007-08-31,ECMWF/ERA5_LAND/DAILY_AGGR,5.988195538520813,0.2151955592935447,1.059088959446791,6.671062338099887,1.0,13.64894734454414,12.179270426432254,3.2494164137142523
282,447Burg2006,Thalassarche_chrysostoma,Thalassarche_chrysostoma,Procellariiformes,Diomedeidae,Albatrosses,Thalassarche_chrysostoma,monogamy,yearly,grey-headed_albatross,-54.0,-38.0,,microsatellite,1998,1998,October,October,2.9,1.0,33.0,34.0,282,-38.0,1998,10.0,94.0,1.300000072,0.972413814,0.327586258,0.720000023,0.580000049,10.0,1.300000072,0.972413814,0.327586258,0.720000023,0.580000049,1.0,110.3000031,110.3000031,0.0,110.3000031,0.0,110.3000031,110.3000031,0.0,110.3000031,0.0,1.0,6.400000095,6.400000095,10.0,10.0,1.0,1.0,1.0,10.0,10.0,1998.0,-54.0,-38.0,,,both,True,-54.0,-38.0,54.0,Thalassarche_chrysostoma_-54_-38,0.534231948,1998.0,10.0,-54.0,-38.0,1998-10-01,1998-10-31,ECMWF/ERA5_LAND/DAILY_AGGR,,,,,,,,
283,447Burg2006,Thalassarche_chrysostoma,Thalassarche_chrysostoma,Procellariiformes,Diomedeidae,Albatrosses,Thalassarche_chrysostoma,monogamy,yearly,grey-headed_albatross,-54.0,-38.0,,microsatellite,1999,1999,October,October,10.2,5.0,44.0,49.0,283,-38.0,1999,10.0,94.0,1.300000072,0.972413814,0.327586258,0.820000035,0.480000037,10.0,1.300000072,0.972413814,0.327586258,0.820000035,0.480000037,1.0,110.3000031,110.3000031,0.0,110.3000031,0.0,110.3000031,110.3000031,0.0,110.3000031,0.0,1.0,6.400000095,6.400000095,10.0,10.0,1.0,1.0,1.0,10.0,10.0,1999.0,-54.0,-38.0,,,both,True,-54.0,-38.0,54.0,Thalassarche_chrysostoma_-54_-38,0.534231948,1999.0,10.0,-54.0,-38.0,1999-10-01,1999-10-31,ECMWF/ERA5_LAND/DAILY_AGGR,,,,,,,,
284,447Burg2006,Thalassarche_melanophrys,Thalassarche_melanophris,Procellariiformes,Diomedeidae,Albatrosses,Thalassarche_melanophrys,monogamy,yearly,black-browed_albatross,-54.0,-38.0,no,microsatellite,1998,1998,October,November,0.0,0.0,21.0,21.0,284,-38.0,1998,10.0,94.0,1.300000072,0.972413814,0.327586258,0.720000023,0.580000049,11.0,2.00000006,1.532758643,0.467241416,1.470000038,0.530000022,2.0,110.3000031,110.3000031,0.0,110.3000031,0.0,205.6000061,205.6000061,0.0,205.6000061,0.0,2.0,6.400000095,6.400000095,10.0,11.0,2.0,1.0,1.0,10.0,11.0,1998.0,-54.0,-38.0,,,both,True,-54.0,-38.0,54.0,Thalassarche_melanophrys_-54_-38,0.534231948,1998.0,10.0,-54.0,-38.0,1998-10-01,1998-10-31,ECMWF/ERA5_LAND/DAILY_AGGR,,,,,,,,
285,447Burg2006,Thalassarche_melanophrys,Thalassarche_melanophris,Procellariiformes,Diomedeidae,Albatrosses,Thalassarche_melanophrys,monogamy,yearly,black-browed_albatross,-54.0,-38.0,no,microsatellite,1999,1999,October,November,7.1,4.0,56.0,60.0,285,-38.0,1999,10.0,94.0,1.300000072,0.972413814,0.327586258,0.820000035,0.480000037,11.0,1.900000036,1.532758643,0.367241393,1.530000034,0.370000002,2.0,110.3000031,110.3000031,0.0,110.3000031,0.0,205.6000061,205.6000061,0.0,205.6000061,0.0,2.0,6.400000095,6.400000095,10.0,11.0,2.0,1.0,1.0,10.0,11.0,1999.0,-54.0,-38.0,,,both,True,-54.0,-38.0,54.0,Thalassarche_melanophrys_-54_-38,0.534231948,1999.0,10.0,-54.0,-38.0,1999-10-01,1999-10-31,ECMWF/ERA5_LAND/DAILY_AGGR,,,,,,,,
286,157Cramer2011,Thryothorus_pleurostictus,Thryophilus_pleurostictus,Passeriformes,Troglodytidae,Wrens,Thryothorus_pleurostictus,monogamy,yearly,banded_wren,10.67,-85.5,yes,SNPs,2002,2002,April,August,0.0,0.0,5.0,5.0,286,-85.5,2002,4.0,133.0,27.39999962,27.0310348,0.36896482,27.44000015,-0.040000534,8.0,26.6,25.99931071,0.600689289,26.52000031,0.079999695,5.0,12.60000038,40.03103518,-27.4310348,50.30000153,-37.70000114,978.0000248,1124.431054,-146.4310293,1010.740016,-32.73999138,5.0,9.199999809,8.140000057,4.0,8.0,5.0,1.0,1.0,4.0,8.0,2002.0,10.67,-85.5,0.411167205,0.448237306,both,True,10.67,-85.5,10.67,Thryothorus_pleurostictus_10.67_-85.5,18.24642366,2002.0,4.0,10.67,-85.5,2002-04-01,2002-04-30,ECMWF/ERA5_LAND/DAILY_AGGR,0.3485945127863488,0.0740668954512339,0.0848881897782566,2.2220068635370183,0.0,27.68863078223337,1.2113018035888672,0.3193654220352166
287,157Cramer2011,Thryothorus_pleurostictus,Thryophilus_pleurostictus,Passeriformes,Troglodytidae,Wrens,Thryothorus_pleurostictus,monogamy,yearly,banded_wren,10.67,-85.5,yes,SNPs,2003,2003,April,August,10.5,2.0,17.0,19.0,287,-85.5,2003,4.0,133.0,27.70000076,27.0310348,0.668965964,27.44000015,0.26000061,8.0,26.72000046,25.99931071,0.720689747,26.49600029,0.224000168,5.0,72.30000305,40.03103518,32.26896787,36.68000069,35.62000237,1102.000046,1124.431054,-22.43100829,1036.540017,65.46002922,5.0,9.199999809,8.140000057,4.0,8.0,5.0,1.0,1.0,4.0,8.0,2003.0,10.67,-85.5,0.444164426,0.464079848,both,True,10.67,-85.5,10.67,Thryothorus_pleurostictus_10.67_-85.5,18.24642366,2003.0,4.0,10.67,-85.5,2003-04-01,2003-04-30,ECMWF/ERA5_LAND/DAILY_AGGR,8.485615253448486,1.0497656047451898,1.8434447556082327,31.492968142355693,9.0,28.121523475646992,3.677748362223269,0.8064795556311675
288,157Cramer2011,Thryothorus_pleurostictus,Thryophilus_pleurostictus,Passeriformes,Troglodytidae,Wrens,Thryothorus_pleurostictus,monogamy,yearly,banded_wren,10.67,-85.5,yes,SNPs,2004,2004,April,August,10.0,1.0,9.0,10.0,288,-85.5,2004,4.0,133.0,27.39999962,27.0310348,0.36896482,27.36000023,0.03999939,8.0,26.44000015,25.99931071,0.440689442,26.45600037,-0.016000214,5.0,28.89999962,40.03103518,-11.13103556,46.76000137,-17.86000175,1126.400015,1124.431054,1.968960807,1025.400025,100.9999897,5.0,9.199999809,8.140000057,4.0,8.0,5.0,1.0,1.0,4.0,8.0,2004.0,10.67,-85.5,0.430296034,0.436008466,both,True,10.67,-85.5,10.67,Thryothorus_pleurostictus_10.67_-85.5,18.24642366,2004.0,4.0,10.67,-85.5,2004-04-01,2004-04-30,ECMWF/ERA5_LAND/DAILY_AGGR,2.438831329243385,0.359726549342317,0.5694264966856192,10.791796480269513,4.0,28.088239606221546,3.31355094909668,0.9325066740770366
289,157Cramer2011,Thryothorus_pleurostictus,Thryophilus_pleurostictus,Passeriformes,Troglodytidae,Wrens,Thryothorus_pleurostictus,monogamy,yearly,banded_wren,10.67,-85.5,yes,SNPs,2005,2005,April,August,12.5,2.0,14.0,16.0,289,-85.5,2005,4.0,133.0,27.70000076,27.0310348,0.668965964,27.42000008,0.280000687,8.0,26.74000053,25.99931071,0.740689824,26.52000031,0.220000229,5.0,29.70000076,40.03103518,-10.33103442,37.28000069,-7.579999924,905.8000069,1124.431054,-218.6310472,1032.760024,-126.960017,5.0,9.199999809,8.140000057,4.0,8.0,5.0,1.0,1.0,4.0,8.0,2005.0,10.67,-85.5,0.385998159,0.392844075,both,True,10.67,-85.5,10.67,Thryothorus_pleurostictus_10.67_-85.5,18.24642366,2005.0,4.0,10.67,-85.5,2005-04-01,2005-04-30,ECMWF/ERA5_LAND/DAILY_AGGR,5.044671893017494,0.5265780957864526,1.1793242492334888,15.797342873593578,3.0,28.972872797648133,2.927339553833008,0.812298345748653
290,47Stutchbury1998,Turdus_grayi,Turdus_grayi,Passeriformes,Turdidae,Thrushes and Allies,Turdus_grayi,monogamy,yearly,clay-colored_robin,9.12,-79.7,no,DNA fingerprinting,1994,1994,January,March,50.0,4.0,4.0,8.0,290,-79.7,1994,1.0,134.0,25.39999962,25.50000026,-0.100000645,25.65999985,-0.260000229,3.0,26.10000038,26.12758647,-0.027586093,26.07333349,0.026666896,3.0,62.70000076,69.6965532,-6.996552434,65.96000137,-3.26000061,119.6000004,131.2344854,-11.63448505,128.0400017,-8.440001297,3.0,6.700000286,7.000000159,1.0,3.0,3.0,1.0,1.0,1.0,3.0,1994.0,9.12,-79.7,0.612027168,0.602727048,both,True,9.12,-79.7,9.12,Turdus_grayi_9.12_-79.7,26.82096642,1994.0,1.0,9.12,-79.7,1994-01-01,1994-01-31,ECMWF/ERA5_LAND/DAILY_AGGR,6.169560551541053,1.1580751072366016,1.172699815944277,35.90032832433465,12.0,25.156954147995183,1.3464864095051894,0.3461506847645892
291,47Stutchbury1998,Turdus_grayi,Turdus_grayi,Passeriformes,Turdidae,Thrushes and Allies,Turdus_grayi,monogamy,yearly,clay-colored_robin,9.12,-79.7,no,DNA fingerprinting,1995,1995,January,March,54.54,6.0,5.0,11.0,291,-79.7,1995,1.0,134.0,26.10000038,25.50000026,0.600000118,25.65999985,0.440000534,3.0,26.50000064,26.12758647,0.372414161,26.21333364,0.286666997,3.0,63.29999924,69.6965532,-6.39655396,65.22000122,-1.920001984,125.2999992,131.2344854,-5.934486192,125.9400017,-0.640002441,3.0,6.700000286,7.000000159,1.0,3.0,3.0,1.0,1.0,1.0,3.0,1995.0,9.12,-79.7,0.617803101,0.597151006,both,True,9.12,-79.7,9.12,Turdus_grayi_9.12_-79.7,26.82096642,1995.0,1.0,9.12,-79.7,1995-01-01,1995-01-31,ECMWF/ERA5_LAND/DAILY_AGGR,4.011407494601826,1.1316012548208634,1.0011548513985236,35.07963889944676,13.0,25.678653068952688,1.9588680267333984,0.4538849599468199
292,140Roeder2016,Tyrannus_forficatus,Tyrannus_forficatus,Passeriformes,Tyrannidae,Tyrant Flycatchers,Tyrannus_forficatus,monogamy,yearly,scissor-tailed_flycatchers,34.77,-98.48,no,microsatellite,2008,2008,April,August,40.0,2.0,3.0,5.0,292,-98.48,2008,4.0,135.0,15.80000019,16.60689689,-0.806896703,16.92000046,-1.120000267,8.0,24.00000019,23.83241407,0.167586116,24.04800041,-0.048000221,5.0,93.59999847,59.41379439,34.18620409,46.05999985,47.53999863,459.8000031,391.4862134,68.31378962,457.640011,2.159992027,5.0,14.69999981,13.46000004,4.0,8.0,5.0,1.0,1.0,4.0,8.0,2008.0,34.77,-98.48,0.429511156,0.486843547,both,True,34.77,-98.48,34.77,Tyrannus_forficatus_34.77_-98.48,650.4620584,2008.0,4.0,34.77,-98.48,2008-04-01,2008-04-30,ECMWF/ERA5_LAND/DAILY_AGGR,55.36274313919876,3.883028327760485,11.598034396132997,116.49084983281456,11.0,16.366468471950984,13.04084587097168,4.064786802073709
293,140Roeder2016,Tyrannus_forficatus,Tyrannus_forficatus,Passeriformes,Tyrannidae,Tyrant Flycatchers,Tyrannus_forficatus,monogamy,yearly,scissor-tailed_flycatchers,34.77,-98.48,no,microsatellite,2009,2009,April,August,63.0,5.0,3.0,8.0,293,-98.48,2009,4.0,135.0,16.0,16.60689689,-0.606896894,16.64000034,-0.640000343,8.0,23.8,23.83241407,-0.032414075,24.0360004,-0.236000404,5.0,111.5999985,59.41379439,52.18620409,56.01999969,55.57999878,446.400013,391.4862134,54.91379954,474.1800106,-27.77999763,5.0,14.30000019,13.28000011,4.0,8.0,5.0,1.0,1.0,4.0,8.0,2009.0,34.77,-98.48,0.356235681,0.499228561,both,True,34.77,-98.48,34.77,Tyrannus_forficatus_34.77_-98.48,650.4620584,2009.0,4.0,34.77,-98.48,2009-04-01,2009-04-30,ECMWF/ERA5_LAND/DAILY_AGGR,38.91099448810564,3.69203444369326,8.36095034476038,110.7610333107978,9.0,16.48860836029055,18.447731653849303,4.545835101933712
294,140Roeder2016,Tyrannus_forficatus,Tyrannus_forficatus,Passeriformes,Tyrannidae,Tyrant Flycatchers,Tyrannus_forficatus,monogamy,yearly,scissor-tailed_flycatchers,34.77,-98.48,no,microsatellite,2010,2010,April,August,62.0,8.0,5.0,13.0,294,-98.48,2010,4.0,135.0,17.5,16.60689689,0.893103106,16.54000034,0.959999657,8.0,25.14000053,23.83241407,1.307586459,24.17600033,0.964000206,5.0,68.80000305,59.41379439,9.386208666,66.67999954,2.12000351,382.8000088,391.4862134,-8.686204655,476.9400108,-94.14000206,5.0,12.80000019,12.68000031,4.0,8.0,5.0,1.0,1.0,4.0,8.0,2010.0,34.77,-98.48,0.438601235,0.492831352,both,True,34.77,-98.48,34.77,Tyrannus_forficatus_34.77_-98.48,650.4620584,2010.0,4.0,34.77,-98.48,2010-04-01,2010-04-30,ECMWF/ERA5_LAND/DAILY_AGGR,26.16849839677116,2.6145399225356414,6.07011954894212,78.43619767606924,9.0,17.593467670016842,13.019317626953123,3.685619548428155
295,140Roeder2016,Tyrannus_forficatus,Tyrannus_forficatus,Passeriformes,Tyrannidae,Tyrant Flycatchers,Tyrannus_forficatus,monogamy,yearly,scissor-tailed_flycatchers,34.77,-98.48,no,microsatellite,2011,2011,April,August,28.0,5.0,13.0,18.0,295,-98.48,2011,4.0,135.0,18.80000114,16.60689689,2.193104251,16.74000034,2.060000801,8.0,26.22000084,23.83241407,2.387586765,24.3880003,1.832000542,5.0,42.79999924,59.41379439,-16.61379515,78.44000015,-35.64000092,284.2999954,391.4862134,-107.186218,472.2800083,-187.9800129,5.0,15.69999981,14.92000027,4.0,8.0,5.0,1.0,1.0,4.0,8.0,2011.0,34.77,-98.48,0.359293592,0.414160771,both,True,34.77,-98.48,34.77,Tyrannus_forficatus_34.77_-98.48,650.4620584,2011.0,4.0,34.77,-98.48,2011-04-01,2011-04-30,ECMWF/ERA5_LAND/DAILY_AGGR,23.737648129458226,1.2642406141979496,4.428168439724415,37.92721842593849,4.0,19.86868794759117,14.112998326619447,4.0818894751085
296,1Dolan2000,Tyrannus_tyrannus,Tyrannus_tyrannus,Passeriformes,Tyrannidae,Tyrant Flycatchers,Tyrannus_tyrannus,monogamy,yearly,Eastern_kingbird,43.0,-119.0,no,microsatellite,2002,2002,May,August,25.0,15.0,45.0,60.0,296,-119.0,2002,5.0,136.0,9.600000381,9.151724306,0.448276076,10.16000004,-0.559999657,8.0,15.42500019,14.36206923,1.062930958,15.10000033,0.324999857,4.0,10.0,32.44137991,-22.44137991,34.90000095,-24.90000095,31.80000091,90.50689797,-58.70689706,76.00000135,-44.20000044,4.0,16.30000114,18.52500057,5.0,8.0,4.0,1.0,1.0,5.0,8.0,2002.0,43.0,-119.0,0.29791848,0.264411994,both,True,43.0,-119.0,43.0,Tyrannus_tyrannus_43_-119,423.316944,2002.0,5.0,43.0,-119.0,2002-05-01,2002-05-31,ECMWF/ERA5_LAND/DAILY_AGGR,9.225505590336525,0.5505655963389471,1.6702556679046574,17.067533486507358,4.0,10.695289804602208,16.453914006551088,4.7251112221618925
297,1Dolan2000,Tyrannus_tyrannus,Tyrannus_tyrannus,Passeriformes,Tyrannidae,Tyrant Flycatchers,Tyrannus_tyrannus,monogamy,yearly,Eastern_kingbird,43.0,-119.0,no,microsatellite,2003,2003,May,August,25.0,16.0,48.0,64.0,297,-119.0,2003,5.0,136.0,10.0,9.151724306,0.848275694,9.720000076,0.279999924,8.0,16.27500033,14.36206923,1.912931101,15.18500028,1.090000057,4.0,53.20000076,32.44137991,20.75862085,32.7600008,20.43999996,87.20000219,90.50689797,-3.306895774,65.84000107,21.36000112,4.0,15.90000057,18.27500033,5.0,8.0,4.0,1.0,1.0,5.0,8.0,2003.0,43.0,-119.0,0.319588376,0.271705575,both,True,43.0,-119.0,43.0,Tyrannus_tyrannus_43_-119,423.316944,2003.0,5.0,43.0,-119.0,2003-05-01,2003-05-31,ECMWF/ERA5_LAND/DAILY_AGGR,7.303712478915258,1.3833246003216233,2.192545857401554,42.88306260997032,8.0,10.309323636947164,21.878910064697266,6.821882136086639
298,1Dolan2000,Tyrannus_tyrannus,Tyrannus_tyrannus,Passeriformes,Tyrannidae,Tyrant Flycatchers,Tyrannus_tyrannus,monogamy,yearly,Eastern_kingbird,43.0,-119.0,no,microsatellite,2004,2004,May,August,39.0,23.0,36.0,59.0,298,-119.0,2004,5.0,136.0,10.10000038,9.151724306,0.948276076,10.22000008,-0.119999695,8.0,15.60000038,14.36206923,1.237931149,15.55500026,0.045000124,4.0,56.70000076,32.44137991,24.25862085,23.34000034,33.36000042,92.400002,90.50689797,1.893104035,51.84000098,40.56000102,4.0,15.5,17.50000048,5.0,8.0,4.0,1.0,1.0,5.0,8.0,2004.0,43.0,-119.0,0.264138877,0.253614612,both,True,43.0,-119.0,43.0,Tyrannus_tyrannus_43_-119,423.316944,2004.0,5.0,43.0,-119.0,2004-05-01,2004-05-31,ECMWF/ERA5_LAND/DAILY_AGGR,13.281385115817557,2.163521947498943,3.23292657642058,67.06918037246723,15.0,10.31286478350242,14.235237757364873,3.810974219745812
299,288Manica2016,Volatinia_jacarina,Volatinia_jacarina,Passeriformes,Thraupidae,Tanagers and Allies,Volatinia_jacarina,monogamy,yearly,blue-black_grassquits,-15.93,-47.93,no,microsatellite,2008,2009,October,February,34.6,9.0,17.0,26.0,299,-47.93,2008,10.0,137.0,24.39999962,22.38275909,2.017240524,23.86000023,0.53999939,2.0,22.84000015,22.01448314,0.82551701,22.86800041,-0.028000259,5.0,42.0,159.9896586,-117.9896586,119.1400047,-77.14000473,1105.300034,1146.510363,-41.21032958,1121.400027,-16.09999313,5.0,11.90000057,9.240000343,10.0,2.0,5.0,1.0,1.0,10.0,2.0,2008.0,-15.93,-47.93,0.365336557,0.397441078,both,True,-15.93,-47.93,15.93,Volatinia_jacarina_-15.93_-47.93,864.107086,2008.0,10.0,-15.93,-47.93,2008-10-01,2008-10-31,ECMWF/ERA5_LAND/DAILY_AGGR,11.663350462868038,0.9189343218934476,2.4069025036996807,28.48696397869688,5.0,24.69300002231396,6.247905731201172,1.707605302995241
300,288Manica2016,Volatinia_jacarina,Volatinia_jacarina,Passeriformes,Thraupidae,Tanagers and Allies,Volatinia_jacarina,monogamy,yearly,blue-black_grassquits,-15.93,-47.93,no,microsatellite,2009,2010,October,February,47.1,16.0,18.0,34.0,300,-47.93,2009,10.0,137.0,23.10000038,22.38275909,0.717241287,24.06000023,-0.959999847,2.0,22.94000053,22.01448314,0.925517391,22.82800041,0.112000122,5.0,230.3000031,159.9896586,70.3103445,117.0400047,113.2599983,1185.000031,1146.510363,38.48966737,1149.780029,35.22000198,5.0,10.10000038,9.440000153,10.0,2.0,5.0,1.0,1.0,10.0,2.0,2009.0,-15.93,-47.93,0.399889855,0.470658981,both,True,-15.93,-47.93,15.93,Volatinia_jacarina_-15.93_-47.93,864.107086,2009.0,10.0,-15.93,-47.93,2009-10-01,2009-10-31,ECMWF/ERA5_LAND/DAILY_AGGR,17.387497424977028,7.121598250581115,5.0770653930740375,220.76954576801447,30.0,21.99784962643861,3.516043980916379,0.7451750280117697
301,288Manica2016,Volatinia_jacarina,Volatinia_jacarina,Passeriformes,Thraupidae,Tanagers and Allies,Volatinia_jacarina,monogamy,yearly,blue-black_grassquits,-15.93,-47.93,no,microsatellite,2010,2011,October,February,11.4,4.0,31.0,35.0,301,-47.93,2010,10.0,137.0,23.39999962,22.38275909,1.017240524,23.98000031,-0.580000687,2.0,23.22000008,22.01448314,1.205516934,22.91200035,0.307999725,5.0,147.3000031,159.9896586,-12.6896555,142.920005,4.379998016,974.2000046,1146.510363,-172.3103586,1134.580033,-160.3800285,5.0,11.30000019,9.980000305,10.0,2.0,5.0,1.0,1.0,10.0,2.0,2010.0,-15.93,-47.93,0.319988955,0.403339802,both,True,-15.93,-47.93,15.93,Volatinia_jacarina_-15.93_-47.93,864.107086,2010.0,10.0,-15.93,-47.93,2010-10-01,2010-10-31,ECMWF/ERA5_LAND/DAILY_AGGR,34.98894139920594,5.581377891783264,8.251025792135868,173.02271464528118,19.0,23.36989251823838,6.899401982625307,1.668938322993663
302,143MacDougall-Shackleton2002,Zonotrichia_leucophrys,Zonotrichia_leucophrys,Passeriformes,Passerellidae,New World Sparrows,Zonotrichia_leucophrys,monogamy,yearly,white-throated_sparrow,38.57,-119.03,no,microsatellite,1997,1997,May,August,68.0,17.0,8.0,25.0,302,-119.03,1997,5.0,138.0,13.69999981,11.02068985,2.67930996,12.16000042,1.53999939,8.0,16.97500014,16.60172444,0.373275703,16.97000031,0.004999828,4.0,7.099999905,25.18620722,-18.08620732,46.52000046,-39.42000055,65.20000219,68.44138044,-3.241378245,88.9800015,-23.77999931,4.0,16.39999962,17.25000024,5.0,8.0,4.0,1.0,1.0,5.0,8.0,1997.0,38.57,-119.03,0.261595437,0.258639901,both,True,38.57,-119.03,38.57,Zonotrichia_leucophrys_38.57_-119.03,225.0841343,1997.0,5.0,38.57,-119.03,1997-05-01,1997-05-31,ECMWF/ERA5_LAND/DAILY_AGGR,2.221924061984737,0.3318523447226821,0.5199441911238472,10.287422686403149,4.0,14.185202699066512,13.028886795043944,3.2191121444415924
303,143MacDougall-Shackleton2002,Zonotrichia_leucophrys,Zonotrichia_leucophrys,Passeriformes,Passerellidae,New World Sparrows,Zonotrichia_leucophrys,monogamy,yearly,white-throated_sparrow,38.57,-119.03,no,microsatellite,1998,1998,May,August,66.6,16.0,8.0,24.0,303,-119.03,1998,5.0,138.0,7.700000286,11.02068985,-3.320689563,11.98000031,-4.280000019,8.0,15.45000017,16.60172444,-1.151724273,16.80000029,-1.350000119,4.0,83.40000153,25.18620722,58.2137943,47.14000044,36.26000109,131.9000033,68.44138044,63.45862288,86.14000154,45.76000177,4.0,13.80000019,17.12500048,5.0,8.0,4.0,1.0,1.0,5.0,8.0,1998.0,38.57,-119.03,0.245600689,0.267102042,both,True,38.57,-119.03,38.57,Zonotrichia_leucophrys_38.57_-119.03,225.0841343,1998.0,5.0,38.57,-119.03,1998-05-01,1998-05-31,ECMWF/ERA5_LAND/DAILY_AGGR,25.405153632164,2.8228628336922528,5.090440005536888,87.50874784445983,15.0,5.1068135210263055,12.111968994140623,2.871990736473995
304,143MacDougall-Shackleton2002,Zonotrichia_leucophrys,Zonotrichia_leucophrys,Passeriformes,Passerellidae,New World Sparrows,Zonotrichia_leucophrys,monogamy,yearly,white-throated_sparrow,38.57,-119.03,no,microsatellite,1999,1999,May,August,44.7,21.0,26.0,47.0,304,-119.03,1999,5.0,138.0,10.60000038,11.02068985,-0.420689468,11.04000025,-0.439999866,8.0,16.02500057,16.60172444,-0.576723867,16.7600003,-0.734999728,4.0,16.70000076,25.18620722,-8.486206462,57.1600009,-40.46000013,49.30000114,68.44138044,-19.14137929,98.02000189,-48.72000075,4.0,15.69999981,17.65000033,5.0,8.0,4.0,1.0,1.0,5.0,8.0,1999.0,38.57,-119.03,0.254062396,0.251760423,both,True,38.57,-119.03,38.57,Zonotrichia_leucophrys_38.57_-119.03,225.0841343,1999.0,5.0,38.57,-119.03,1999-05-01,1999-05-31,ECMWF/ERA5_LAND/DAILY_AGGR,1.820150017692868,0.3851377547237364,0.5460477827818786,11.93927039643583,5.0,10.300902590187668,14.401422500610352,4.309134330929887
305,30Poesel2011,Zonotrichia_leucophrys,Zonotrichia_leucophrys,Passeriformes,Passerellidae,New World Sparrows,Zonotrichia_leucophrys,monogamy,yearly,white-crowned_sparrow,43.16,-124.41,no,microsatellite,2005,2005,March,June,37.5,9.0,15.0,24.0,305,-124.41,2005,3.0,139.0,10.10000038,8.579310499,1.520689882,8.960000134,1.140000248,6.0,12.07500029,11.16724156,0.907758729,11.70000012,0.375000167,4.0,195.4000092,196.8344876,-1.434478431,135.6000015,59.80000763,587.4000206,422.1586295,165.2413911,373.0200083,214.3800123,4.0,10.0,8.375000119,3.0,6.0,4.0,1.0,1.0,3.0,6.0,2005.0,43.16,-124.41,0.607792174,0.690765053,both,True,43.16,-124.41,43.16,Zonotrichia_leucophrys_43.16_-124.41,0.297458474,2005.0,3.0,43.16,-124.41,2005-03-01,2005-03-31,ECMWF/ERA5_LAND/DAILY_AGGR,,,,,,,,
306,30Poesel2011,Zonotrichia_leucophrys,Zonotrichia_leucophrys,Passeriformes,Passerellidae,New World Sparrows,Zonotrichia_leucophrys,monogamy,yearly,white-crowned_sparrow,43.16,-124.41,no,microsatellite,2006,2006,March,June,29.4,5.0,12.0,17.0,306,-124.41,2006,3.0,139.0,7.800000191,8.579310499,-0.779310309,9.360000134,-1.559999943,6.0,11.70000029,11.16724156,0.532758729,11.76000016,-0.059999871,4.0,230.0,196.8344876,33.16551241,155.4200027,74.57999725,501.3000069,422.1586295,79.14137742,417.1000094,84.19999747,4.0,7.200000286,8.975000024,3.0,6.0,4.0,1.0,1.0,3.0,6.0,2006.0,43.16,-124.41,0.576394694,0.722009615,both,True,43.16,-124.41,43.16,Zonotrichia_leucophrys_43.16_-124.41,0.297458474,2006.0,3.0,43.16,-124.41,2006-03-01,2006-03-31,ECMWF/ERA5_LAND/DAILY_AGGR,,,,,,,,
307,30Poesel2011,Zonotrichia_leucophrys,Zonotrichia_leucophrys,Passeriformes,Passerellidae,New World Sparrows,Zonotrichia_leucophrys,monogamy,yearly,white-crowned_sparrow,43.16,-124.41,no,microsatellite,2007,2007,March,June,28.6,6.0,15.0,21.0,307,-124.41,2007,3.0,139.0,9.800000191,8.579310499,1.220689691,9.060000134,0.740000057,6.0,11.65000033,11.16724156,0.482758777,11.82000015,-0.169999814,4.0,104.5,196.8344876,-92.33448759,179.2600021,-74.76000214,256.1000061,422.1586295,-166.0586233,455.0200083,-198.9200022,4.0,8.400000572,9.375000477,3.0,6.0,4.0,1.0,1.0,3.0,6.0,2007.0,43.16,-124.41,0.656567541,0.710974652,both,True,43.16,-124.41,43.16,Zonotrichia_leucophrys_43.16_-124.41,0.297458474,2007.0,3.0,43.16,-124.41,2007-03-01,2007-03-31,ECMWF/ERA5_LAND/DAILY_AGGR,,,,,,,,
308,51Leisler2000,Acrocephalus_paludicola,Acrocephalus_paludicola,Passeriformes,Acrocephalidae,Reed Warblers and Allies,Acrocephalus_paludicola,monogamy,yearly,aquatic_warbler,53.33,22.67,no,microsatellite,1993,1993,May,August,55.5,15.0,12.0,27.0,308,22.67,1993,5.0,140.0,15.80000019,13.01724158,2.782758614,12.88000011,2.920000076,8.0,15.9749999,15.92844859,0.04655131,16.34500036,-0.370000458,4.0,35.29999924,54.16206972,-18.86207048,42.42000046,-7.120001221,266.9000053,267.7172453,-0.817239959,237.8800034,29.02000198,4.0,13.19999981,11.05000019,5.0,8.0,4.0,1.0,1.0,5.0,8.0,1993.0,53.33,22.67,0.541848249,0.581243753,both,True,53.33,22.67,53.33,Acrocephalus_paludicola_53.33_22.67,202.8944188,1993.0,5.0,53.33,22.67,1993-05-01,1993-05-31,ECMWF/ERA5_LAND/DAILY_AGGR,13.958221673931348,1.2547264166865686,2.614272719783523,38.89651891728363,8.0,16.092517943023378,9.726819356282531,2.4273005248274195
309,51Leisler2000,Acrocephalus_paludicola,Acrocephalus_paludicola,Passeriformes,Acrocephalidae,Reed Warblers and Allies,Acrocephalus_paludicola,monogamy,yearly,aquatic_warbler,53.33,22.67,no,microsatellite,1994,1994,May,August,80.0,16.0,4.0,20.0,309,22.67,1994,5.0,140.0,12.30000019,13.01724158,-0.717241386,13.14000015,-0.839999962,8.0,16.7249999,15.92844859,0.79655131,16.19000025,0.534999657,4.0,64.20000458,54.16206972,10.03793486,38.78000031,25.42000427,167.9000044,267.7172453,-99.81724091,226.1400032,-58.23999882,4.0,10.60000038,11.55000019,5.0,8.0,4.0,1.0,1.0,5.0,8.0,1994.0,53.33,22.67,0.530726795,0.633996844,both,True,53.33,22.67,53.33,Acrocephalus_paludicola_53.33_22.67,202.8944188,1994.0,5.0,53.33,22.67,1994-05-01,1994-05-31,ECMWF/ERA5_LAND/DAILY_AGGR,25.707587599754333,3.177700269723971,6.087851231751196,98.5087083614431,14.0,11.68114326641126,13.19742202758789,3.264419218415873
310,51Leisler2000,Acrocephalus_paludicola,Acrocephalus_paludicola,Passeriformes,Acrocephalidae,Reed Warblers and Allies,Acrocephalus_paludicola,monogamy,yearly,aquatic_warbler,53.33,22.67,no,microsatellite,1997,1997,May,August,92.9,26.0,2.0,28.0,310,22.67,1997,5.0,140.0,13.19999981,13.01724158,0.182758233,13.54000015,-0.340000343,8.0,16.47500014,15.92844859,0.546551548,16.66500044,-0.190000296,4.0,74.0,54.16206972,19.83793028,52.00000153,21.99999847,310.7999954,267.7172453,43.08275012,221.3200033,89.4799921,4.0,10.69999981,10.90000033,5.0,8.0,4.0,1.0,1.0,5.0,8.0,1997.0,53.33,22.67,0.571080388,0.602101284,both,True,53.33,22.67,53.33,Acrocephalus_paludicola_53.33_22.67,202.8944188,1997.0,5.0,53.33,22.67,1997-05-01,1997-05-31,ECMWF/ERA5_LAND/DAILY_AGGR,12.615460157292093,2.156601918307208,3.32248773501634,66.85465946752345,13.0,12.47861772762834,11.44312032063806,3.0686343498427417
311,289Oring1992,Actitis_macularius,Actitis_macularius,Charadriiformes,Scolopacidae,Sandpipers and Allies,Actitis_macularius,polyandry,yearly,spotted_sandpiper,47.17,-94.42,no,DNA fingerprinting,1990,1990,May,July,11.1,1.0,8.0,9.0,311,-94.42,1990,5.0,141.0,11.5,12.54827601,-1.048276013,14.42000008,-2.920000076,7.0,16.59999975,16.88965547,-0.289655729,18.02000027,-1.420000521,3.0,23.39999962,75.03793174,-51.63793212,95.38000107,-71.98000145,187.2000065,274.3896591,-87.18965264,290.6200031,-103.4199966,3.0,15.19999981,14.03333346,5.0,7.0,3.0,1.0,1.0,5.0,7.0,1990.0,47.17,-94.42,0.362587642,0.555552272,both,True,47.17,-94.42,47.17,Actitis_macularius_47.17_-94.42,1063.686426,1990.0,5.0,47.17,-94.42,1990-05-01,1990-05-31,ECMWF/ERA5_LAND/DAILY_AGGR,18.652218580143654,1.6647797672200866,3.902377488636161,51.60817278382268,8.0,9.137063988306208,14.886394500732422,3.2414317216800894
312,289Oring1992,Actitis_macularius,Actitis_macularius,Charadriiformes,Scolopacidae,Sandpipers and Allies,Actitis_macularius,polyandry,yearly,spotted_sandpiper,47.17,-94.42,no,DNA fingerprinting,1991,1991,May,July,24.0,6.0,19.0,25.0,312,-94.42,1991,5.0,141.0,15.0,12.54827601,2.451723987,13.78000011,1.219999886,7.0,18.30000051,16.88965547,1.410345034,18.02666683,0.273333677,3.0,93.90000153,75.03793174,18.86206979,67.40000038,26.50000114,260.4000015,274.3896591,-13.9896576,247.1400032,13.25999832,3.0,12.69999981,12.66666667,5.0,7.0,3.0,1.0,1.0,5.0,7.0,1991.0,47.17,-94.42,0.46679164,0.571318669,both,True,47.17,-94.42,47.17,Actitis_macularius_47.17_-94.42,1063.686426,1991.0,5.0,47.17,-94.42,1991-05-01,1991-05-31,ECMWF/ERA5_LAND/DAILY_AGGR,20.56729793548584,2.5293289509853647,4.722662050201699,78.40919748054631,10.0,13.001795500068274,18.722997029622377,6.130701445693
313,438Li2000,Aphelocoma_ultramarina,Aphelocoma_wollweberi,Passeriformes,Corvidae,"Crows, Jays, and Magpies",Aphelocoma_ultramarina,monogamy,yearly,Mexican_jay,31.92,-109.25,no,microsatellite,1991,1991,March,June,5.0,2.0,43.0,45.0,313,-109.25,1991,3.0,142.0,8.400000572,9.341379412,-0.94137884,10.53999996,-2.13999939,6.0,15.17500043,15.62327611,-0.448275685,16.68500013,-1.509999704,4.0,45.0,21.6034488,23.3965512,20.16000023,24.83999977,63.80000043,55.05172511,8.748275323,65.08000135,-1.280000925,4.0,16.80000114,20.55000067,3.0,6.0,4.0,1.0,1.0,3.0,6.0,1991.0,31.92,-109.25,0.371368777,0.400906121,both,True,31.92,-109.25,31.92,Aphelocoma_ultramarina_31.92_-109.25,369.0600121,1991.0,3.0,31.92,-109.25,1991-03-01,1991-03-31,ECMWF/ERA5_LAND/DAILY_AGGR,9.658902883529665,1.399590542562929,2.661969801978465,43.3873068194508,8.0,6.367941321096136,11.502944946289062,3.1788191509859707
314,438Li2000,Aphelocoma_ultramarina,Aphelocoma_wollweberi,Passeriformes,Corvidae,"Crows, Jays, and Magpies",Aphelocoma_ultramarina,monogamy,yearly,Mexican_jay,31.92,-109.25,no,microsatellite,1992,1992,March,June,5.0,3.0,47.0,50.0,314,-109.25,1992,3.0,142.0,9.699999809,9.341379412,0.358620397,9.880000114,-0.180000305,6.0,15.97500038,15.62327611,0.351724267,16.32500019,-0.349999809,4.0,70.80000305,21.6034488,49.19655425,21.02000008,49.78000298,131.2000027,55.05172511,76.14827756,61.60000083,69.60000184,4.0,17.39999962,19.87500048,3.0,6.0,4.0,1.0,1.0,3.0,6.0,1992.0,31.92,-109.25,0.37522989,0.404215488,both,True,31.92,-109.25,31.92,Aphelocoma_ultramarina_31.92_-109.25,369.0600121,1992.0,3.0,31.92,-109.25,1992-03-01,1992-03-31,ECMWF/ERA5_LAND/DAILY_AGGR,12.906387448310852,1.5403618188622157,2.867322849582905,47.75121638472868,10.0,7.616828126804819,9.53262710571289,2.314749216234794
315,438Li2000,Aphelocoma_ultramarina,Aphelocoma_wollweberi,Passeriformes,Corvidae,"Crows, Jays, and Magpies",Aphelocoma_ultramarina,monogamy,yearly,Mexican_jay,31.92,-109.25,no,microsatellite,1993,1993,March,June,5.0,4.0,79.0,83.0,315,-109.25,1993,3.0,142.0,10.30000019,9.341379412,0.958620778,10.16000004,0.140000153,6.0,16.35000038,15.62327611,0.726724267,16.42500019,-0.074999809,4.0,14.0,21.6034488,-7.603448802,32.54000072,-18.54000072,27.19999991,55.05172511,-27.8517252,69.18000133,-41.98000142,4.0,19.39999962,20.85000038,3.0,6.0,4.0,1.0,1.0,3.0,6.0,1993.0,31.92,-109.25,0.383743572,0.405760952,both,True,31.92,-109.25,31.92,Aphelocoma_ultramarina_31.92_-109.25,369.0600121,1993.0,3.0,31.92,-109.25,1993-03-01,1993-03-31,ECMWF/ERA5_LAND/DAILY_AGGR,8.658182336944265,0.6816965448630602,1.7497467695215498,21.132592890754864,4.0,9.20983860877255,13.29941495259601,3.382982338886197
316,438Li2000,Aphelocoma_ultramarina,Aphelocoma_wollweberi,Passeriformes,Corvidae,"Crows, Jays, and Magpies",Aphelocoma_ultramarina,monogamy,yearly,Mexican_jay,31.92,-109.25,no,microsatellite,1994,1994,March,June,5.0,3.0,47.0,50.0,316,-109.25,1994,3.0,142.0,11.0,9.341379412,1.658620588,10.28000011,0.719999886,6.0,17.3499999,15.62327611,1.72672379,16.49500027,0.854999638,4.0,18.70000076,21.6034488,-2.903448039,33.52000065,-14.81999989,52.20000124,55.05172511,-2.851723866,61.48000097,-9.279999729,4.0,18.39999962,19.42500019,3.0,6.0,4.0,1.0,1.0,3.0,6.0,1994.0,31.92,-109.25,0.365007294,0.364717057,both,True,31.92,-109.25,31.92,Aphelocoma_ultramarina_31.92_-109.25,369.0600121,1994.0,3.0,31.92,-109.25,1994-03-01,1994-03-31,ECMWF/ERA5_LAND/DAILY_AGGR,5.52135705947876,0.6564078868509587,1.3080424473204346,20.34864449237972,5.0,9.52150649204051,9.138051986694336,2.573248662746748
317,438Li2000,Aphelocoma_ultramarina,Aphelocoma_wollweberi,Passeriformes,Corvidae,"Crows, Jays, and Magpies",Aphelocoma_ultramarina,monogamy,yearly,Mexican_jay,31.92,-109.25,no,microsatellite,1995,1995,March,June,5.0,3.0,47.0,50.0,317,-109.25,1995,3.0,142.0,10.69999981,9.341379412,1.358620397,9.980000114,0.719999695,6.0,15.37500024,15.62327611,-0.248275876,16.39000025,-1.01500001,4.0,22.0,21.6034488,0.396551198,32.6600008,-10.6600008,30.60000014,55.05172511,-24.45172496,65.1200011,-34.52000095,4.0,17.60000038,19.87500048,3.0,6.0,4.0,1.0,1.0,3.0,6.0,1995.0,31.92,-109.25,0.389417184,0.371000718,both,True,31.92,-109.25,31.92,Aphelocoma_ultramarina_31.92_-109.25,369.0600121,1995.0,3.0,31.92,-109.25,1995-03-01,1995-03-31,ECMWF/ERA5_LAND/DAILY_AGGR,9.055495262145996,0.4639789364672525,1.6229126918788552,14.383347030484828,2.0,9.3208135666386,9.56701914469403,2.521916116437443
318,438Li2000,Aphelocoma_ultramarina,Aphelocoma_wollweberi,Passeriformes,Corvidae,"Crows, Jays, and Magpies",Aphelocoma_ultramarina,monogamy,yearly,Mexican_jay,31.92,-109.25,no,microsatellite,1996,1996,March,June,5.0,5.0,95.0,100.0,318,-109.25,1996,3.0,142.0,10.19999981,9.341379412,0.858620397,10.02000008,0.179999733,6.0,17.57500029,15.62327611,1.951724172,16.04500027,1.530000019,4.0,3.0,21.6034488,-18.6034488,34.10000076,-31.10000076,47.70000096,55.05172511,-7.351724149,61.00000088,-13.29999992,4.0,19.80000114,20.57500029,3.0,6.0,4.0,1.0,1.0,3.0,6.0,1996.0,31.92,-109.25,0.342746607,0.329954873,both,True,31.92,-109.25,31.92,Aphelocoma_ultramarina_31.92_-109.25,369.0600121,1996.0,3.0,31.92,-109.25,1996-03-01,1996-03-31,ECMWF/ERA5_LAND/DAILY_AGGR,2.8000438636013314,0.2400242819492077,0.6298259939697186,7.440752740425438,2.0,9.073349499446111,9.818413416544615,2.5582221680131925
319,250Bird2013,Centrocercus_urophasianus,Centrocercus_urophasianus,Galliformes,Phasianidae,"Pheasants, Grouse, and Allies",Centrocercus_urophasianus,no_social_bond,yearly,greater_sage-grouse,49.4,-110.7,no,microsatellite,1999,1999,March,June,0.0,0.0,20.0,20.0,319,-110.7,1999,3.0,143.0,0.900000036,-2.062069007,2.962069043,-2.360000062,3.260000098,6.0,7.7750002,7.629310492,0.145689707,7.640000135,0.135000065,4.0,14.0,23.68275912,-9.682759121,22.96000042,-8.96000042,181.1000023,165.5103471,15.58965517,201.7800024,-20.68000011,4.0,13.19999981,13.125,3.0,6.0,4.0,1.0,1.0,3.0,6.0,1999.0,49.4,-110.7,0.209969046,0.249916312,both,True,49.4,-110.7,49.4,Centrocercus_urophasianus_49.4_-110.7,860.0405678,1999.0,3.0,49.4,-110.7,1999-03-01,1999-03-31,ECMWF/ERA5_LAND/DAILY_AGGR,2.2106319665908813,0.2837809670386414,0.4995893915027484,8.797209978197884,3.0,2.015615820115636,17.94076919555664,4.366346284269158
320,250Bird2013,Centrocercus_urophasianus,Centrocercus_urophasianus,Galliformes,Phasianidae,"Pheasants, Grouse, and Allies",Centrocercus_urophasianus,no_social_bond,yearly,greater_sage-grouse,49.4,-110.7,no,microsatellite,2000,2000,March,June,0.0,0.0,8.0,8.0,320,-110.7,2000,3.0,143.0,0.800000012,-2.062069007,2.862069019,-2.540000069,3.340000081,6.0,8.025000051,7.629310492,0.395689558,7.330000147,0.694999903,4.0,18.80000114,23.68275912,-4.882757976,24.60000038,-5.799999237,121.7000017,165.5103471,-43.8103454,204.5600018,-82.86000004,4.0,11.0,13.12500024,3.0,6.0,4.0,1.0,1.0,3.0,6.0,2000.0,49.4,-110.7,0.195322672,0.229033217,both,True,49.4,-110.7,49.4,Centrocercus_urophasianus_49.4_-110.7,860.0405678,2000.0,3.0,49.4,-110.7,2000-03-01,2000-03-31,ECMWF/ERA5_LAND/DAILY_AGGR,10.796043276684486,1.124321521294681,2.255174785695353,34.85396716013511,9.0,0.8093365782050929,15.41412289937341,3.624883276489114
321,250Bird2013,Centrocercus_urophasianus,Centrocercus_urophasianus,Galliformes,Phasianidae,"Pheasants, Grouse, and Allies",Centrocercus_urophasianus,no_social_bond,yearly,greater_sage-grouse,49.4,-110.7,no,microsatellite,2001,2001,March,June,7.9,2.0,24.0,26.0,321,-110.7,2001,3.0,143.0,-0.300000012,-2.062069007,1.762068995,-1.880000067,1.580000055,6.0,8.175000116,7.629310492,0.545689624,7.470000124,0.704999992,4.0,11.90000057,23.68275912,-11.78275855,23.00000038,-11.09999981,121.0000029,165.5103471,-44.51034426,178.880002,-57.87999916,4.0,12.60000038,13.42500019,3.0,6.0,4.0,1.0,1.0,3.0,6.0,2001.0,49.4,-110.7,0.18484913,0.220003976,both,True,49.4,-110.7,49.4,Centrocercus_urophasianus_49.4_-110.7,860.0405678,2001.0,3.0,49.4,-110.7,2001-03-01,2001-03-31,ECMWF/ERA5_LAND/DAILY_AGGR,2.0948888206753224,0.2724248982840408,0.4945640820575702,8.445171846805266,3.0,0.998541870937574,14.510891596476256,3.0928419285393707
322,250Bird2013,Centrocercus_urophasianus,Centrocercus_urophasianus,Galliformes,Phasianidae,"Pheasants, Grouse, and Allies",Centrocercus_urophasianus,no_social_bond,yearly,greater_sage-grouse,49.4,-110.7,no,microsatellite,2002,2002,March,June,14.7,5.0,29.0,34.0,322,-110.7,2002,3.0,143.0,-8.900000572,-2.062069007,-6.837931565,-0.900000012,-8.00000056,6.0,4.649999917,7.629310492,-2.979310576,7.770000133,-3.120000216,4.0,37.10000229,23.68275912,13.41724317,18.2800005,18.82000179,228.499999,165.5103471,62.98965193,168.2400021,60.25999699,4.0,11.0,12.00000024,3.0,6.0,4.0,1.0,1.0,3.0,6.0,2002.0,49.4,-110.7,,0.312390992,both,True,49.4,-110.7,49.4,Centrocercus_urophasianus_49.4_-110.7,860.0405678,2002.0,3.0,49.4,-110.7,2002-03-01,2002-03-31,ECMWF/ERA5_LAND/DAILY_AGGR,5.201217532146529,1.0644669037102146,1.4063773606063126,32.998474015016654,9.0,-11.37249486369469,26.26255162556967,7.676209440198574
323,250Bird2013,Centrocercus_urophasianus,Centrocercus_urophasianus,Galliformes,Phasianidae,"Pheasants, Grouse, and Allies",Centrocercus_urophasianus,no_social_bond,yearly,greater_sage-grouse,49.4,-110.7,no,microsatellite,2003,2003,March,June,18.8,6.0,26.0,32.0,323,-110.7,2003,3.0,143.0,-3.100000143,-2.062069007,-1.037931136,-2.020000136,-1.080000007,6.0,7.450000107,7.629310492,-0.179310385,7.370000073,0.080000034,4.0,27.20000076,23.68275912,3.517241642,22.40000095,4.799999809,181.5000038,165.5103471,15.9896567,175.4800016,6.020002174,4.0,12.40000057,12.10000038,3.0,6.0,4.0,1.0,1.0,3.0,6.0,2003.0,49.4,-110.7,0.20506978,0.359395422,both,True,49.4,-110.7,49.4,Centrocercus_urophasianus_49.4_-110.7,860.0405678,2003.0,3.0,49.4,-110.7,2003-03-01,2003-03-31,ECMWF/ERA5_LAND/DAILY_AGGR,3.4097909926344983,0.7133626403664092,0.9200716298207556,22.114241851358685,7.0,-3.5614310356878267,35.93753687540689,10.123710262303662
324,250Bird2013,Centrocercus_urophasianus,Centrocercus_urophasianus,Galliformes,Phasianidae,"Pheasants, Grouse, and Allies",Centrocercus_urophasianus,no_social_bond,yearly,greater_sage-grouse,49.4,-110.7,no,microsatellite,2004,2004,March,June,16.7,4.0,20.0,24.0,324,-110.7,2004,3.0,143.0,0.5,-2.062069007,2.562069007,-2.120000136,2.620000136,6.0,7.699999928,7.629310492,0.070689436,7.215000078,0.48499985,4.0,8.800000191,23.68275912,-14.88275893,21.80000095,-13.00000076,171.6000051,165.5103471,6.08965803,166.7600019,4.840003204,4.0,12.19999981,13.32500005,3.0,6.0,4.0,1.0,1.0,3.0,6.0,2004.0,49.4,-110.7,0.182627825,0.230932801,both,True,49.4,-110.7,49.4,Centrocercus_urophasianus_49.4_-110.7,860.0405678,2004.0,3.0,49.4,-110.7,2004-03-01,2004-03-31,ECMWF/ERA5_LAND/DAILY_AGGR,6.529289691684426,0.6928293932782439,1.2479276100768597,21.47771119162556,7.0,2.8808126634167297,15.407881418863894,3.865287946264287
325,250Bird2013,Centrocercus_urophasianus,Centrocercus_urophasianus,Galliformes,Phasianidae,"Pheasants, Grouse, and Allies",Centrocercus_urophasianus,no_social_bond,yearly,greater_sage-grouse,49.4,-110.7,no,microsatellite,2005,2005,March,June,17.2,5.0,24.0,29.0,325,-110.7,2005,3.0,143.0,0.300000012,-2.062069007,2.362069019,-2.200000143,2.500000155,6.0,8.075000122,7.629310492,0.44568963,7.200000024,0.875000098,4.0,39.70000076,23.68275912,16.01724164,20.76000099,18.93999977,243.3999996,165.5103471,77.8896525,164.8600025,78.5399971,4.0,12.10000038,13.07500029,3.0,6.0,4.0,1.0,1.0,3.0,6.0,2005.0,49.4,-110.7,0.19261089,0.270099541,both,True,49.4,-110.7,49.4,Centrocercus_urophasianus_49.4_-110.7,860.0405678,2005.0,3.0,49.4,-110.7,2005-03-01,2005-03-31,ECMWF/ERA5_LAND/DAILY_AGGR,10.32846706084456,1.17892643972806,2.0750594349444205,36.54671963156986,10.0,0.6297176197011181,15.293460210164367,4.37246136954367
326,250Bird2013,Centrocercus_urophasianus,Centrocercus_urophasianus,Galliformes,Phasianidae,"Pheasants, Grouse, and Allies",Centrocercus_urophasianus,no_social_bond,yearly,greater_sage-grouse,49.4,-110.7,no,microsatellite,2006,2006,March,June,11.1,2.0,16.0,18.0,326,-110.7,2006,3.0,143.0,-2.400000095,-2.062069007,-0.337931088,-2.300000143,-0.099999952,6.0,8.575000048,7.629310492,0.945689555,7.210000038,1.36500001,4.0,33.60000229,23.68275912,9.917243168,24.94000092,8.660001373,210.8000069,165.5103471,45.28965975,189.2000021,21.60000477,4.0,10.40000057,12.82500029,3.0,6.0,4.0,1.0,1.0,3.0,6.0,2006.0,49.4,-110.7,0.164307674,0.300296089,both,True,49.4,-110.7,49.4,Centrocercus_urophasianus_49.4_-110.7,860.0405678,2006.0,3.0,49.4,-110.7,2006-03-01,2006-03-31,ECMWF/ERA5_LAND/DAILY_AGGR,4.030249257539253,0.8307255891388594,1.2810313462522502,25.752493263304643,9.0,-2.0879412128079133,15.998109181722045,4.708406221696284
327,148DuVal2008,Chiroxiphia_lanceolata,Chiroxiphia_lanceolata,Passeriformes,Pipridae,Manakins,Chiroxiphia_lanceolata,lekking,yearly,lance-tailed_manakin,8.2,-82.2,no,microsatellite,2000,2000,March,July,84.6,33.0,6.0,39.0,327,-82.2,2000,3.0,144.0,26.10000038,26.60689703,-0.506896644,26.54000053,-0.440000153,7.0,25.98000031,26.32965557,-0.34965527,26.42000061,-0.440000305,5.0,25.20000076,62.8379314,-37.63793064,66.06000061,-40.85999985,1031.200016,984.9138092,46.28620687,1043.680013,-12.47999649,5.0,7.0,6.500000095,3.0,7.0,5.0,1.0,1.0,3.0,7.0,2000.0,8.2,-82.2,0.400344677,0.347059926,both,True,8.2,-82.2,8.2,Chiroxiphia_lanceolata_8.2_-82.2,1.647603691,2000.0,3.0,8.2,-82.2,2000-03-01,2000-03-31,ECMWF/ERA5_LAND/DAILY_AGGR,,,,,,,,
328,148DuVal2008,Chiroxiphia_lanceolata,Chiroxiphia_lanceolata,Passeriformes,Pipridae,Manakins,Chiroxiphia_lanceolata,lekking,yearly,lance-tailed_manakin,8.2,-82.2,no,microsatellite,2001,2001,March,July,96.3,52.0,2.0,54.0,328,-82.2,2001,3.0,144.0,26.20000076,26.60689703,-0.406896262,26.40000038,-0.199999619,7.0,26.30000038,26.32965557,-0.029655193,26.28400055,0.015999832,5.0,42.79999924,62.8379314,-20.03793217,40.10000076,2.699998474,884.1000023,984.9138092,-100.8138069,1010.240014,-126.1400116,5.0,7.0,6.500000095,3.0,7.0,5.0,1.0,1.0,3.0,7.0,2001.0,8.2,-82.2,0.299480987,0.322446755,both,True,8.2,-82.2,8.2,Chiroxiphia_lanceolata_8.2_-82.2,1.647603691,2001.0,3.0,8.2,-82.2,2001-03-01,2001-03-31,ECMWF/ERA5_LAND/DAILY_AGGR,,,,,,,,
329,148DuVal2008,Chiroxiphia_lanceolata,Chiroxiphia_lanceolata,Passeriformes,Pipridae,Manakins,Chiroxiphia_lanceolata,lekking,yearly,lance-tailed_manakin,8.2,-82.2,no,microsatellite,2002,2002,March,July,90.9,60.0,6.0,66.0,329,-82.2,2002,3.0,144.0,26.60000038,26.60689703,-0.006896644,26.40000038,0.2,7.0,26.46000061,26.32965557,0.130345035,26.33600052,0.124000092,5.0,42.90000153,62.8379314,-19.93792988,41.00000076,1.900000763,912.3000183,984.9138092,-72.61379084,969.4600136,-57.15999527,5.0,7.0,6.500000095,3.0,7.0,5.0,1.0,1.0,3.0,7.0,2002.0,8.2,-82.2,0.344582002,0.36447779,both,True,8.2,-82.2,8.2,Chiroxiphia_lanceolata_8.2_-82.2,1.647603691,2002.0,3.0,8.2,-82.2,2002-03-01,2002-03-31,ECMWF/ERA5_LAND/DAILY_AGGR,,,,,,,,
330,148DuVal2008,Chiroxiphia_lanceolata,Chiroxiphia_lanceolata,Passeriformes,Pipridae,Manakins,Chiroxiphia_lanceolata,lekking,yearly,lance-tailed_manakin,8.2,-82.2,no,microsatellite,2003,2003,March,July,88.3,53.0,7.0,60.0,330,-82.2,2003,3.0,144.0,27.20000076,26.60689703,0.593103738,26.48000031,0.720000458,7.0,26.70000038,26.32965557,0.370344807,26.3520005,0.347999878,5.0,93.59999847,62.8379314,30.76206707,41.50000076,52.09999771,1070.099998,984.9138092,85.18618932,955.6600121,114.4399864,5.0,7.0,6.500000095,3.0,7.0,5.0,1.0,1.0,3.0,7.0,2003.0,8.2,-82.2,0.411965541,0.429252941,both,True,8.2,-82.2,8.2,Chiroxiphia_lanceolata_8.2_-82.2,1.647603691,2003.0,3.0,8.2,-82.2,2003-03-01,2003-03-31,ECMWF/ERA5_LAND/DAILY_AGGR,,,,,,,,
331,148DuVal2008,Chiroxiphia_lanceolata,Chiroxiphia_lanceolata,Passeriformes,Pipridae,Manakins,Chiroxiphia_lanceolata,lekking,yearly,lance-tailed_manakin,8.2,-82.2,no,microsatellite,2004,2004,March,July,94.1,16.0,1.0,17.0,331,-82.2,2004,3.0,144.0,26.89999962,26.60689703,0.293102593,26.44000053,0.459999084,7.0,26.34000015,26.32965557,0.010344578,26.31600052,0.023999634,5.0,70.09999847,62.8379314,7.262067071,47.44000015,22.65999832,1200.900024,984.9138092,215.9862153,969.1800102,231.7200142,5.0,7.0,6.500000095,3.0,7.0,5.0,1.0,1.0,3.0,7.0,2004.0,8.2,-82.2,0.443713428,0.45194786,both,True,8.2,-82.2,8.2,Chiroxiphia_lanceolata_8.2_-82.2,1.647603691,2004.0,3.0,8.2,-82.2,2004-03-01,2004-03-31,ECMWF/ERA5_LAND/DAILY_AGGR,,,,,,,,
332,148DuVal2008,Chiroxiphia_lanceolata,Chiroxiphia_lanceolata,Passeriformes,Pipridae,Manakins,Chiroxiphia_lanceolata,lekking,yearly,lance-tailed_manakin,8.2,-82.2,no,microsatellite,2005,2005,March,July,98.1,103.0,2.0,105.0,332,-82.2,2005,3.0,144.0,27.10000038,26.60689703,0.493103356,26.60000038,0.5,7.0,26.78000031,26.32965557,0.45034473,26.35600037,0.423999939,5.0,118.5999985,62.8379314,55.76206707,54.91999969,63.67999878,887.1000214,984.9138092,-97.81378779,1019.720012,-132.6199905,5.0,7.0,6.500000095,3.0,7.0,5.0,1.0,1.0,3.0,7.0,2005.0,8.2,-82.2,0.433097742,0.45373724,both,True,8.2,-82.2,8.2,Chiroxiphia_lanceolata_8.2_-82.2,1.647603691,2005.0,3.0,8.2,-82.2,2005-03-01,2005-03-31,ECMWF/ERA5_LAND/DAILY_AGGR,,,,,,,,
333,148DuVal2008,Chiroxiphia_lanceolata,Chiroxiphia_lanceolata,Passeriformes,Pipridae,Manakins,Chiroxiphia_lanceolata,lekking,yearly,lance-tailed_manakin,8.2,-82.2,no,microsatellite,2006,2006,March,July,90.6,96.0,10.0,106.0,333,-82.2,2006,3.0,144.0,26.39999962,26.60689703,-0.206897407,26.80000038,-0.400000763,7.0,26.46000023,26.32965557,0.130344654,26.51600037,-0.056000137,5.0,37.20000076,62.8379314,-25.63793064,73.59999924,-36.39999847,905.8000374,984.9138092,-79.11377177,990.900013,-85.09997559,5.0,7.0,6.500000095,3.0,7.0,5.0,1.0,1.0,3.0,7.0,2006.0,8.2,-82.2,0.443201348,0.399895781,both,True,8.2,-82.2,8.2,Chiroxiphia_lanceolata_8.2_-82.2,1.647603691,2006.0,3.0,8.2,-82.2,2006-03-01,2006-03-31,ECMWF/ERA5_LAND/DAILY_AGGR,,,,,,,,
334,238Hughes2003,Gymnorhina_tibicen,Gymnorhina_tibicen,Passeriformes,Artamidae,"Woodswallows, Bellmagpies, and Allies",Gymnorhina_tibicen,monogamy,yearly,Australian_magpie,-31.9,115.98,no,microsatellite,1996,1997,July,February,84.6,11.0,2.0,13.0,334,115.98,1996,7.0,145.0,14.0,13.32413805,0.675861951,13.92000008,0.079999924,2.0,19.11250019,18.6314658,0.481034394,18.83500035,0.277499843,8.0,245.5,155.0965555,90.40344449,164.3199997,81.18000031,627.3000056,436.2517329,191.0482727,479.8600096,147.439996,8.0,7.300000191,11.31250012,7.0,2.0,8.0,1.0,1.0,7.0,2.0,1996.0,-31.9,115.98,0.476041257,0.411720743,both,True,-31.9,115.98,31.9,Gymnorhina_tibicen_-31.9_115.98,22.86070029,1996.0,7.0,-31.9,115.98,1996-07-01,1996-07-31,ECMWF/ERA5_LAND/DAILY_AGGR,23.63215739177349,6.241092470679219,7.659592364215196,193.4738665910558,19.0,13.213774309876165,5.954896291096986,1.4569730848772404
335,238Hughes2003,Gymnorhina_tibicen,Gymnorhina_tibicen,Passeriformes,Artamidae,"Woodswallows, Bellmagpies, and Allies",Gymnorhina_tibicen,monogamy,yearly,Australian_magpie,-31.9,115.98,no,microsatellite,1997,1998,July,February,87.5,7.0,1.0,8.0,335,115.98,1997,7.0,145.0,13.10000038,13.32413805,-0.224137668,13.98000011,-0.879999733,2.0,19.18750036,18.6314658,0.556034561,18.90250032,0.285000038,8.0,134.6999969,155.0965555,-20.39655856,171.4800003,-36.78000336,442.200008,436.2517329,5.948275129,496.5600083,-54.36000032,8.0,11.5,12.0625,7.0,2.0,8.0,1.0,1.0,7.0,2.0,1997.0,-31.9,115.98,0.488995743,0.402525667,both,True,-31.9,115.98,31.9,Gymnorhina_tibicen_-31.9_115.98,22.86070029,1997.0,7.0,-31.9,115.98,1997-07-01,1997-07-31,ECMWF/ERA5_LAND/DAILY_AGGR,15.615427494026337,2.468404727647425,4.493921068429499,76.52054655707019,10.0,11.391146493727184,7.142132441202762,2.129319069460851
336,238Hughes2003,Gymnorhina_tibicen,Gymnorhina_tibicen,Passeriformes,Artamidae,"Woodswallows, Bellmagpies, and Allies",Gymnorhina_tibicen,monogamy,yearly,Australian_magpie,-31.9,115.98,no,microsatellite,1998,1999,July,February,90.9,10.0,1.0,11.0,336,115.98,1998,7.0,145.0,12.30000019,13.32413805,-1.024137859,13.68000011,-1.379999924,2.0,18.82500017,18.6314658,0.19353437,19.02250037,-0.197500205,8.0,154.8000031,155.0965555,-0.296552461,175.3199997,-20.51999664,421.9000124,436.2517329,-14.35172054,478.6200068,-56.71999443,8.0,8.699999809,11.78750026,7.0,2.0,8.0,1.0,1.0,7.0,2.0,1998.0,-31.9,115.98,0.515581307,0.418535302,both,True,-31.9,115.98,31.9,Gymnorhina_tibicen_-31.9_115.98,22.86070029,1998.0,7.0,-31.9,115.98,1998-07-01,1998-07-31,ECMWF/ERA5_LAND/DAILY_AGGR,14.92181718339225,2.529636117159839,4.088361267339064,78.41871963195501,12.0,11.133352451939754,6.761754989624023,1.5722518841871065
337,110Varian-Ramos2012,Malurus_melanocephalus,Malurus_melanocephalus,Passeriformes,Maluridae,Fairywrens,Malurus_melanocephalus,monogamy,yearly,red-backed_fairy-wren,-17.37,125.75,no,microsatellite,1998,1999,October,February,76.0,26.0,8.0,34.0,337,125.75,1998,10.0,146.0,31.10000038,29.17241406,1.927586325,29.42000084,1.679999542,2.0,30.34000015,29.91586248,0.424137668,29.79600044,0.54399971,5.0,43.60000229,14.07931051,29.52069178,20.00000052,23.60000176,736.2000008,563.3827673,172.8172335,759.3400053,-23.14000449,5.0,13.40000057,11.88000031,10.0,2.0,5.0,1.0,1.0,10.0,2.0,1998.0,-17.37,125.75,0.228626496,0.32503487,both,True,-17.37,125.75,17.37,Malurus_melanocephalus_-17.37_125.75,149.6635265,1998.0,10.0,-17.37,125.75,1998-10-01,1998-10-31,ECMWF/ERA5_LAND/DAILY_AGGR,3.670722246170044,0.4892053703071592,1.0141022735641203,15.165366479521936,6.0,31.70273289424119,5.678587595621764,1.122483300862417
338,110Varian-Ramos2012,Malurus_melanocephalus,Malurus_melanocephalus,Passeriformes,Maluridae,Fairywrens,Malurus_melanocephalus,monogamy,yearly,red-backed_fairy-wren,-17.37,125.75,no,microsatellite,1999,2000,October,February,68.0,30.0,14.0,44.0,338,125.75,1999,10.0,146.0,28.80000114,29.17241406,-0.372412912,29.88000069,-1.079999542,2.0,29.06000061,29.91586248,-0.855861874,29.92000038,-0.859999771,5.0,37.70000076,14.07931051,23.62069026,28.18000097,9.51999979,781.2000084,563.3827673,217.8172411,708.3800048,72.8200036,5.0,13.5,11.72000027,10.0,2.0,5.0,1.0,1.0,10.0,2.0,1999.0,-17.37,125.75,0.235483818,0.271991166,both,True,-17.37,125.75,17.37,Malurus_melanocephalus_-17.37_125.75,149.6635265,1999.0,10.0,-17.37,125.75,1999-10-01,1999-10-31,ECMWF/ERA5_LAND/DAILY_AGGR,8.586481213569641,0.8249029241411903,1.7816480152864502,25.571990648376897,7.0,29.36608975728354,7.382613499959291,1.684026309225951
339,110Varian-Ramos2012,Malurus_melanocephalus,Malurus_melanocephalus,Passeriformes,Maluridae,Fairywrens,Malurus_melanocephalus,monogamy,yearly,red-backed_fairy-wren,-17.37,125.75,no,microsatellite,2000,2001,October,February,62.0,21.0,13.0,34.0,339,125.75,2000,10.0,146.0,28.70000076,29.17241406,-0.472413293,29.70000076,-1.0,2.0,29.02000084,29.91586248,-0.895861645,29.7040004,-0.683999557,5.0,43.90000153,14.07931051,29.82069102,31.70000105,12.20000048,788.4000044,563.3827673,225.0172371,731.6800059,56.71999846,5.0,12.80000019,11.24000034,10.0,2.0,5.0,1.0,1.0,10.0,2.0,2000.0,-17.37,125.75,0.216794898,0.269614046,both,True,-17.37,125.75,17.37,Malurus_melanocephalus_-17.37_125.75,149.6635265,2000.0,10.0,-17.37,125.75,2000-10-01,2000-10-31,ECMWF/ERA5_LAND/DAILY_AGGR,21.58113718030563,1.6227865081811117,4.146465910097985,50.30638175361446,8.0,28.248888680242747,12.920572916666686,3.237477846824549
340,110Varian-Ramos2012,Malurus_melanocephalus,Malurus_melanocephalus,Passeriformes,Maluridae,Fairywrens,Malurus_melanocephalus,monogamy,yearly,red-backed_fairy-wren,-17.37,125.75,no,microsatellite,2003,2004,October,February,56.0,5.0,4.0,9.0,340,125.75,2003,10.0,146.0,29.0,29.17241406,-0.172414056,29.52000046,-0.520000458,2.0,29.92000046,29.91586248,0.004137973,29.58800056,0.331999893,5.0,13.60000038,14.07931051,-0.479310126,26.64000089,-13.04000051,663.6000195,563.3827673,100.2172522,772.360008,-108.7599886,5.0,15.0,12.18000011,10.0,2.0,5.0,1.0,1.0,10.0,2.0,2003.0,-17.37,125.75,0.229494041,0.228496573,both,True,-17.37,125.75,17.37,Malurus_melanocephalus_-17.37_125.75,149.6635265,2003.0,10.0,-17.37,125.75,2003-10-01,2003-10-31,ECMWF/ERA5_LAND/DAILY_AGGR,0.2972185611724853,0.0183156332274202,0.0661022262591403,0.5677846300500278,0.0,29.93086485503824,6.136404037475586,1.6718582963987862
341,110Varian-Ramos2012,Malurus_melanocephalus,Malurus_melanocephalus,Passeriformes,Maluridae,Fairywrens,Malurus_melanocephalus,monogamy,yearly,red-backed_fairy-wren,-17.37,125.75,no,microsatellite,2004,2005,October,February,45.0,10.0,12.0,22.0,341,125.75,2004,10.0,146.0,30.70000076,29.17241406,1.527586707,29.10000038,1.600000381,2.0,30.22000046,29.91586248,0.304137973,29.50400063,0.715999832,5.0,4.099999905,14.07931051,-9.979310603,20.64000051,-16.54000061,702.5999961,563.3827673,139.2172288,757.8400118,-55.24001567,5.0,13.30000019,11.90000038,10.0,2.0,5.0,1.0,1.0,10.0,2.0,2004.0,-17.37,125.75,0.231843574,0.241231209,both,True,-17.37,125.75,17.37,Malurus_melanocephalus_-17.37_125.75,149.6635265,2004.0,10.0,-17.37,125.75,2004-10-01,2004-10-31,ECMWF/ERA5_LAND/DAILY_AGGR,1.11086634080948,0.069356397338813,0.2308414970199715,2.150048317503206,1.0,31.81572145851711,4.27005704243976,0.9880511370991863
342,110Varian-Ramos2012,Malurus_melanocephalus,Malurus_melanocephalus,Passeriformes,Maluridae,Fairywrens,Malurus_melanocephalus,monogamy,yearly,red-backed_fairy-wren,-17.37,125.75,no,microsatellite,2005,2006,October,February,76.0,29.0,9.0,38.0,342,125.75,2005,10.0,146.0,29.89999962,29.17241406,0.727585562,29.48000031,0.419999313,2.0,30.56000023,29.91586248,0.644137744,29.7360006,0.823999634,5.0,3.299999952,14.07931051,-10.77931056,13.92000034,-10.62000039,612.0000083,563.3827673,48.61724106,742.1200093,-130.120001,5.0,13.30000019,12.28000011,10.0,2.0,5.0,1.0,1.0,10.0,2.0,2005.0,-17.37,125.75,0.208269181,0.227918045,both,True,-17.37,125.75,17.37,Malurus_melanocephalus_-17.37_125.75,149.6635265,2005.0,10.0,-17.37,125.75,2005-10-01,2005-10-31,ECMWF/ERA5_LAND/DAILY_AGGR,0.3966689109802246,0.0225123093092212,0.0793787305664433,0.697881588585858,0.0,31.66452388148156,5.535497665405273,1.5397204744481845
343,110Varian-Ramos2012,Malurus_melanocephalus,Malurus_melanocephalus,Passeriformes,Maluridae,Fairywrens,Malurus_melanocephalus,monogamy,yearly,red-backed_fairy-wren,-17.37,125.75,no,microsatellite,2006,2007,October,February,84.0,16.0,3.0,19.0,343,125.75,2006,10.0,146.0,29.70000076,29.17241406,0.527586707,29.72000008,-0.019999313,2.0,29.56000099,29.91586248,-0.355861493,30.04400047,-0.483999481,5.0,13.19999981,14.07931051,-0.879310698,5.800000024,7.399999785,757.9000196,563.3827673,194.5172524,706.8400101,51.06000955,5.0,13.30000019,11.94000034,10.0,2.0,5.0,1.0,1.0,10.0,2.0,2006.0,-17.37,125.75,0.249722589,0.268764137,both,True,-17.37,125.75,17.37,Malurus_melanocephalus_-17.37_125.75,149.6635265,2006.0,10.0,-17.37,125.75,2006-10-01,2006-10-31,ECMWF/ERA5_LAND/DAILY_AGGR,22.1750080584684,1.0528904296829145,3.973541362375484,32.63960332017035,4.0,29.94474089837846,5.732259750366211,1.4710430535846828
344,110Varian-Ramos2012,Malurus_melanocephalus,Malurus_melanocephalus,Passeriformes,Maluridae,Fairywrens,Malurus_melanocephalus,monogamy,yearly,red-backed_fairy-wren,-17.37,125.75,no,microsatellite,2007,2008,October,February,65.0,20.0,11.0,31.0,344,125.75,2007,10.0,146.0,29.60000038,29.17241406,0.427586325,29.94000015,-0.339999771,2.0,29.94000053,29.91586248,0.024138049,30.09600052,-0.155999985,5.0,0.699999988,14.07931051,-13.37931052,7.220000005,-6.520000017,505.6000215,563.3827673,-57.78274574,709.9200145,-204.319993,5.0,15.5,12.44000015,10.0,2.0,5.0,1.0,1.0,10.0,2.0,2007.0,-17.37,125.75,0.228128262,0.238474737,both,True,-17.37,125.75,17.37,Malurus_melanocephalus_-17.37_125.75,149.6635265,2007.0,10.0,-17.37,125.75,2007-10-01,2007-10-31,ECMWF/ERA5_LAND/DAILY_AGGR,0.1777142285845911,0.0078730722340114,0.0317687961537303,0.244065239254354,0.0,30.6726195509716,5.710816701253236,1.363313911477045
345,326Webster2004,Malurus_splendens,Malurus_splendens,Passeriformes,Maluridae,Fairywrens,Malurus_splendens,monogamy,yearly,splendid_fairy-wren,-34.33,139.03,no,microsatellite,1992,1992,October,December,33.3,5.0,10.0,15.0,345,139.03,1992,10.0,147.0,15.60000038,15.29310371,0.30689667,15.84000034,-0.239999962,12.0,17.16666698,17.9885061,-0.821839113,18.4733338,-1.306666819,3.0,75.0,33.34482804,41.65517196,18.78000011,56.21999989,187.6000023,73.60689767,113.9931046,59.62000041,127.9800019,3.0,11.60000038,12.30000019,10.0,12.0,3.0,1.0,1.0,10.0,12.0,1992.0,-34.33,139.03,0.571453987,0.430791447,both,True,-34.33,139.03,34.33,Malurus_splendens_-34.33_139.03,65.39990158,1992.0,10.0,-34.33,139.03,1992-10-01,1992-10-31,ECMWF/ERA5_LAND/DAILY_AGGR,21.93366289128562,2.371925092434607,4.3987763032392095,73.52967786547282,13.0,13.789696240168771,10.534133911132812,3.106278381458237
346,326Webster2004,Malurus_splendens,Malurus_splendens,Passeriformes,Maluridae,Fairywrens,Malurus_splendens,monogamy,yearly,splendid_fairy-wren,-34.33,139.03,no,microsatellite,1993,1993,October,December,61.9,13.0,8.0,21.0,346,139.03,1993,10.0,147.0,15.0,15.29310371,-0.293103711,15.96000042,-0.96000042,12.0,17.93333371,17.9885061,-0.055172383,18.26000048,-0.326666768,3.0,39.79999924,33.34482804,6.455171199,27.08000011,12.71999912,93.89999962,73.60689767,20.29310195,83.74000087,10.15999875,3.0,12.90000057,14.03333378,10.0,12.0,3.0,1.0,1.0,10.0,12.0,1993.0,-34.33,139.03,0.544826547,0.292503718,both,True,-34.33,139.03,34.33,Malurus_splendens_-34.33_139.03,65.39990158,1993.0,10.0,-34.33,139.03,1993-10-01,1993-10-31,ECMWF/ERA5_LAND/DAILY_AGGR,21.18822932243347,2.439027004679555,5.466085786392944,75.6098371450662,9.0,13.599421129944526,12.78623390197754,3.3266224696651228
347,326Webster2004,Malurus_splendens,Malurus_splendens,Passeriformes,Maluridae,Fairywrens,Malurus_splendens,monogamy,yearly,splendid_fairy-wren,-34.33,139.03,no,microsatellite,1995,1995,October,December,62.9,22.0,13.0,35.0,347,139.03,1995,10.0,147.0,15.5,15.29310371,0.206896289,15.92000046,-0.420000458,12.0,17.86666743,17.9885061,-0.121838668,18.18666706,-0.319999631,3.0,63.70000076,33.34482804,30.35517272,32.84000015,30.86000061,81.70000076,73.60689767,8.093103096,86.46000142,-4.760000658,3.0,13.40000057,14.80000051,10.0,12.0,3.0,1.0,1.0,10.0,12.0,1995.0,-34.33,139.03,0.521131225,0.338745378,both,True,-34.33,139.03,34.33,Malurus_splendens_-34.33_139.03,65.39990158,1995.0,10.0,-34.33,139.03,1995-10-01,1995-10-31,ECMWF/ERA5_LAND/DAILY_AGGR,32.32094034689226,1.984121731725753,5.779183287946214,61.50777368349836,8.0,13.956790009365314,15.23116366068524,3.7947532510613295
348,326Webster2004,Malurus_splendens,Malurus_splendens,Passeriformes,Maluridae,Fairywrens,Malurus_splendens,monogamy,yearly,splendid_fairy-wren,-34.33,139.03,no,microsatellite,1996,1996,October,December,56.4,22.0,17.0,39.0,348,139.03,1996,10.0,147.0,15.5,15.29310371,0.206896289,15.78000031,-0.280000305,12.0,17.56666692,17.9885061,-0.421839177,17.98666719,-0.420000267,3.0,17.10000038,33.34482804,-16.24482766,40.44000015,-23.33999977,34.60000086,73.60689767,-39.00689681,91.98000131,-57.38000045,3.0,14.10000038,15.06666692,10.0,12.0,3.0,1.0,1.0,10.0,12.0,1996.0,-34.33,139.03,0.589837942,0.41452748,both,True,-34.33,139.03,34.33,Malurus_splendens_-34.33_139.03,65.39990158,1996.0,10.0,-34.33,139.03,1996-10-01,1996-10-31,ECMWF/ERA5_LAND/DAILY_AGGR,9.871476888651642,0.6413749570478399,1.8146320792022428,19.882623668483035,4.0,14.084602651288458,13.607104619344112,3.937317216939184
349,326Webster2004,Malurus_splendens,Malurus_splendens,Passeriformes,Maluridae,Fairywrens,Malurus_splendens,monogamy,yearly,splendid_fairy-wren,-34.33,139.03,no,microsatellite,1997,1997,October,December,57.1,16.0,12.0,28.0,349,139.03,1997,10.0,147.0,15.80000019,15.29310371,0.506896479,15.58000031,0.219999886,12.0,18.83333365,17.9885061,0.844827553,17.86000042,0.973333232,3.0,48.60000229,33.34482804,15.25517425,43.26000023,5.34000206,117.5000038,73.60689767,43.89310615,91.7400013,25.76000252,3.0,14.10000038,15.20000045,10.0,12.0,3.0,1.0,1.0,10.0,12.0,1997.0,-34.33,139.03,0.526433972,0.318631164,both,True,-34.33,139.03,34.33,Malurus_splendens_-34.33_139.03,65.39990158,1997.0,10.0,-34.33,139.03,1997-10-01,1997-10-31,ECMWF/ERA5_LAND/DAILY_AGGR,59.931552410091626,2.7659209865454213,10.859561051802388,85.74355058290806,3.0,14.446524207822758,17.863791783650697,4.400989357906259
350,326Webster2004,Malurus_splendens,Malurus_splendens,Passeriformes,Maluridae,Fairywrens,Malurus_splendens,monogamy,yearly,splendid_fairy-wren,-34.33,139.03,no,microsatellite,1998,1998,October,December,47.6,10.0,11.0,21.0,350,139.03,1998,10.0,147.0,15.19999981,15.29310371,-0.093103902,15.62000027,-0.420000458,12.0,18.23333391,17.9885061,0.244827808,18.19333375,0.040000153,3.0,31.80000114,33.34482804,-1.544826894,37.98000069,-6.179999542,79.90000248,73.60689767,6.293104813,77.7200016,2.180000877,3.0,13.69999981,15.33333333,10.0,12.0,3.0,1.0,1.0,10.0,12.0,1998.0,-34.33,139.03,0.477237156,0.266088122,both,True,-34.33,139.03,34.33,Malurus_splendens_-34.33_139.03,65.39990158,1998.0,10.0,-34.33,139.03,1998-10-01,1998-10-31,ECMWF/ERA5_LAND/DAILY_AGGR,11.248109925418248,1.3108188666568632,2.6125579348237435,40.63538486636276,8.0,13.484549930531507,12.147176742553713,3.514202567599576
351,451Põldmaa1995,Manorina_melanocephala,Manorina_melanocephala,Passeriformes,Meliphagidae,Honeyeaters,Manorina_melanocephala,monogamy,yearly,noisy_miner,-27.33,152.55,no,DNA fingerprinting,1992,1992,July,November,5.3,1.0,18.0,19.0,351,152.55,1992,7.0,148.0,13.40000057,12.97241395,0.427586621,13.18000011,0.220000458,11.0,17.10000057,17.08137958,0.018620991,17.51200031,-0.411999741,5.0,66.40000153,71.57241526,-5.172413736,68.98000107,-2.579999542,247.7000065,358.8620732,-111.1620667,270.0000046,-22.29999807,5.0,14.19999981,13.86000004,7.0,11.0,5.0,1.0,1.0,7.0,11.0,1992.0,-27.33,152.55,0.419984202,0.404084921,both,True,-27.33,152.55,27.33,Manorina_melanocephala_-27.33_152.55,58.01668893,1992.0,7.0,-27.33,152.55,1992-07-01,1992-07-31,ECMWF/ERA5_LAND/DAILY_AGGR,7.973477244377136,0.4005527242382628,1.4604109206962883,12.417134451386149,2.0,13.087736958329415,7.150733947753906,1.8744339063616784
352,451Põldmaa1995,Manorina_melanocephala,Manorina_melanocephala,Passeriformes,Meliphagidae,Honeyeaters,Manorina_melanocephala,monogamy,yearly,noisy_miner,-27.33,152.55,no,DNA fingerprinting,1993,1993,July,November,0.0,0.0,12.0,12.0,352,152.55,1993,7.0,148.0,16.0,12.97241395,3.027586049,13.30000019,2.699999809,11.0,17.92000046,17.08137958,0.838620876,17.48000042,0.440000038,5.0,83.30000305,71.57241526,11.72758779,72.00000153,11.30000153,289.4000092,358.8620732,-69.46206408,250.7400048,38.66000435,5.0,10.19999981,12.54000015,7.0,11.0,5.0,1.0,1.0,7.0,11.0,1993.0,-27.33,152.55,0.367494041,0.366494458,both,True,-27.33,152.55,27.33,Manorina_melanocephala_-27.33_152.55,58.01668893,1993.0,7.0,-27.33,152.55,1993-07-01,1993-07-31,ECMWF/ERA5_LAND/DAILY_AGGR,20.272284746170044,1.6760895404544385,3.880991912764531,51.95877575408758,11.0,15.736283895020865,5.667457580566406,1.3709176171976616
353,113Lank2002,Philomachus_pugnax,Calidris_pugnax,Charadriiformes,Scolopacidae,Sandpipers and Allies,Philomachus_pugnax,lekking,yearly,ruff,60.83,25.33,no,DNA fingerprinting,1987,1987,May,June,50.0,2.0,2.0,4.0,353,25.33,1987,5.0,149.0,7.599999905,9.400000161,-1.800000257,10.34000015,-2.740000248,6.0,9.899999857,11.85344848,-1.953448624,11.90000019,-2.000000334,2.0,46.90000153,36.28620776,10.61379377,42.38000107,4.520000458,138.5,84.66207064,53.83792936,96.6400013,41.8599987,2.0,10.19999981,9.849999905,5.0,6.0,2.0,1.0,1.0,5.0,6.0,1987.0,60.83,25.33,0.373454935,0.3746894,both,True,60.83,25.33,60.83,Philomachus_pugnax_60.83_25.33,52.23751643,1987.0,5.0,60.83,25.33,1987-05-01,1987-05-31,ECMWF/ERA5_LAND/DAILY_AGGR,15.517748465583736,2.085497822303724,3.495481013964027,64.65043249141544,11.0,8.259926793908587,8.432221094767272,2.7160735756785708
354,113Lank2002,Philomachus_pugnax,Calidris_pugnax,Charadriiformes,Scolopacidae,Sandpipers and Allies,Philomachus_pugnax,lekking,yearly,ruff,60.83,25.33,no,DNA fingerprinting,1989,1989,May,June,56.2,9.0,7.0,16.0,354,25.33,1989,5.0,149.0,10.5,9.400000161,1.099999839,10.12000017,0.379999828,6.0,12.9000001,11.85344848,1.046551614,12.16000018,0.739999914,2.0,33.5,36.28620776,-2.786207758,42.66000137,-9.160001373,71.79999924,84.66207064,-12.8620714,99.50000114,-27.70000191,2.0,12.30000019,11.95000029,5.0,6.0,2.0,1.0,1.0,5.0,6.0,1989.0,60.83,25.33,0.425327116,0.525144846,both,True,60.83,25.33,60.83,Philomachus_pugnax_60.83_25.33,52.23751643,1989.0,5.0,60.83,25.33,1989-05-01,1989-05-31,ECMWF/ERA5_LAND/DAILY_AGGR,7.52525627609657,1.3458961648666674,2.2101595344622846,41.72278111086669,8.0,11.084919004542876,12.62588628133136,2.812320728180316
355,113Lank2002,Philomachus_pugnax,Calidris_pugnax,Charadriiformes,Scolopacidae,Sandpipers and Allies,Philomachus_pugnax,lekking,yearly,ruff,60.83,25.33,no,DNA fingerprinting,1990,1990,May,June,42.8,6.0,8.0,14.0,355,25.33,1990,5.0,149.0,9.400000572,9.400000161,4.11e-07,9.78000021,-0.379999638,6.0,11.65000057,11.85344848,-0.203447909,12.17000022,-0.519999647,2.0,33.70000076,36.28620776,-2.586206995,42.24000092,-8.540000153,61.90000153,84.66207064,-22.76206911,91.92000084,-30.01999931,2.0,11.19999981,11.25,5.0,6.0,2.0,1.0,1.0,5.0,6.0,1990.0,60.83,25.33,0.417776238,0.452194461,both,True,60.83,25.33,60.83,Philomachus_pugnax_60.83_25.33,52.23751643,1990.0,5.0,60.83,25.33,1990-05-01,1990-05-31,ECMWF/ERA5_LAND/DAILY_AGGR,16.40926158111,2.002281935290972,3.444876004515035,62.07073999402013,11.0,9.9385750350132,10.39262835184735,2.4301332414677628
356,2Jacobs2015,Sialia_mexicana,Sialia_mexicana,Passeriformes,Turdidae,Thrushes and Allies,Sialia_mexicana,monogamy,yearly,western_bluebird,35.88,-106.03,yes,microsatellite,2010,2010,May,August,64.0,16.0,9.0,25.0,356,-106.03,2010,5.0,150.0,13.69999981,13.89310367,-0.193103856,15.24000034,-1.540000534,8.0,19.37500024,18.47068986,0.904310374,19.49500051,-0.120000267,4.0,12.30000019,26.71034519,-14.410345,29.18000069,-16.8800005,152.1999979,184.3655195,-32.16552156,192.4000031,-40.20000515,4.0,18.30000114,17.42500043,5.0,8.0,4.0,1.0,1.0,5.0,8.0,2010.0,35.88,-106.03,0.273801058,0.283859582,both,True,35.88,-106.03,35.88,Sialia_mexicana_35.88_-106.03,833.9783859,2010.0,5.0,35.88,-106.03,2010-05-01,2010-05-31,ECMWF/ERA5_LAND/DAILY_AGGR,3.663390874862671,0.3820692561322311,0.963739551627923,11.844146940099163,3.0,15.558670769968366,16.296836217244447,4.389834820358712
357,2Jacobs2015,Sialia_mexicana,Sialia_mexicana,Passeriformes,Turdidae,Thrushes and Allies,Sialia_mexicana,monogamy,yearly,western_bluebird,35.88,-106.03,yes,microsatellite,2011,2011,May,August,70.4,19.0,8.0,27.0,357,-106.03,2011,5.0,150.0,13.30000019,13.89310367,-0.593103475,15.04000034,-1.740000153,8.0,19.75000024,18.47068986,1.279310374,19.55500045,0.19499979,4.0,6.099999905,26.71034519,-20.61034528,25.84000072,-19.74000082,86.29999828,184.3655195,-98.06552118,196.5400021,-110.2400038,4.0,19.0,18.55000019,5.0,8.0,4.0,1.0,1.0,5.0,8.0,2011.0,35.88,-106.03,0.252046688,0.254572322,both,True,35.88,-106.03,35.88,Sialia_mexicana_35.88_-106.03,833.9783859,2011.0,5.0,35.88,-106.03,2011-05-01,2011-05-31,ECMWF/ERA5_LAND/DAILY_AGGR,11.282542347903046,0.8653844314028126,2.489899427629007,26.82691737348719,3.0,14.497423200709864,21.39533042907715,4.828956753436917
358,2Jacobs2015,Sialia_mexicana,Sialia_mexicana,Passeriformes,Turdidae,Thrushes and Allies,Sialia_mexicana,monogamy,yearly,western_bluebird,35.88,-106.03,yes,microsatellite,2012,2012,May,August,66.7,16.0,8.0,24.0,358,-106.03,2012,5.0,150.0,16.10000038,13.89310367,2.206896716,14.36000023,1.740000153,8.0,20.45000029,18.47068986,1.979310422,19.49500036,0.954999924,4.0,14.30000019,26.71034519,-12.410345,25.46000071,-11.16000051,105.0000029,184.3655195,-79.36551661,162.500001,-57.49999809,4.0,18.70000076,18.05000019,5.0,8.0,4.0,1.0,1.0,5.0,8.0,2012.0,35.88,-106.03,0.272024504,0.268778383,both,True,35.88,-106.03,35.88,Sialia_mexicana_35.88_-106.03,833.9783859,2012.0,5.0,35.88,-106.03,2012-05-01,2012-05-31,ECMWF/ERA5_LAND/DAILY_AGGR,8.176285028355323,0.5975387505265007,1.5479949539714162,18.523701266321524,6.0,18.05016212873564,10.931861877441406,3.1146033491156806
359,377Lanctot1997,Tryngites_subruficollis,Calidris_subruficollis,Charadriiformes,Scolopacidae,Sandpipers and Allies,Tryngites_subruficollis,no_social_bond,yearly,buff-breasted_sandpiper,70.2,-148.25,no,DNA fingerprinting,1993,1993,June,August,36.5,11.0,19.0,30.0,359,-148.25,1993,6.0,151.0,8.100000381,6.558620765,1.541379616,7.660000134,0.440000248,8.0,8.566666762,7.440229997,1.126436765,8.300000191,0.266666571,3.0,15.40000057,13.96551752,1.434483051,11.36000032,4.040000248,67.8000021,69.03448427,-1.234482173,55.22000113,12.58000097,3.0,7.5,7.633333524,6.0,8.0,3.0,1.0,1.0,6.0,8.0,1993.0,70.2,-148.25,0.162418826,0.262415674,both,True,70.2,-148.25,70.2,Tryngites_subruficollis_70.2_-148.25,13.57185445,1993.0,6.0,70.2,-148.25,1993-06-01,1993-06-30,ECMWF/ERA5_LAND/DAILY_AGGR,6.233922638728018,0.4339686161364635,1.143977876572258,13.019058484093904,3.0,4.875676472981795,11.265242894490598,2.878668848367916
360,377Lanctot1997,Tryngites_subruficollis,Calidris_subruficollis,Charadriiformes,Scolopacidae,Sandpipers and Allies,Tryngites_subruficollis,no_social_bond,yearly,buff-breasted_sandpiper,70.2,-148.25,no,DNA fingerprinting,1994,1994,June,August,47.05,8.0,9.0,17.0,360,-148.25,1994,6.0,151.0,6.5,6.558620765,-0.058620765,7.760000229,-1.260000229,8.0,8.700000127,7.440229997,1.25977013,8.420000172,0.279999955,3.0,12.0,13.96551752,-1.965517521,11.96000032,0.039999676,73.30000114,69.03448427,4.265516873,52.48000097,20.82000017,3.0,7.800000191,8.300000191,6.0,8.0,3.0,1.0,1.0,6.0,8.0,1994.0,70.2,-148.25,0.160520157,0.316853432,both,True,70.2,-148.25,70.2,Tryngites_subruficollis_70.2_-148.25,13.57185445,1994.0,6.0,70.2,-148.25,1994-06-01,1994-06-30,ECMWF/ERA5_LAND/DAILY_AGGR,3.279271350550061,0.5974558618769757,0.8155672168585059,17.923675856309274,6.0,4.306640836927645,12.725418090820312,3.1282346952699784
361,326Webster2004,Malurus_splendens,Malurus_splendens,Passeriformes,Maluridae,Fairywrens,Malurus_splendens,monogamy,yearly,splendid_fairywren,-34.35,139.5,no,microsatellite,1992,1992,October,December,33.3,5.0,10.0,15.0,361,139.5,1992,10.0,152.0,16.20000076,16.36896564,-0.168964879,16.90000019,-0.699999428,12.0,17.86666743,18.98850617,-1.121838745,19.44666704,-1.579999606,3.0,61.29999924,27.81724206,33.48275717,14.04000027,47.25999897,162.7000008,64.99310478,97.70689598,50.98000078,111.72,3.0,12.80000019,12.96666686,10.0,12.0,3.0,1.0,1.0,10.0,12.0,1992.0,-34.35,139.5,0.353382058,0.304584402,both,True,-34.35,139.5,34.35,Malurus_splendens_-34.35_139.5,103.0742666,1992.0,10.0,-34.35,139.5,1992-10-01,1992-10-31,ECMWF/ERA5_LAND/DAILY_AGGR,17.417955398457252,1.7255973199864674,3.48525297242944,53.493516919580486,9.0,15.400284067789736,10.672595977783203,3.1115087176354104
362,326Webster2004,Malurus_splendens,Malurus_splendens,Passeriformes,Maluridae,Fairywrens,Malurus_splendens,monogamy,yearly,splendid_fairywren,-34.35,139.5,no,microsatellite,1993,1993,October,December,61.9,13.0,8.0,21.0,362,139.5,1993,10.0,152.0,15.80000019,16.36896564,-0.568965451,16.92000027,-1.120000076,12.0,18.76666737,18.98850617,-0.221838809,19.18000037,-0.413333003,3.0,38.40000153,27.81724206,10.58275946,21.40000012,17.00000141,90.30000114,64.99310478,25.30689636,71.08000088,19.22000027,3.0,13.5,14.4333334,10.0,12.0,3.0,1.0,1.0,10.0,12.0,1993.0,-34.35,139.5,0.337555582,0.279134248,both,True,-34.35,139.5,34.35,Malurus_splendens_-34.35_139.5,103.0742666,1993.0,10.0,-34.35,139.5,1993-10-01,1993-10-31,ECMWF/ERA5_LAND/DAILY_AGGR,21.59452358012004,2.1651128982490087,5.381871764842764,67.11849984571927,7.0,15.10104085860716,13.122008641560852,3.2218837755733296
363,326Webster2004,Malurus_splendens,Malurus_splendens,Passeriformes,Maluridae,Fairywrens,Malurus_splendens,monogamy,yearly,splendid_fairywren,-34.35,139.5,no,microsatellite,1995,1995,October,December,62.9,22.0,13.0,35.0,363,139.5,1995,10.0,152.0,16.39999962,16.36896564,0.031033976,16.80000057,-0.400000954,12.0,18.70000013,18.98850617,-0.288506047,19.06666737,-0.366667239,3.0,61.70000076,27.81724206,33.8827587,26.50000031,35.20000045,76.60000086,64.99310478,11.60689608,73.52000065,3.08000021,3.0,13.80000019,15.23333359,10.0,12.0,3.0,1.0,1.0,10.0,12.0,1995.0,-34.35,139.5,0.326112991,0.303499775,both,True,-34.35,139.5,34.35,Malurus_splendens_-34.35_139.5,103.0742666,1995.0,10.0,-34.35,139.5,1995-10-01,1995-10-31,ECMWF/ERA5_LAND/DAILY_AGGR,36.008828730757614,2.1207322127726145,6.467570629217539,65.74269859595105,7.0,15.28048372576316,14.374230066935183,3.5367203238184395
364,326Webster2004,Malurus_splendens,Malurus_splendens,Passeriformes,Maluridae,Fairywrens,Malurus_splendens,monogamy,yearly,splendid_fairywren,-34.35,139.5,no,microsatellite,1996,1996,October,December,56.4,22.0,17.0,39.0,364,139.5,1996,10.0,152.0,16.39999962,16.36896564,0.031033976,16.62000027,-0.220000648,12.0,18.46666654,18.98850617,-0.521839635,18.82000052,-0.353333982,3.0,15.40000057,27.81724206,-12.41724149,35.02000039,-19.61999981,31.80000114,64.99310478,-33.19310364,80.10000076,-48.29999962,3.0,15.0,15.73333391,10.0,12.0,3.0,1.0,1.0,10.0,12.0,1996.0,-34.35,139.5,0.336629237,0.306837574,both,True,-34.35,139.5,34.35,Malurus_splendens_-34.35_139.5,103.0742666,1996.0,10.0,-34.35,139.5,1996-10-01,1996-10-31,ECMWF/ERA5_LAND/DAILY_AGGR,7.618391513819489,0.5247315513181153,1.4344347096257144,16.266678090861575,5.0,15.896519863990072,13.199648539225224,3.883150499241089
365,326Webster2004,Malurus_splendens,Malurus_splendens,Passeriformes,Maluridae,Fairywrens,Malurus_splendens,monogamy,yearly,splendid_fairywren,-34.35,139.5,no,microsatellite,1997,1997,October,December,57.1,16.0,12.0,28.0,365,139.5,1997,10.0,152.0,16.70000076,16.36896564,0.331035121,16.40000019,0.300000572,12.0,19.63333384,18.98850617,0.644827667,18.6733338,0.960000038,3.0,34.40000153,27.81724206,6.582759463,37.8800005,-3.47999897,93.00000191,64.99310478,28.00689713,81.08000097,11.92000093,3.0,15.10000038,15.96666718,10.0,12.0,3.0,1.0,1.0,10.0,12.0,1997.0,-34.35,139.5,0.328034912,0.301638024,both,True,-34.35,139.5,34.35,Malurus_splendens_-34.35_139.5,103.0742666,1997.0,10.0,-34.35,139.5,1997-10-01,1997-10-31,ECMWF/ERA5_LAND/DAILY_AGGR,45.58906555172371,2.239832125818296,8.53620987542956,69.43479590036716,3.0,16.226821271834858,17.35874621073407,4.277447774485159
366,326Webster2004,Malurus_splendens,Malurus_splendens,Passeriformes,Maluridae,Fairywrens,Malurus_splendens,monogamy,yearly,splendid_fairywren,-34.35,139.5,no,microsatellite,1998,1998,October,December,47.6,10.0,11.0,21.0,366,139.5,1998,10.0,152.0,16.20000076,16.36896564,-0.168964879,16.50000019,-0.299999428,12.0,19.1666673,18.98850617,0.178161128,19.02666709,0.140000216,3.0,26.39999962,27.81724206,-1.417242445,32.50000095,-6.100001335,73.39999866,64.99310478,8.406893884,67.1400012,6.259997463,3.0,14.19999981,15.66666667,10.0,12.0,3.0,1.0,1.0,10.0,12.0,1998.0,-34.35,139.5,0.321401515,0.282194978,both,True,-34.35,139.5,34.35,Malurus_splendens_-34.35_139.5,103.0742666,1998.0,10.0,-34.35,139.5,1998-10-01,1998-10-31,ECMWF/ERA5_LAND/DAILY_AGGR,8.4427875167421,0.8900148813687968,1.849242844572525,27.590461322432706,6.0,15.129367323844686,12.304009119669558,3.4643364213908043
367,475Wrege1987,Melanerpes_formicivorus,Melanerpes_formicivorus,Piciformes,Picidae,Woodpeckers,Melanerpes_formicivorus,monogamy,yearly,white-fronted_bee-eater,-0.37,36.08,no,other,1982,1982,October,December,6.1,4.0,61.0,65.0,367,36.08,1982,10.0,153.0,14.60000038,14.96206922,-0.362068834,15.24000034,-0.639999962,12.0,14.80000019,14.93678185,-0.13678166,15.086667,-0.286666807,3.0,143.1999969,67.55862177,75.64137518,61.64000092,81.55999603,369.6000061,202.5034514,167.0965547,181.0200015,188.5800046,3.0,14.30000019,13.83333365,10.0,12.0,3.0,1.0,1.0,10.0,12.0,1982.0,-0.37,36.08,0.417669486,0.528124929,both,True,-0.37,36.08,0.37,Melanerpes_formicivorus_-0.37_36.08,527.6824721,1982.0,10.0,-0.37,36.08,1982-10-01,1982-10-31,ECMWF/ERA5_LAND/DAILY_AGGR,14.317104220385346,3.576668028525402,4.1957718905178405,110.87670888428748,18.0,17.403269088909216,2.18471844991052,0.5069863654073534
368,475Wrege1987,Melanerpes_formicivorus,Melanerpes_formicivorus,Piciformes,Picidae,Woodpeckers,Melanerpes_formicivorus,monogamy,yearly,white-fronted_bee-eater,-0.37,36.08,no,other,1983,1983,October,December,6.1,4.0,61.0,65.0,368,36.08,1983,10.0,153.0,15.5,14.96206922,0.537930785,15.08000031,0.419999695,12.0,15.26666705,14.93678185,0.329885198,15.08666693,0.180000114,3.0,89.0,67.55862177,21.44137823,66.2,22.8,240.5000076,202.5034514,37.99655625,179.7000025,60.8000051,3.0,13.40000057,13.60000006,10.0,12.0,3.0,1.0,1.0,10.0,12.0,1983.0,-0.37,36.08,0.440560028,0.50783177,both,True,-0.37,36.08,0.37,Melanerpes_formicivorus_-0.37_36.08,527.6824721,1983.0,10.0,-0.37,36.08,1983-10-01,1983-10-31,ECMWF/ERA5_LAND/DAILY_AGGR,42.58373379707336,6.963396980289933,8.137209614421188,215.865306388988,25.0,17.058165548181044,2.3357359568278184,0.5672604265111268
369,475Wrege1987,Melanerpes_formicivorus,Melanerpes_formicivorus,Piciformes,Picidae,Woodpeckers,Melanerpes_formicivorus,monogamy,yearly,white-fronted_bee-eater,-0.37,36.08,no,other,1984,1984,October,December,6.1,4.0,61.0,65.0,369,36.08,1984,10.0,153.0,14.80000019,14.96206922,-0.162069025,15.16000023,-0.360000038,12.0,14.83333365,14.93678185,-0.103448199,15.14666691,-0.313333257,3.0,57.79999924,67.55862177,-9.758622531,63.5,-5.700000763,191.5000038,202.5034514,-11.00344757,181.4400042,10.05999961,3.0,14.60000038,13.93333371,10.0,12.0,3.0,1.0,1.0,10.0,12.0,1984.0,-0.37,36.08,0.256429248,0.408955791,both,True,-0.37,36.08,0.37,Melanerpes_formicivorus_-0.37_36.08,527.6824721,1984.0,10.0,-0.37,36.08,1984-10-01,1984-10-31,ECMWF/ERA5_LAND/DAILY_AGGR,17.492002069388946,3.8367104302440818,4.778387076159024,118.93802333756652,16.0,17.42395194679181,3.767669677734375,0.8996832649425405
370,178Gavin1998,Accipiter_gentilis,Astur_gentilis,Accipitriformes,Accipitridae,"Hawks, Eagles, and Kites",Accipiter_gentilis,monogamy,yearly,northern_goshawk,36.71,-112.22,no,other,1991,1991,April,August,6.67,1.0,14.0,15.0,370,-112.22,1991,4.0,154.0,5.900000095,6.727586302,-0.827586207,8.840000153,-2.940000057,8.0,14.50000048,15.08413825,-0.584137772,15.82800018,-1.327999706,5.0,1.899999976,22.38620725,-20.48620727,34.08000011,-32.18000014,74.20000112,135.106899,-60.90689785,151.380003,-77.18000185,5.0,17.39999962,18.72000008,4.0,8.0,5.0,1.0,1.0,4.0,8.0,1991.0,36.71,-112.22,0.342613763,0.386210299,both,True,36.71,-112.22,36.71,Accipiter_gentilis_36.71_-112.22,586.8457102,1991.0,4.0,36.71,-112.22,1991-04-01,1991-04-30,ECMWF/ERA5_LAND/DAILY_AGGR,4.122084976984297,0.4004466425821344,0.825565352110107,12.013399277464032,3.0,7.192202758789088,13.99264907836914,3.480319157786977
371,178Gavin1998,Accipiter_gentilis,Astur_gentilis,Accipitriformes,Accipitridae,"Hawks, Eagles, and Kites",Accipiter_gentilis,monogamy,yearly,northern_goshawk,36.71,-112.22,no,other,1992,1992,April,August,0.0,0.0,8.0,8.0,371,-112.22,1992,4.0,154.0,10.10000038,6.727586302,3.372414079,8.480000114,1.620000267,8.0,15.7800005,15.08413825,0.695862247,15.56000019,0.220000305,5.0,5.700000286,22.38620725,-16.68620696,28.68000019,-22.9799999,162.4000072,135.106899,27.29310827,138.3200034,24.08000386,5.0,17.60000038,18.02000084,4.0,8.0,5.0,1.0,1.0,4.0,8.0,1992.0,36.71,-112.22,0.325737377,0.370877466,both,True,36.71,-112.22,36.71,Accipiter_gentilis_36.71_-112.22,586.8457102,1992.0,4.0,36.71,-112.22,1992-04-01,1992-04-30,ECMWF/ERA5_LAND/DAILY_AGGR,4.936641454605706,0.3907502454700544,0.9064071138440372,11.72250736410163,3.0,11.387430148654536,15.45962905883789,3.775693909464076
372,178Gavin1998,Accipiter_gentilis,Astur_gentilis,Accipitriformes,Accipitridae,"Hawks, Eagles, and Kites",Accipiter_gentilis,monogamy,yearly,northern_goshawk,36.71,-112.22,no,other,1993,1993,April,August,0.0,0.0,16.0,16.0,372,-112.22,1993,4.0,154.0,7.400000095,6.727586302,0.672413793,8.600000191,-1.200000095,8.0,14.74000063,15.08413825,-0.344137619,15.60000031,-0.859999676,5.0,3.0,22.38620725,-19.38620725,27.76000021,-24.76000021,92.40000248,135.106899,-42.70689649,136.5400035,-44.14000099,5.0,17.5,19.06000023,4.0,8.0,5.0,1.0,1.0,4.0,8.0,1993.0,36.71,-112.22,0.33669221,0.397872654,both,True,36.71,-112.22,36.71,Accipiter_gentilis_36.71_-112.22,586.8457102,1993.0,4.0,36.71,-112.22,1993-04-01,1993-04-30,ECMWF/ERA5_LAND/DAILY_AGGR,4.20565307139853,0.2904987902244471,0.7913283650770725,8.714963706733414,2.0,8.908828926086445,12.471593221028684,3.733045503031912
373,206Stewart2006,Passer_domesticus,Passer_domesticus,Passeriformes,Passeridae,Old World Sparrows,Passer_domesticus,monogamy,yearly,house_sparrow,35.0,-83.0,yes,microsatellite,1995,1995,March,,28.3,15.0,38.0,53.0,373,-83.0,1995,3.0,155.0,12.69999981,10.82068984,1.879309967,11.44000034,1.259999466,,,,,,,,74.59999847,147.2275885,-72.62759005,181.7200012,-107.1200027,,,,,,,14.5,,3.0,,,1.0,0.0,3.0,,1995.0,35.0,-83.0,0.483962034,,both,True,35.0,-83.0,35.0,Passer_domesticus_35_-83,349.0081931,1995.0,3.0,35.0,-83.0,1995-03-01,1995-03-31,ECMWF/ERA5_LAND/DAILY_AGGR,68.87477934350272,4.413708602100424,12.37230079809142,136.82496666511312,9.0,10.400600297989406,17.355676651000977,3.783096559342489
374,206Stewart2006,Passer_domesticus,Passer_domesticus,Passeriformes,Passeridae,Old World Sparrows,Passer_domesticus,monogamy,yearly,house_sparrow,35.0,-83.0,yes,microsatellite,1996,1996,March,,24.7,18.0,55.0,73.0,374,-83.0,1996,3.0,155.0,8.600000381,10.82068984,-2.220689461,11.40000019,-2.799999809,,,,,,,,173.8000031,147.2275885,26.57241453,156.1800003,17.62000275,,,,,,,13.10000038,,3.0,,,1.0,0.0,3.0,,1996.0,35.0,-83.0,0.484361642,,both,True,35.0,-83.0,35.0,Passer_domesticus_35_-83,349.0081931,1996.0,3.0,35.0,-83.0,1996-03-01,1996-03-31,ECMWF/ERA5_LAND/DAILY_AGGR,45.10210573585027,6.315386806627838,11.525467482345496,195.77699100546292,14.0,5.938334483485089,18.916579564412416,4.730321655559481
375,205Stewart2015,Passer_domesticus,Passer_domesticus,Passeriformes,Passeridae,Old World Sparrows,Passer_domesticus,monogamy,single-year study,house_sparrow,35.0,-83.0,yes,microsatellite,2004,2004,May,August,26.7,20.0,55.0,75.0,375,-83.0,2004,5.0,155.0,22.0,19.58620736,2.413792643,19.88000069,2.119999313,8.0,23.70000029,23.29827619,0.401724092,23.63500032,0.064999962,4.0,77.30000305,110.2586224,-32.95861935,75.14000244,2.16000061,478.7000122,457.3655257,21.33448647,386.9400063,91.76000595,4.0,13.0,11.2750001,5.0,8.0,4.0,1.0,1.0,5.0,8.0,2004.0,35.0,-83.0,0.738690009,0.752833836,both,True,35.0,-83.0,35.0,Passer_domesticus_35_-83,349.0081931,2004.0,5.0,35.0,-83.0,2004-05-01,2004-05-31,ECMWF/ERA5_LAND/DAILY_AGGR,20.98516914713855,3.644562298351417,5.615651759060867,112.98143124889393,14.0,19.46751868135188,12.649789810180664,2.8785447031047364
376,395Václav2007,Passer_domesticus,Passer_domesticus,Passeriformes,Passeridae,Old World Sparrows,Passer_domesticus,monogamy,single-year study,house_sparrow,48.17,16.3,yes,microsatellite,2000,2000,,,28.6,10.0,25.0,35.0,376,16.3,2000,,156.0,,,,,,,,,,,,,,,,,,,,,,,,,,,,,,,,,,,,,,left_only,,48.17,16.3,48.17,Passer_domesticus_48.17_16.3,335.0023284,,,,,,,,,,,,,,,
377,394Vaclav2003,Passer_domesticus,Passer_domesticus,Passeriformes,Passeridae,Old World Sparrows,Passer_domesticus,monogamy,single-year study,house_sparrow,48.17,16.3,yes,DNA fingerprinting,1999,1999,March,July,43.5,20.0,26.0,46.0,377,16.3,1999,3.0,156.0,7.099999905,5.003448377,2.096551527,5.480000162,1.619999743,7.0,14.8000001,13.33103474,1.468965358,14.10000026,0.699999838,5.0,24.10000038,36.16551776,-12.06551738,42.10000114,-18.00000076,343.5000095,299.2103501,44.28965945,334.1200066,9.380002975,5.0,8.0,9.580000114,3.0,7.0,5.0,1.0,1.0,3.0,7.0,1999.0,48.17,16.3,0.309400821,0.479940668,both,True,48.17,16.3,48.17,Passer_domesticus_48.17_16.3,335.0023284,1999.0,3.0,48.17,16.3,1999-03-01,1999-03-31,ECMWF/ERA5_LAND/DAILY_AGGR,9.080517291920389,0.9382582326119584,1.7322616308134933,29.08600521097071,8.0,5.935117668233917,12.014124552408816,3.329224994126918
378,227Veiga2000,Passer_domesticus,Passer_domesticus,Passeriformes,Passeridae,Old World Sparrows,Passer_domesticus,monogamy,single-year study,house_sparrow,40.63,-4.0,yes,DNA fingerprinting,1995,1995,,,9.3,5.0,49.0,54.0,378,-4.0,1995,,157.0,,,,,,,,,,,,,,,,,,,,,,,,,,,,,,,,,,,,,,left_only,,40.63,-4.0,40.63,Passer_domesticus_40.63_-4,310.7255422,,,,,,,,,,,,,,,
379,224Wetton1991,Passer_domesticus,Passer_domesticus,Passeriformes,Passeridae,Old World Sparrows,Passer_domesticus,monogamy,yearly,house_sparrow,53.07,-0.95,yes,DNA fingerprinting,1985,1985,March,,24.0,6.0,19.0,25.0,379,-0.95,1985,3.0,56.0,4.599999905,5.420689731,-0.820689826,5.680000114,-1.08000021,,,,,,,,39.70000076,49.35862104,-9.658620275,67.5,-27.79999924,,,,,,,7.700000286,,3.0,,,1.0,0.0,3.0,,1985.0,53.07,-0.95,0.401212587,,both,True,53.07,-0.95,53.07,Passer_domesticus_53.07_-0.95,69.12314667,1985.0,3.0,53.07,-0.95,1985-03-01,1985-03-31,ECMWF/ERA5_LAND/DAILY_AGGR,7.890851068339089,1.6668136700350866,2.0587343153319275,51.67122377108768,11.0,3.787278378394365,12.071269989013672,2.908255115042617
380,224Wetton1991,Passer_domesticus,Passer_domesticus,Passeriformes,Passeridae,Old World Sparrows,Passer_domesticus,monogamy,yearly,house_sparrow,53.07,-0.95,yes,DNA fingerprinting,1986,1986,March,,19.2,9.0,38.0,47.0,380,-0.95,1986,3.0,56.0,4.900000095,5.420689731,-0.520689635,5.700000095,-0.8,,,,,,,,44.5,49.35862104,-4.858621038,61.05999985,-16.55999985,,,,,,,7.800000191,,3.0,,,1.0,0.0,3.0,,1986.0,53.07,-0.95,0.215842346,,both,True,53.07,-0.95,53.07,Passer_domesticus_53.07_-0.95,69.12314667,1986.0,3.0,53.07,-0.95,1986-03-01,1986-03-31,ECMWF/ERA5_LAND/DAILY_AGGR,11.275532841580116,2.1411140172915566,2.650146677465204,66.37453453603825,17.0,4.6965876630557695,9.832526524861636,2.485663663334733
381,224Wetton1991,Passer_domesticus,Passer_domesticus,Passeriformes,Passeridae,Old World Sparrows,Passer_domesticus,monogamy,yearly,house_sparrow,53.07,-0.95,yes,DNA fingerprinting,1987,1987,March,,30.2,16.0,37.0,53.0,381,-0.95,1987,3.0,56.0,4.400000095,5.420689731,-1.020689635,5.240000057,-0.839999962,,,,,,,,65.59999847,49.35862104,16.24137744,49.45999985,16.13999863,,,,,,,7.200000286,,3.0,,,1.0,0.0,3.0,,1987.0,53.07,-0.95,0.371604624,,both,True,53.07,-0.95,53.07,Passer_domesticus_53.07_-0.95,69.12314667,1987.0,3.0,53.07,-0.95,1987-03-01,1987-03-31,ECMWF/ERA5_LAND/DAILY_AGGR,8.342499530442637,2.488886820749311,2.6957452477335937,77.15549144322864,17.0,3.3212055165280776,9.243332544962584,3.0047770460683108
382,224Wetton1991,Passer_domesticus,Passer_domesticus,Passeriformes,Passeridae,Old World Sparrows,Passer_domesticus,monogamy,yearly,house_sparrow,53.07,-0.95,yes,DNA fingerprinting,1988,1988,March,,21.1,4.0,15.0,19.0,382,-0.95,1988,3.0,56.0,6.099999905,5.420689731,0.679310174,4.960000038,1.139999866,,,,,,,,68.20000458,49.35862104,18.84138354,48.85999985,19.34000473,,,,,,,7.099999905,,3.0,,,1.0,0.0,3.0,,1988.0,53.07,-0.95,0.414573646,,both,True,53.07,-0.95,53.07,Passer_domesticus_53.07_-0.95,69.12314667,1988.0,3.0,53.07,-0.95,1988-03-01,1988-03-31,ECMWF/ERA5_LAND/DAILY_AGGR,10.566633803136938,2.499694220482698,2.65734704705851,77.49052083496366,17.0,5.431021093553134,9.380643208821596,2.334798946259822
383,224Wetton1991,Passer_domesticus,Passer_domesticus,Passeriformes,Passeridae,Old World Sparrows,Passer_domesticus,monogamy,yearly,house_sparrow,53.07,-0.95,yes,DNA fingerprinting,1989,1989,March,,35.9,14.0,25.0,39.0,383,-0.95,1989,3.0,56.0,6.700000286,5.420689731,1.279310555,4.919999981,1.780000305,,,,,,,,48.5,49.35862104,-0.858621038,54.34000092,-5.840000916,,,,,,,8.100000381,,3.0,,,1.0,0.0,3.0,,1989.0,53.07,-0.95,0.467128454,,both,True,53.07,-0.95,53.07,Passer_domesticus_53.07_-0.95,69.12314667,1989.0,3.0,53.07,-0.95,1989-03-01,1989-03-31,ECMWF/ERA5_LAND/DAILY_AGGR,9.453266859054564,2.054605497078333,2.525057813794508,63.692770409428334,19.0,7.022541259437505,9.700311660766602,2.641589869858485
384,391Whitekiller2000,Passer_domesticus,Passer_domesticus,Passeriformes,Passeridae,Old World Sparrows,Passer_domesticus,monogamy,yearly,house_sparrow,35.2,-97.43,yes,DNA fingerprinting,1994,1994,March,August,29.0,,,,384,-97.43,1994,3.0,158.0,11.90000057,10.13103462,1.768965951,10.88000011,1.020000458,8.0,21.33333381,21.1293107,0.204023115,20.99000041,0.343333403,6.0,83.30000305,57.95172444,25.34827861,74.34000092,8.960002136,505.8000031,516.0275927,-10.22758962,650.6200056,-144.8200026,6.0,15.10000038,13.35000038,3.0,8.0,6.0,1.0,1.0,3.0,8.0,1994.0,35.2,-97.43,0.270347793,0.469672393,both,True,35.2,-97.43,35.2,Passer_domesticus_35.2_-97.43,651.636476,1994.0,3.0,35.2,-97.43,1994-03-01,1994-03-31,ECMWF/ERA5_LAND/DAILY_AGGR,52.51170247782966,2.938258270978668,9.61898631176799,91.0860064003387,6.0,11.457754286899382,21.174457550048828,5.131248354511648
385,391Whitekiller2000,Passer_domesticus,Passer_domesticus,Passeriformes,Passeridae,Old World Sparrows,Passer_domesticus,monogamy,yearly,house_sparrow,35.2,-97.43,yes,DNA fingerprinting,1995,1995,March,August,47.0,,,,385,-97.43,1995,3.0,158.0,10.80000019,10.13103462,0.66896557,11.22000027,-0.420000076,8.0,21.05000019,21.1293107,-0.079310505,21.14333369,-0.093333499,6.0,88.30000305,57.95172444,30.34827861,80.44000168,7.860001373,708.7000122,516.0275927,192.6724195,627.3800064,81.3200058,6.0,11.30000019,11.80000003,3.0,8.0,6.0,1.0,1.0,3.0,8.0,1995.0,35.2,-97.43,0.329785337,0.517008825,both,True,35.2,-97.43,35.2,Passer_domesticus_35.2_-97.43,651.636476,1995.0,3.0,35.2,-97.43,1995-03-01,1995-03-31,ECMWF/ERA5_LAND/DAILY_AGGR,81.08137249945457,4.961171015488337,14.788105108431372,153.79630148013845,10.0,10.519231640395317,26.777587890625,7.213385535087091
386,391Whitekiller2000,Passer_domesticus,Passer_domesticus,Passeriformes,Passeridae,Old World Sparrows,Passer_domesticus,monogamy,yearly,house_sparrow,35.2,-97.43,yes,DNA fingerprinting,1996,1996,March,August,25.0,,,,386,-97.43,1996,3.0,158.0,8.199999809,10.13103462,-1.931034812,11.16000023,-2.96000042,8.0,21.01666673,21.1293107,-0.112643965,21.1200003,-0.103333569,6.0,45.60000229,57.95172444,-12.35172215,64.04000168,-18.43999939,587.3000107,516.0275927,71.27241801,619.9000065,-32.5999958,6.0,14.69999981,12.76666673,3.0,8.0,6.0,1.0,1.0,3.0,8.0,1996.0,35.2,-97.43,0.267669929,0.533371288,both,True,35.2,-97.43,35.2,Passer_domesticus_35.2_-97.43,651.636476,1996.0,3.0,35.2,-97.43,1996-03-01,1996-03-31,ECMWF/ERA5_LAND/DAILY_AGGR,22.73443341255188,1.6657217201277317,4.951292559471253,51.63737332395968,5.0,8.609519064298263,23.52793566385901,6.360889949006832
387,177Seress2007,Passer_montanus,Passer_montanus,Passeriformes,Passeridae,Old World Sparrows,Passer_montanus,monogamy,single-year study,tree_sparrow,46.25,20.13,yes,microsatellite,2006,2006,March,August,21.1,4.0,15.0,19.0,387,20.13,2006,3.0,159.0,5.300000191,6.024138056,-0.724137865,6.980000114,-1.679999924,8.0,16.70000045,16.1143681,0.585632341,17.27666699,-0.576666546,6.0,39.20000076,29.92758673,9.272414035,28.12000036,11.0800004,417.6000099,309.1862116,108.4137984,331.980004,85.62000589,6.0,9.699999809,11.7166667,3.0,8.0,6.0,1.0,1.0,3.0,8.0,2006.0,46.25,20.13,0.210506311,0.519553799,both,True,46.25,20.13,46.25,Passer_montanus_46.25_20.13,407.0341806,2006.0,3.0,46.25,20.13,2006-03-01,2006-03-31,ECMWF/ERA5_LAND/DAILY_AGGR,19.39329472963891,2.1948331633248768,4.09963002352441,68.03982806307118,10.0,4.96763359397973,15.619462966918944,4.640982334473291
388,104Freeman-Gallant2005,Passerculus_sandwichensis,Passerculus_sandwichensis,Passeriformes,Passerellidae,New World Sparrows,Passerculus_sandwichensis,monogamy,yearly,savannah_sparrow,44.58,-66.77,no,microsatellite,2002,2002,,,73.4,47.0,17.0,64.0,388,-66.77,2002,,160.0,,,,,,,,,,,,,,,,,,,,,,,,,,,,,,,,,,,,,,left_only,,44.58,-66.77,44.58,Passerculus_sandwichensis_44.58_-66.77,9.624771397,,,,,,,,,,,,,,,
389,104Freeman-Gallant2005,Passerculus_sandwichensis,Passerculus_sandwichensis,Passeriformes,Passerellidae,New World Sparrows,Passerculus_sandwichensis,monogamy,yearly,savannah_sparrow,44.58,-66.77,no,microsatellite,2003,2003,,,61.5,32.0,20.0,52.0,389,-66.77,2003,,160.0,,,,,,,,,,,,,,,,,,,,,,,,,,,,,,,,,,,,,,left_only,,44.58,-66.77,44.58,Passerculus_sandwichensis_44.58_-66.77,9.624771397,,,,,,,,,,,,,,,
390,120Westneat1990,Passerina_cyanea,Passerina_cyanea,Passeriformes,Cardinalidae,Cardinals and Allies,Passerina_cyanea,monogamy,single-year study,indigo_bunting,35.88,-79.02,no,DNA fingerprinting,1986,1986,May,August,48.0,12.0,13.0,25.0,390,-79.02,1986,5.0,161.0,19.80000114,19.14137972,0.658621426,19.16000023,0.640000916,8.0,23.85000086,23.00431072,0.845690135,22.9300004,0.920000458,4.0,72.70000458,103.3413817,-30.64137715,109.1800034,-36.47999878,463.8000145,447.3344902,16.46552434,457.8400085,5.960005951,4.0,14.10000038,13.42500019,5.0,8.0,4.0,1.0,1.0,5.0,8.0,1986.0,35.88,-79.02,0.639624042,0.627630809,both,True,35.88,-79.02,35.88,Passerina_cyanea_35.88_-79.02,183.0311017,1986.0,5.0,35.88,-79.02,1986-05-01,1986-05-31,ECMWF/ERA5_LAND/DAILY_AGGR,40.5164986847808,3.0234500457180595,7.321514188563675,93.72695141725984,12.0,20.604942370999265,11.1838213602702,2.8201569696382247
391,432Taylor2008,Petroica_australis,Petroica_longipes,Passeriformes,Petroicidae,Australasian Robins,Petroica_australis,monogamy,yearly,New_Zealand_robin,-47.0,168.0,no,microsatellite,2001,2002,,,0.0,0.0,1.0,1.0,391,168.0,2001,,162.0,,,,,,,,,,,,,,,,,,,,,,,,,,,,,,,,,,,,,,left_only,,-47.0,168.0,47.0,Petroica_australis_-47_168,8.177279832,,,,,,,,,,,,,,,
392,432Taylor2008,Petroica_australis,Petroica_longipes,Passeriformes,Petroicidae,Australasian Robins,Petroica_australis,monogamy,yearly,New_Zealand_robin,-47.0,168.0,no,microsatellite,2002,2003,,,0.0,0.0,8.0,8.0,392,168.0,2002,,162.0,,,,,,,,,,,,,,,,,,,,,,,,,,,,,,,,,,,,,,left_only,,-47.0,168.0,47.0,Petroica_australis_-47_168,8.177279832,,,,,,,,,,,,,,,
393,432Taylor2008,Petroica_australis,Petroica_longipes,Passeriformes,Petroicidae,Australasian Robins,Petroica_australis,monogamy,yearly,New_Zealand_robin,-47.0,168.0,no,microsatellite,2003,2004,,,0.0,0.0,11.0,11.0,393,168.0,2003,,162.0,,,,,,,,,,,,,,,,,,,,,,,,,,,,,,,,,,,,,,left_only,,-47.0,168.0,47.0,Petroica_australis_-47_168,8.177279832,,,,,,,,,,,,,,,
394,432Taylor2008,Petroica_australis,Petroica_longipes,Passeriformes,Petroicidae,Australasian Robins,Petroica_australis,monogamy,yearly,New_Zealand_robin,-47.0,168.0,no,microsatellite,2004,2005,,,0.0,0.0,19.0,19.0,394,168.0,2004,,162.0,,,,,,,,,,,,,,,,,,,,,,,,,,,,,,,,,,,,,,left_only,,-47.0,168.0,47.0,Petroica_australis_-47_168,8.177279832,,,,,,,,,,,,,,,
395,432Taylor2008,Petroica_australis,Petroica_longipes,Passeriformes,Petroicidae,Australasian Robins,Petroica_australis,monogamy,yearly,New_Zealand_robin,-45.0,168.0,no,microsatellite,2004,2005,,,4.5,1.0,21.0,22.0,395,168.0,2004,,163.0,,,,,,,,,,,,,,,,,,,,,,,,,,,,,,,,,,,,,,left_only,,-45.0,168.0,45.0,Petroica_australis_-45_168,37.96320147,,,,,,,,,,,,,,,
396,432Taylor2008,Petroica_australis,Petroica_longipes,Passeriformes,Petroicidae,Australasian Robins,Petroica_australis,monogamy,yearly,New_Zealand_robin,-34.37,119.6,no,microsatellite,2002,2003,,,0.0,0.0,2.0,2.0,396,119.6,2002,,164.0,,,,,,,,,,,,,,,,,,,,,,,,,,,,,,,,,,,,,,left_only,,-34.37,119.6,34.37,Petroica_australis_-34.37_119.6,12.00206848,,,,,,,,,,,,,,,
397,432Taylor2008,Petroica_australis,Petroica_longipes,Passeriformes,Petroicidae,Australasian Robins,Petroica_australis,monogamy,yearly,New_Zealand_robin,-34.37,119.6,no,microsatellite,2003,2004,,,0.0,0.0,3.0,3.0,397,119.6,2003,,164.0,,,,,,,,,,,,,,,,,,,,,,,,,,,,,,,,,,,,,,left_only,,-34.37,119.6,34.37,Petroica_australis_-34.37_119.6,12.00206848,,,,,,,,,,,,,,,
398,432Taylor2008,Petroica_australis,Petroica_longipes,Passeriformes,Petroicidae,Australasian Robins,Petroica_australis,monogamy,yearly,New_Zealand_robin,-34.37,119.6,no,microsatellite,2004,2005,,,0.0,0.0,4.0,4.0,398,119.6,2004,,164.0,,,,,,,,,,,,,,,,,,,,,,,,,,,,,,,,,,,,,,left_only,,-34.37,119.6,34.37,Petroica_australis_-34.37_119.6,12.00206848,,,,,,,,,,,,,,,
399,224Graves1992,Phalacrocorax_aristotelis,Gulosus_aristotelis,Suliformes,Phalacrocoracidae,Cormorants and Shags,Phalacrocorax_aristotelis,monogamy,single-year study,shag,56.18,-2.57,no,DNA fingerprinting,1987,1987,,,15.0,3.0,17.0,20.0,399,-2.57,1987,,165.0,,,,,,,,,,,,,,,,,,,,,,,,,,,,,,,,,,,,,,left_only,,56.18,-2.57,56.18,Phalacrocorax_aristotelis_56.18_-2.57,10.33981175,,,,,,,,,,,,,,,
400,432Taylor2008,Philesturnus_carunculatus,Philesturnus_carunculatus,Passeriformes,Callaeidae,Wattlebirds,Philesturnus_carunculatus,monogamy,yearly,saddleback,-46.9,168.1,no,microsatellite,2001,2002,September,February,0.0,0.0,6.0,6.0,400,168.1,2001,9.0,166.0,9.600000381,8.406896624,1.193103757,8.719999981,0.880000401,2.0,12.05000035,11.75402317,0.295977176,11.9066669,0.143333451,6.0,91.70000458,94.74482931,-3.044824732,89.50000153,2.200003052,504.1000099,566.555181,-62.45517106,560.4000111,-56.30000114,6.0,7.700000286,6.916666826,9.0,2.0,6.0,1.0,1.0,9.0,2.0,2001.0,-46.9,168.1,0.492976695,0.390267689,both,True,-46.9,168.1,46.9,Philesturnus_carunculatus_-46.9_168.1,0.444295349,2001.0,9.0,-46.9,168.1,2001-09-01,2001-09-30,ECMWF/ERA5_LAND/DAILY_AGGR,,,,,,,,
401,432Taylor2008,Philesturnus_carunculatus,Philesturnus_carunculatus,Passeriformes,Callaeidae,Wattlebirds,Philesturnus_carunculatus,monogamy,yearly,saddleback,-46.9,168.1,no,microsatellite,2002,2003,September,February,0.0,0.0,11.0,11.0,401,168.1,2002,9.0,166.0,9.600000381,8.406896624,1.193103757,8.740000057,0.860000324,2.0,11.53333346,11.75402317,-0.220689713,11.95333358,-0.420000124,6.0,130.1000061,94.74482931,35.35517679,101.1400024,28.96000366,683.6000252,566.555181,117.0448442,571.62001,111.9800152,6.0,8.100000381,7.150000175,9.0,2.0,6.0,1.0,1.0,9.0,2.0,2002.0,-46.9,168.1,0.342777508,0.443594575,both,True,-46.9,168.1,46.9,Philesturnus_carunculatus_-46.9_168.1,0.444295349,2002.0,9.0,-46.9,168.1,2002-09-01,2002-09-30,ECMWF/ERA5_LAND/DAILY_AGGR,,,,,,,,
402,432Taylor2008,Philesturnus_carunculatus,Philesturnus_carunculatus,Passeriformes,Callaeidae,Wattlebirds,Philesturnus_carunculatus,monogamy,yearly,saddleback,-46.9,168.1,no,microsatellite,2003,2004,September,February,0.0,0.0,17.0,17.0,402,168.1,2003,9.0,166.0,8.100000381,8.406896624,-0.306896243,9.180000114,-1.079999733,2.0,11.35000006,11.75402317,-0.40402311,11.99666688,-0.646666813,6.0,110.0999985,94.74482931,15.35516916,117.0600037,-6.960005188,573.0999985,566.555181,6.544817497,575.860014,-2.760015488,6.0,7.800000191,7.55000027,9.0,2.0,6.0,1.0,1.0,9.0,2.0,2003.0,-46.9,168.1,0.492057149,0.501324098,both,True,-46.9,168.1,46.9,Philesturnus_carunculatus_-46.9_168.1,0.444295349,2003.0,9.0,-46.9,168.1,2003-09-01,2003-09-30,ECMWF/ERA5_LAND/DAILY_AGGR,,,,,,,,
403,432Taylor2008,Philesturnus_carunculatus,Philesturnus_carunculatus,Passeriformes,Callaeidae,Wattlebirds,Philesturnus_carunculatus,monogamy,yearly,saddleback,-46.9,168.1,no,microsatellite,2004,2005,September,February,0.0,0.0,27.0,27.0,403,168.1,2004,9.0,166.0,8.0,8.406896624,-0.406896624,8.960000229,-0.960000229,2.0,11.26666673,11.75402317,-0.487356444,11.74333356,-0.476666832,6.0,127.3000031,94.74482931,32.55517374,104.9200027,22.38000031,722.9000015,566.555181,156.3448205,572.1200108,150.7799908,6.0,6.900000095,6.750000079,9.0,2.0,6.0,1.0,1.0,9.0,2.0,2004.0,-46.9,168.1,0.444495625,0.402637322,both,True,-46.9,168.1,46.9,Philesturnus_carunculatus_-46.9_168.1,0.444295349,2004.0,9.0,-46.9,168.1,2004-09-01,2004-09-30,ECMWF/ERA5_LAND/DAILY_AGGR,,,,,,,,
404,432Taylor2008,Philesturnus_carunculatus,Philesturnus_carunculatus,Passeriformes,Callaeidae,Wattlebirds,Philesturnus_carunculatus,monogamy,yearly,saddleback,-46.9,168.1,no,microsatellite,2005,2006,September,February,0.0,0.0,25.0,25.0,404,168.1,2005,9.0,166.0,9.0,8.406896624,0.593103376,8.800000191,0.199999809,2.0,12.4333334,11.75402317,0.679310223,11.53666684,0.896666559,6.0,58.79999924,94.74482931,-35.94483007,107.4400024,-48.6400032,578.0000153,566.555181,11.44483428,610.9200073,-32.91999207,6.0,7.0,6.750000159,9.0,2.0,6.0,1.0,1.0,9.0,2.0,2005.0,-46.9,168.1,0.02539839,0.405409711,both,True,-46.9,168.1,46.9,Philesturnus_carunculatus_-46.9_168.1,0.444295349,2005.0,9.0,-46.9,168.1,2005-09-01,2005-09-30,ECMWF/ERA5_LAND/DAILY_AGGR,,,,,,,,
405,432Taylor2008,Philesturnus_carunculatus,Philesturnus_carunculatus,Passeriformes,Callaeidae,Wattlebirds,Philesturnus_carunculatus,monogamy,yearly,saddleback,-46.9,168.1,no,microsatellite,2006,2007,September,February,0.0,0.0,23.0,23.0,405,168.1,2006,9.0,166.0,9.699999809,8.406896624,1.293103185,8.860000229,0.83999958,2.0,11.5333333,11.75402317,-0.220689872,11.7266668,-0.193333499,6.0,126.8000031,94.74482931,32.05517374,103.6000023,23.20000076,751.6000214,566.555181,185.0448404,612.3400101,139.2600113,6.0,7.700000286,7.333333492,9.0,2.0,6.0,1.0,1.0,9.0,2.0,2006.0,-46.9,168.1,0.348409525,0.332429171,both,True,-46.9,168.1,46.9,Philesturnus_carunculatus_-46.9_168.1,0.444295349,2006.0,9.0,-46.9,168.1,2006-09-01,2006-09-30,ECMWF/ERA5_LAND/DAILY_AGGR,,,,,,,,
406,259Huyvaert2000,Phoebastria_irrorata,Phoebastria_irrorata,Procellariiformes,Diomedeidae,Albatrosses,Phoebastria_irrorata,monogamy,single-year study,waved_albatross,-1.38,-89.62,no,DNA fingerprinting,1996,1996,April,,25.0,4.0,12.0,16.0,406,-89.62,1996,4.0,167.0,,,,,,,,,,,,,,,,,,,,,,,,,,4.0,,,1.0,0.0,4.0,,1996.0,-1.38,-89.62,,,both,True,-1.38,-89.62,1.38,Phoebastria_irrorata_-1.38_-89.62,48.44828086,1996.0,4.0,-1.38,-89.62,1996-04-01,1996-04-30,ECMWF/ERA5_LAND/DAILY_AGGR,,,,,,,,
407,259Huyvaert2006,Phoebastria_irrorata,Phoebastria_irrorata,Procellariiformes,Diomedeidae,Albatrosses,Phoebastria_irrorata,monogamy,yearly,waved_albatross,-1.38,-89.62,no,DNA fingerprinting,2000,2000,March,,21.2,7.0,26.0,33.0,407,-89.62,2000,3.0,167.0,,,,,,,,,,,,,,,,,,,,,,,,,,3.0,,,1.0,0.0,3.0,,2000.0,-1.38,-89.62,,,both,True,-1.38,-89.62,1.38,Phoebastria_irrorata_-1.38_-89.62,48.44828086,2000.0,3.0,-1.38,-89.62,2000-03-01,2000-03-31,ECMWF/ERA5_LAND/DAILY_AGGR,,,,,,,,
408,259Huyvaert2006,Phoebastria_irrorata,Phoebastria_irrorata,Procellariiformes,Diomedeidae,Albatrosses,Phoebastria_irrorata,monogamy,yearly,waved_albatross,-1.38,-89.62,no,DNA fingerprinting,2001,2001,March,,14.7,10.0,58.0,68.0,408,-89.62,2001,3.0,167.0,,,,,,,,,,,,,,,,,,,,,,,,,,3.0,,,1.0,0.0,3.0,,2001.0,-1.38,-89.62,-0.0729,,both,True,-1.38,-89.62,1.38,Phoebastria_irrorata_-1.38_-89.62,48.44828086,2001.0,3.0,-1.38,-89.62,2001-03-01,2001-03-31,ECMWF/ERA5_LAND/DAILY_AGGR,,,,,,,,
409,259Huyvaert2006,Phoebastria_irrorata,Phoebastria_irrorata,Procellariiformes,Diomedeidae,Albatrosses,Phoebastria_irrorata,monogamy,yearly,waved_albatross,-1.38,-89.62,no,DNA fingerprinting,2002,2002,March,,16.7,9.0,45.0,54.0,409,-89.62,2002,3.0,167.0,,,,,,,,,,,,,,,,,,,,,,,,,,3.0,,,1.0,0.0,3.0,,2002.0,-1.38,-89.62,0.04575,,both,True,-1.38,-89.62,1.38,Phoebastria_irrorata_-1.38_-89.62,48.44828086,2002.0,3.0,-1.38,-89.62,2002-03-01,2002-03-31,ECMWF/ERA5_LAND/DAILY_AGGR,,,,,,,,
410,346Kleven2007,Phoenicurus_phoenicurus,Phoenicurus_phoenicurus,Passeriformes,Muscicapidae,Old World Flycatchers,Phoenicurus_phoenicurus,monogamy,yearly,common_redstart,62.47,11.8,yes,microsatellite,2002,2002,May,June,14.3,2.0,12.0,14.0,410,11.8,2002,5.0,168.0,6.900000095,4.472413885,2.42758621,4.380000114,2.519999981,6.0,9.200000048,6.932758759,2.267241289,6.690000153,2.509999895,2.0,42.40000153,40.20000057,2.20000096,39.20000038,3.200001144,123.2000046,105.848278,17.35172653,121.7200024,1.480002213,2.0,10.40000057,10.50000048,5.0,6.0,2.0,1.0,1.0,5.0,6.0,2002.0,62.47,11.8,0.374782824,0.398699444,both,True,62.47,11.8,62.47,Phoenicurus_phoenicurus_62.47_11.8,122.1094153,2002.0,5.0,62.47,11.8,2002-05-01,2002-05-31,ECMWF/ERA5_LAND/DAILY_AGGR,11.637366715604005,1.819147594302637,2.861381854667743,56.39357542338175,11.0,5.929525670697633,12.04157320658362,3.442204604441381
411,346Kleven2007,Phoenicurus_phoenicurus,Phoenicurus_phoenicurus,Passeriformes,Muscicapidae,Old World Flycatchers,Phoenicurus_phoenicurus,monogamy,yearly,common_redstart,62.47,11.8,yes,microsatellite,2006,2006,May,June,8.3,2.0,22.0,24.0,411,11.8,2006,5.0,168.0,5.400000095,4.472413885,0.92758621,5.200000095,0.2,6.0,7.950000048,6.932758759,1.017241289,7.360000086,0.589999962,2.0,56.90000153,40.20000057,16.70000096,43.98000107,12.92000046,104.8000031,105.848278,-1.048274994,111.1200027,-6.319999695,2.0,9.600000381,10.45000029,5.0,6.0,2.0,1.0,1.0,5.0,6.0,2006.0,62.47,11.8,0.188232718,0.425790499,both,True,62.47,11.8,62.47,Phoenicurus_phoenicurus_62.47_11.8,122.1094153,2006.0,5.0,62.47,11.8,2006-05-01,2006-05-31,ECMWF/ERA5_LAND/DAILY_AGGR,22.17795715705506,2.760614099192748,4.135199838201182,85.57903707497516,19.0,3.7211509909681366,10.776668548583984,2.8022140263426425
412,168Bjornstad1997,Phylloscopus_trochilus,Phylloscopus_trochilus,Passeriformes,Phylloscopidae,Leaf Warblers,Phylloscopus_trochilus,monogamy,single-year study,willow_warbler,61.42,8.87,no,DNA fingerprinting,1993,1993,May,July,33.0,5.0,10.0,15.0,412,8.87,1993,5.0,19.0,5.099999905,2.965517315,2.134482589,3.860000038,1.239999866,7.0,6.600000064,6.725287473,-0.125287409,7.453333473,-0.85333341,3.0,61.5,60.00000132,1.499998685,56.46000137,5.039998627,227.7000008,228.3551773,-0.655176557,235.6200066,-7.920005798,3.0,9.800000191,8.0,5.0,7.0,3.0,1.0,1.0,5.0,7.0,1993.0,61.42,8.87,0.134386539,0.219029672,both,True,61.42,8.87,61.42,Phylloscopus_trochilus_61.42_8.87,71.44460893,1993.0,5.0,61.42,8.87,1993-05-01,1993-05-31,ECMWF/ERA5_LAND/DAILY_AGGR,25.21440386772156,2.4854532163438368,4.814870630145859,77.04904970665893,13.0,3.228380888251872,12.315823872884152,3.1360052027565275
413,18Fridolfsson1997,Phylloscopus_trochilus,Phylloscopus_trochilus,Passeriformes,Phylloscopidae,Leaf Warblers,Phylloscopus_trochilus,monogamy,yearly,willow_warbler,56.92,18.12,no,microsatellite,1992,1992,April,,40.0,2.0,3.0,5.0,413,18.12,1992,4.0,169.0,4.5,4.113793176,0.386206824,5.060000134,-0.560000134,,,,,,,,45.40000153,27.56896596,17.83103556,19.18000011,26.22000141,,,,,,,3.900000095,,4.0,,,1.0,0.0,4.0,,1992.0,56.92,18.12,0.236814286,,both,True,56.92,18.12,56.92,Phylloscopus_trochilus_56.92_18.12,1.602429693,1992.0,4.0,56.92,18.12,1992-04-01,1992-04-30,ECMWF/ERA5_LAND/DAILY_AGGR,11.546999216079712,1.53496024630293,2.66595722970708,46.0488073890879,9.0,4.310420057508704,4.94407844543457,1.3813068817806051
414,18Fridolfsson1997,Phylloscopus_trochilus,Phylloscopus_trochilus,Passeriformes,Phylloscopidae,Leaf Warblers,Phylloscopus_trochilus,monogamy,yearly,willow_warbler,56.92,18.12,no,microsatellite,1993,1993,April,,71.4,5.0,2.0,7.0,414,18.12,1993,4.0,169.0,5.700000286,4.113793176,1.58620711,5.240000105,0.460000181,,,,,,,,13.5,27.56896596,-14.06896596,25.60000038,-12.10000038,,,,,,,7.0,,4.0,,,1.0,0.0,4.0,,1993.0,56.92,18.12,0.209909784,,both,True,56.92,18.12,56.92,Phylloscopus_trochilus_56.92_18.12,1.602429693,1993.0,4.0,56.92,18.12,1993-04-01,1993-04-30,ECMWF/ERA5_LAND/DAILY_AGGR,6.2971442937396205,0.6770016323328557,1.4908513599698616,20.310048969985672,4.0,4.933744833204501,9.812413533528629,2.6169054752271648
415,404Smith2016,Pipilo_maculatus,Pipilo_maculatus,Passeriformes,Passerellidae,New World Sparrows,Pipilo_maculatus,monogamy,yearly,spotted_towhee,45.5,-122.68,no,microsatellite,2004,2004,,,54.2,29.0,24.0,53.0,415,-122.68,2004,,170.0,,,,,,,,,,,,,,,,,,,,,,,,,,,,,,,,,,,,,,left_only,,45.5,-122.68,45.5,Pipilo_maculatus_45.5_-122.68,83.88516695,,,,,,,,,,,,,,,
416,404Smith2016,Pipilo_maculatus,Pipilo_maculatus,Passeriformes,Passerellidae,New World Sparrows,Pipilo_maculatus,monogamy,yearly,spotted_towhee,45.5,-122.68,no,microsatellite,2005,2005,,,45.4,39.0,46.0,85.0,416,-122.68,2005,,170.0,,,,,,,,,,,,,,,,,,,,,,,,,,,,,,,,,,,,,,left_only,,45.5,-122.68,45.5,Pipilo_maculatus_45.5_-122.68,83.88516695,,,,,,,,,,,,,,,
417,404Smith2016,Pipilo_maculatus,Pipilo_maculatus,Passeriformes,Passerellidae,New World Sparrows,Pipilo_maculatus,monogamy,yearly,spotted_towhee,45.5,-122.68,no,microsatellite,2006,2006,,,38.8,35.0,55.0,90.0,417,-122.68,2006,,170.0,,,,,,,,,,,,,,,,,,,,,,,,,,,,,,,,,,,,,,left_only,,45.5,-122.68,45.5,Pipilo_maculatus_45.5_-122.68,83.88516695,,,,,,,,,,,,,,,
418,262Hoset2014,Plectrophenax_nivalis,Plectrophenax_nivalis,Passeriformes,Calcariidae,Longspurs and Snow Buntings,Plectrophenax_nivalis,monogamy,yearly,snow_bunting,78.22,15.63,yes,microsatellite,1999,1999,April,,27.3,3.0,8.0,11.0,418,15.63,1999,4.0,171.0,-12.10000038,-13.75172437,1.651723993,-11.86000004,-0.240000343,,,,,,,,8.900000572,18.03103481,-9.131034243,13.14000034,-4.239999771,,,,,,,6.300000191,,4.0,,,1.0,0.0,4.0,,1999.0,78.22,15.63,,,both,True,78.22,15.63,78.22,Plectrophenax_nivalis_78.22_15.63,1.052022379,1999.0,4.0,78.22,15.63,1999-04-01,1999-04-30,ECMWF/ERA5_LAND/DAILY_AGGR,10.921752452759392,1.0383986039654995,2.0159750806551275,31.151958118964984,8.0,-13.610880491468622,15.25674311319986,4.261094609845801
419,262Hoset2014,Plectrophenax_nivalis,Plectrophenax_nivalis,Passeriformes,Calcariidae,Longspurs and Snow Buntings,Plectrophenax_nivalis,monogamy,yearly,snow_bunting,78.22,15.63,yes,microsatellite,2000,2000,April,,30.4,7.0,16.0,23.0,419,15.63,2000,4.0,171.0,-13.69999981,-13.75172437,0.051724565,-12.54000015,-1.159999657,,,,,,,,12.90000057,18.03103481,-5.131034243,12.40000038,0.500000191,,,,,,,7.0,,4.0,,,1.0,0.0,4.0,,2000.0,78.22,15.63,,,both,True,78.22,15.63,78.22,Plectrophenax_nivalis_78.22_15.63,1.052022379,2000.0,4.0,78.22,15.63,2000-04-01,2000-04-30,ECMWF/ERA5_LAND/DAILY_AGGR,4.820480942726135,0.7086313252139339,1.2509087214159165,21.258939756418016,5.0,-15.66316356658933,16.759565353393583,3.337738970365015
420,262Hoset2014,Plectrophenax_nivalis,Plectrophenax_nivalis,Passeriformes,Calcariidae,Longspurs and Snow Buntings,Plectrophenax_nivalis,monogamy,yearly,snow_bunting,78.22,15.63,yes,microsatellite,2001,2001,April,,0.0,0.0,17.0,17.0,420,15.63,2001,4.0,171.0,-14.5,-13.75172437,-0.748275625,-13.36000004,-1.139999962,,,,,,,,13.10000038,18.03103481,-4.931034433,12.94000053,0.159999847,,,,,,,7.0,,4.0,,,1.0,0.0,4.0,,2001.0,78.22,15.63,,,both,True,78.22,15.63,78.22,Plectrophenax_nivalis_78.22_15.63,1.052022379,2001.0,4.0,78.22,15.63,2001-04-01,2001-04-30,ECMWF/ERA5_LAND/DAILY_AGGR,11.483486546069344,0.960265833120862,2.078523485321151,28.807974993625862,7.0,-14.557829242282416,21.143421173095703,6.549735279879931
421,262Hoset2014,Plectrophenax_nivalis,Plectrophenax_nivalis,Passeriformes,Calcariidae,Longspurs and Snow Buntings,Plectrophenax_nivalis,monogamy,yearly,snow_bunting,78.22,15.63,yes,microsatellite,2002,2002,April,,13.0,3.0,20.0,23.0,421,15.63,2002,4.0,171.0,-9.400000572,-13.75172437,4.351723803,-13.92000008,4.519999504,,,,,,,,32.40000153,18.03103481,14.36896671,13.42000065,18.98000088,,,,,,,5.800000191,,4.0,,,1.0,0.0,4.0,,2002.0,78.22,15.63,,,both,True,78.22,15.63,78.22,Plectrophenax_nivalis_78.22_15.63,1.052022379,2002.0,4.0,78.22,15.63,2002-04-01,2002-04-30,ECMWF/ERA5_LAND/DAILY_AGGR,8.674907684223854,2.1556657336216034,2.108930856961962,64.6699720086481,19.0,-9.010910775926352,15.7991943359375,4.757412212058943
422,262Hoset2014,Plectrophenax_nivalis,Plectrophenax_nivalis,Passeriformes,Calcariidae,Longspurs and Snow Buntings,Plectrophenax_nivalis,monogamy,yearly,snow_bunting,78.22,15.63,yes,microsatellite,2003,2003,April,,35.3,6.0,11.0,17.0,422,15.63,2003,4.0,171.0,-11.60000038,-13.75172437,2.151723993,-12.74000015,1.139999771,,,,,,,,32.70000076,18.03103481,14.66896595,17.22000084,15.47999992,,,,,,,6.200000286,,4.0,,,1.0,0.0,4.0,,2003.0,78.22,15.63,,,both,True,78.22,15.63,78.22,Plectrophenax_nivalis_78.22_15.63,1.052022379,2003.0,4.0,78.22,15.63,2003-04-01,2003-04-30,ECMWF/ERA5_LAND/DAILY_AGGR,7.722291458605923,1.6577230473467115,2.0595673888103225,49.73169142040135,13.0,-12.039959271748844,23.61972427368161,6.732401908567703
423,437Yezerinac2013,Pluvialis_dominica,Pluvialis_dominica,Charadriiformes,Charadriidae,Plovers and Lapwings,Pluvialis_dominica,monogamy,yearly,American_golden_plover,71.29,-156.8,no,microsatellite,2004,2004,June,July,0.0,0.0,1.0,1.0,423,-156.8,2004,6.0,172.0,4.700000286,1.479310384,3.220689903,2.6,2.100000286,7.0,5.800000191,2.937931107,2.862069083,3.520000076,2.280000114,2.0,27.0,7.882758829,19.11724117,11.24000015,15.75999985,68.40000153,32.91724197,35.48275956,40.14000049,28.26000104,2.0,5.700000286,6.350000143,6.0,7.0,2.0,1.0,1.0,6.0,7.0,2004.0,71.29,-156.8,0.252718894,0.351138069,both,True,71.29,-156.8,71.29,Pluvialis_dominica_71.29_-156.8,1.334475304,2004.0,6.0,71.29,-156.8,2004-06-01,2004-06-30,ECMWF/ERA5_LAND/DAILY_AGGR,3.9425035793101415,0.7071707675883943,1.18096334330231,21.215123027651828,7.0,4.420338736640103,8.632940292358398,2.93712377608928
424,437Yezerinac2013,Pluvialis_dominica,Pluvialis_dominica,Charadriiformes,Charadriidae,Plovers and Lapwings,Pluvialis_dominica,monogamy,yearly,American_golden_plover,71.29,-156.8,no,microsatellite,2005,2005,June,July,0.0,0.0,2.0,2.0,424,-156.8,2005,6.0,172.0,2.100000143,1.479310384,0.620689759,3.080000067,-0.979999924,7.0,3.400000215,2.937931107,0.462069107,4.01000011,-0.609999895,2.0,8.0,7.882758829,0.117241171,14.62000008,-6.620000076,27.10000038,32.91724197,-5.817241584,47.98000064,-20.88000026,2.0,4.300000191,4.900000095,6.0,7.0,2.0,1.0,1.0,6.0,7.0,2005.0,71.29,-156.8,0.182200831,0.357133276,both,True,71.29,-156.8,71.29,Pluvialis_dominica_71.29_-156.8,1.334475304,2005.0,6.0,71.29,-156.8,2005-06-01,2005-06-30,ECMWF/ERA5_LAND/DAILY_AGGR,3.390955924885475,0.3489544777982208,0.7684727662094085,10.468634333946625,2.0,1.8781219906277389,6.684902826944949,1.7141741558210952
425,437Yezerinac2013,Pluvialis_dominica,Pluvialis_dominica,Charadriiformes,Charadriidae,Plovers and Lapwings,Pluvialis_dominica,monogamy,yearly,American_golden_plover,71.29,-156.8,no,microsatellite,2006,2006,June,July,13.0,1.0,7.0,8.0,425,-156.8,2006,6.0,172.0,2.5,1.479310384,1.020689616,2.940000105,-0.440000105,7.0,3.549999952,2.937931107,0.612068845,3.980000138,-0.430000186,2.0,11.19999981,7.882758829,3.31724098,12.17999992,-0.980000114,39.90000057,32.91724197,6.982758606,37.88000026,2.020000315,2.0,6.300000191,6.100000143,6.0,7.0,2.0,1.0,1.0,6.0,7.0,2006.0,71.29,-156.8,0.228961586,0.382543573,both,True,71.29,-156.8,71.29,Pluvialis_dominica_71.29_-156.8,1.334475304,2006.0,6.0,71.29,-156.8,2006-06-01,2006-06-30,ECMWF/ERA5_LAND/DAILY_AGGR,5.808880925087578,1.1637175538554108,1.4825288826345997,34.911526615662325,11.0,3.846152305603044,13.668804168701172,3.585649808191988
426,437Yezerinac2013,Pluvialis_dominica,Pluvialis_dominica,Charadriiformes,Charadriidae,Plovers and Lapwings,Pluvialis_dominica,monogamy,yearly,American_golden_plover,71.29,-156.8,no,microsatellite,2007,2007,June,July,14.0,1.0,6.0,7.0,426,-156.8,2007,6.0,172.0,2.799999952,1.479310384,1.320689569,3.020000076,-0.220000124,7.0,4.899999976,2.937931107,1.962068869,4.070000124,0.829999852,2.0,0.0,7.882758829,-7.882758829,13.2999999,-13.2999999,1.100000024,32.91724197,-31.81724194,36.88000054,-35.78000052,2.0,4.599999905,5.299999952,6.0,7.0,2.0,1.0,1.0,6.0,7.0,2007.0,71.29,-156.8,0.122031134,0.29000398,both,True,71.29,-156.8,71.29,Pluvialis_dominica_71.29_-156.8,1.334475304,2007.0,6.0,71.29,-156.8,2007-06-01,2007-06-30,ECMWF/ERA5_LAND/DAILY_AGGR,2.7729690073101665,0.212990062848443,0.5752209005503055,6.389701885453292,2.0,2.35452283223472,5.586852391560853,1.2653968607131518
427,437Yezerinac2013,Pluvialis_dominica,Pluvialis_dominica,Charadriiformes,Charadriidae,Plovers and Lapwings,Pluvialis_dominica,monogamy,yearly,American_golden_plover,71.29,-156.8,no,microsatellite,2008,2008,June,July,31.0,4.0,9.0,13.0,427,-156.8,2008,6.0,172.0,2.400000095,1.479310384,0.920689712,3.120000076,-0.719999981,7.0,3.75,2.937931107,0.812068893,4.350000095,-0.600000095,2.0,14.60000038,7.882758829,6.717241552,9.919999981,4.680000401,50.70000267,32.91724197,17.7827607,33.3000006,17.40000207,2.0,5.099999905,5.299999952,6.0,7.0,2.0,1.0,1.0,6.0,7.0,2008.0,71.29,-156.8,0.198614528,0.302173694,both,True,71.29,-156.8,71.29,Pluvialis_dominica_71.29_-156.8,1.334475304,2008.0,6.0,71.29,-156.8,2008-06-01,2008-06-30,ECMWF/ERA5_LAND/DAILY_AGGR,2.154722809791565,0.5012126249342922,0.6928302496015828,15.036378748028769,7.0,3.1904198964437094,9.344355901082338,2.1887178362268496
428,437Yezerinac2013,Pluvialis_dominica,Pluvialis_dominica,Charadriiformes,Charadriidae,Plovers and Lapwings,Pluvialis_dominica,monogamy,yearly,American_golden_plover,71.29,-156.8,no,microsatellite,2009,2009,June,July,0.0,0.0,6.0,6.0,428,-156.8,2009,6.0,172.0,2.100000143,1.479310384,0.620689759,2.900000095,-0.799999952,7.0,4.300000072,2.937931107,1.362068964,4.280000067,0.020000005,2.0,5.599999905,7.882758829,-2.282758924,12.16000004,-6.560000134,24.70000029,32.91724197,-8.21724168,37.44000103,-12.74000075,2.0,4.200000286,5.450000286,6.0,7.0,2.0,1.0,1.0,6.0,7.0,2009.0,71.29,-156.8,0.195867699,0.308773261,both,True,71.29,-156.8,71.29,Pluvialis_dominica_71.29_-156.8,1.334475304,2009.0,6.0,71.29,-156.8,2009-06-01,2009-06-30,ECMWF/ERA5_LAND/DAILY_AGGR,6.439632177261956,0.4409843684425614,1.1849317140593378,13.229531053276844,2.0,2.913876978556336,6.708508173624693,1.5599803943807529
429,156van Rooij2016,Poephila_acuticauda,Poephila_acuticauda,Passeriformes,Estrildidae,Waxbills and Allies,Poephila_acuticauda,monogamy,yearly,long-tailed_finch,-15.55,128.0,yes,microsatellite,2008,2008,March,September,25.0,6.0,18.0,24.0,429,128.0,2008,3.0,173.0,29.39999962,29.26206931,0.137930311,29.24000053,0.159999084,9.0,25.44285747,25.59704467,-0.154187198,25.70571463,-0.262857165,7.0,35.0,137.0413816,-102.0413816,155.7000031,-120.7000031,64.70000052,200.6034516,-135.9034511,209.6000041,-144.9000036,7.0,11.69999981,15.71428571,3.0,9.0,7.0,1.0,1.0,3.0,9.0,2008.0,-15.55,128.0,0.271407744,0.218837914,both,True,-15.55,128.0,15.55,Poephila_acuticauda_-15.55_128,25.64468524,2008.0,3.0,-15.55,128.0,2008-03-01,2008-03-31,ECMWF/ERA5_LAND/DAILY_AGGR,10.910964646143384,1.444797554230967,2.862964150644562,44.78872418115998,7.0,29.0427604470202,4.952371597290039,1.1710181101807746
430,156van Rooij2016,Poephila_acuticauda,Poephila_acuticauda,Passeriformes,Estrildidae,Waxbills and Allies,Poephila_acuticauda,monogamy,yearly,long-tailed_finch,-15.55,128.0,yes,microsatellite,2009,2009,March,September,25.8,16.0,46.0,62.0,430,128.0,2009,3.0,173.0,30.20000076,29.26206931,0.937931455,29.24000053,0.960000229,9.0,26.60000038,25.59704467,1.002955714,25.53714327,1.06285711,7.0,34.79999924,137.0413816,-102.2413823,153.5200027,-118.7200035,40.69999939,200.6034516,-159.9034523,204.4400034,-163.740004,7.0,12.80000019,14.9428572,3.0,9.0,7.0,1.0,1.0,3.0,9.0,2009.0,-15.55,128.0,0.29280351,0.222304079,both,True,-15.55,128.0,15.55,Poephila_acuticauda_-15.55_128,25.64468524,2009.0,3.0,-15.55,128.0,2009-03-01,2009-03-31,ECMWF/ERA5_LAND/DAILY_AGGR,1.396733522312843,0.1947256738246998,0.4129629087205038,6.036495888565696,3.0,30.6150225649598,4.889440536499023,1.063997523134167
431,156van Rooij2016,Poephila_acuticauda,Poephila_acuticauda,Passeriformes,Estrildidae,Waxbills and Allies,Poephila_acuticauda,monogamy,yearly,long-tailed_finch,-15.55,128.0,yes,microsatellite,2010,2010,March,September,26.7,4.0,11.0,15.0,431,128.0,2010,3.0,173.0,29.5,29.26206931,0.237930692,29.42000046,0.079999542,9.0,25.82857186,25.59704467,0.231527197,25.75428614,0.074285725,7.0,60.79999924,137.0413816,-76.24138234,131.8800026,-71.08000336,195.7000029,200.6034516,-4.90344874,165.080003,30.61999993,7.0,11.80000019,12.80000019,3.0,9.0,7.0,1.0,1.0,3.0,9.0,2010.0,-15.55,128.0,0.265930708,0.19883181,both,True,-15.55,128.0,15.55,Poephila_acuticauda_-15.55_128,25.64468524,2010.0,3.0,-15.55,128.0,2010-03-01,2010-03-31,ECMWF/ERA5_LAND/DAILY_AGGR,8.824589848416053,0.8730083613636177,2.0976827570776666,27.06325920227215,6.0,30.24818251004785,5.783312479654967,1.4489240748643248
432,319Lettink2002,Porphyrio_hochstetteri,Porphyrio_hochstetteri,Gruiformes,Rallidae,"Rails, Gallinules, and Coots",Porphyrio_hochstetteri,monogamy,single-year study,takahe,,,no,DNA fingerprinting,1998,1998,,,0.0,0.0,9.0,9.0,432,,1998,,,,,,,,,,,,,,,,,,,,,,,,,,,,,,,,,,,,,,,,left_only,,,,,Porphyrio_hochstetteri_NA_NA,,,,,,,,,,,,,,,,
433,28Pilastro2001,Pygoscelis_adeliae,Pygoscelis_adeliae,Sphenisciformes,Spheniscidae,Penguins,Pygoscelis_adeliae,monogamy,single-year study,Adélie_penguin,-74.35,165.13,no,DNA fingerprinting,1998,1999,November,January,11.1,2.0,16.0,18.0,433,165.13,1998,11.0,174.0,,,,,,1.0,,,,,,3.0,,,,,,,,,,,3.0,,,11.0,1.0,3.0,1.0,1.0,11.0,1.0,1998.0,-74.35,165.13,,,both,True,-74.35,165.13,74.35,Pygoscelis_adeliae_-74.35_165.13,0.750644369,1998.0,11.0,-74.35,165.13,1998-11-01,1998-11-30,ECMWF/ERA5_LAND/DAILY_AGGR,,,,,,,,
434,244Moreno2000,Pygoscelis_antarcticus,Pygoscelis_antarcticus,Sphenisciformes,Spheniscidae,Penguins,Pygoscelis_antarcticus,monogamy,single-year study,chinstrap_penguin,-63.0,-60.67,no,DNA fingerprinting,1998,1998,,,0.0,0.0,38.0,38.0,434,-60.67,1998,,175.0,,,,,,,,,,,,,,,,,,,,,,,,,,,,,,,,,,,,,,left_only,,-63.0,-60.67,63.0,Pygoscelis_antarcticus_-63_-60.67,0.263190679,,,,,,,,,,,,,,,
435,298Dallimer2007,Quelea_quelea,Quelea_quelea,Passeriformes,Ploceidae,Weavers and Allies,Quelea_quelea,monogamy,single-year study,red-billed_quelea,-21.08,31.92,no,microsatellite,1998,1998,,,32.4,12.0,25.0,37.0,435,31.92,1998,,176.0,,,,,,,,,,,,,,,,,,,,,,,,,,,,,,,,,,,,,,left_only,,-21.08,31.92,21.08,Quelea_quelea_-21.08_31.92,297.3046009,,,,,,,,,,,,,,,
436,7Ball 2017,Remiz_coronatus,Remiz_coronatus,Passeriformes,Remizidae,Penduline-Tits,Remiz_coronatus,monogamy,single-year study,white-crowned_penduline_tit,42.42,70.48,no,microsatellite,2008,2008,,,0.0,0.0,5.0,5.0,436,70.48,2008,,177.0,,,,,,,,,,,,,,,,,,,,,,,,,,,,,,,,,,,,,,left_only,,42.42,70.48,42.42,Remiz_coronatus_42.42_70.48,1315.49426,,,,,,,,,,,,,,,
437,228Hoffman2010,Rhipidura_fuliginosa,Rhipidura_albiscapa,Passeriformes,Rhipiduridae,Fantails,Rhipidura_fuliginosa,monogamy,yearly,grey_fantail,-35.45,149.28,no,microsatellite,2002,2003,September,February,70.0,7.0,3.0,10.0,437,149.28,2002,9.0,178.0,10.10000038,9.04482779,1.055172591,10.14000015,-0.039999771,2.0,16.15000057,15.59655201,0.553448562,16.13000031,0.020000267,6.0,41.90000153,62.73793194,-20.83793042,70.72000046,-28.81999893,268.6000023,384.4655239,-115.8655216,332.380006,-63.78000374,6.0,14.30000019,14.63333352,9.0,2.0,6.0,1.0,1.0,9.0,2.0,2002.0,-35.45,149.28,0.443558265,0.396454761,both,True,-35.45,149.28,35.45,Rhipidura_fuliginosa_-35.45_149.28,93.06248173,2002.0,9.0,-35.45,149.28,2002-09-01,2002-09-30,ECMWF/ERA5_LAND/DAILY_AGGR,19.935059547322,1.5410146290593711,4.170095003173095,46.23043887178113,4.0,8.86157400343156,11.30566151936847,2.727372845423256
438,228Hoffman2010,Rhipidura_fuliginosa,Rhipidura_albiscapa,Passeriformes,Rhipiduridae,Fantails,Rhipidura_fuliginosa,monogamy,yearly,grey_fantail,-35.45,149.28,no,microsatellite,2003,2004,September,February,40.0,2.0,3.0,5.0,438,149.28,2003,9.0,178.0,9.300000191,9.04482779,0.255172401,10.36000023,-1.060000038,2.0,16.01666673,15.59655201,0.42011472,16.08000034,-0.063333607,6.0,34.79999924,62.73793194,-27.93793271,56.82000046,-22.02000122,322.0999966,384.4655239,-62.36552736,335.8400059,-13.74000931,6.0,12.90000057,13.70000029,9.0,2.0,6.0,1.0,1.0,9.0,2.0,2003.0,-35.45,149.28,0.508148879,0.489139795,both,True,-35.45,149.28,35.45,Rhipidura_fuliginosa_-35.45_149.28,93.06248173,2003.0,9.0,-35.45,149.28,2003-09-01,2003-09-30,ECMWF/ERA5_LAND/DAILY_AGGR,11.843526363367827,1.1180081154994543,2.427596499439501,33.54024346498363,6.0,7.784935209486241,13.184236526489258,3.0188239411020943
439,228Hoffman2010,Rhipidura_fuliginosa,Rhipidura_albiscapa,Passeriformes,Rhipiduridae,Fantails,Rhipidura_fuliginosa,monogamy,yearly,grey_fantail,-35.45,149.28,no,microsatellite,2004,2005,September,February,70.0,7.0,3.0,10.0,439,149.28,2004,9.0,178.0,9.199999809,9.04482779,0.155172019,10.12000027,-0.920000458,2.0,15.96666702,15.59655201,0.370115006,16.07333364,-0.106666629,6.0,52.40000153,62.73793194,-10.33793042,50.38000031,2.020001221,388.9000053,384.4655239,4.434481411,337.8600037,51.04000168,6.0,12.80000019,14.10000022,9.0,2.0,6.0,1.0,1.0,9.0,2.0,2004.0,-35.45,149.28,0.387317602,0.453321258,both,True,-35.45,149.28,35.45,Rhipidura_fuliginosa_-35.45_149.28,93.06248173,2004.0,9.0,-35.45,149.28,2004-09-01,2004-09-30,ECMWF/ERA5_LAND/DAILY_AGGR,24.33145046234131,2.215914283226184,4.897543892197724,66.4774284967855,9.0,8.407942326863628,10.787197748820006,3.0316073312774696
440,211Augustin2007,Riparia_riparia,Riparia_riparia,Passeriformes,Hirundinidae,Swallows,Riparia_riparia,monogamy,single-year study,sand_martin,48.3,21.08,no,DNA fingerprinting,2002,2002,May,June,36.6,15.0,26.0,41.0,440,21.08,2002,5.0,179.0,18.0,14.99310369,3.006896315,15.78000031,2.219999695,6.0,19.15000057,16.56551752,2.584483048,17.39000034,1.760000229,2.0,58.29999924,65.29655272,-6.996553487,52.5200016,5.779997635,132.3999977,155.8413819,-23.44138415,136.5800014,-4.180003738,2.0,13.5,13.0,5.0,6.0,2.0,1.0,1.0,5.0,6.0,2002.0,48.3,21.08,0.608216783,0.642737885,both,True,48.3,21.08,48.3,Riparia_riparia_48.3_21.08,594.3113191,2002.0,5.0,48.3,21.08,2002-05-01,2002-05-31,ECMWF/ERA5_LAND/DAILY_AGGR,13.256448507206642,2.3025004054084266,3.363271414845095,71.37751256766123,14.0,18.20299992304979,6.522642771403014,1.6568842746023396
441,360Kappes2009,Setophaga_ruticilla,Setophaga_ruticilla,Passeriformes,Parulidae,New World Warblers,Setophaga_ruticilla,monogamy,yearly,American_redstart,41.77,-79.93,no,microsatellite,2002,2002,May,July,57.0,4.0,3.0,7.0,441,-79.93,2002,5.0,100.0,11.5,13.23448296,-1.734482963,13.76000023,-2.260000229,7.0,17.70000076,17.32183937,0.378161397,17.5266669,0.173333867,3.0,164.3000031,96.09310545,68.2068976,97.06000214,67.24000092,356.4000092,323.4931083,32.90690087,279.4000076,77.00000153,3.0,12.60000038,12.56666692,5.0,7.0,3.0,1.0,1.0,5.0,7.0,2002.0,41.77,-79.93,0.662021579,0.741902805,both,True,41.77,-79.93,41.77,Setophaga_ruticilla_41.77_-79.93,397.3828512,2002.0,5.0,41.77,-79.93,2002-05-01,2002-05-31,ECMWF/ERA5_LAND/DAILY_AGGR,34.053260087961945,6.3365240171847175,8.950170762047888,196.43224453272623,17.0,11.693268425233924,16.25070889790851,4.422618234604513
442,360Kappes2009,Setophaga_ruticilla,Setophaga_ruticilla,Passeriformes,Parulidae,New World Warblers,Setophaga_ruticilla,monogamy,yearly,American_redstart,41.77,-79.93,no,microsatellite,2003,2003,May,July,67.0,14.0,7.0,21.0,442,-79.93,2003,5.0,100.0,12.0,13.23448296,-1.234482963,14.10000019,-2.100000191,7.0,16.36666679,17.32183937,-0.955172572,17.87333368,-1.506666883,3.0,147.6000061,96.09310545,51.50690066,108.1200027,39.48000336,457.1000137,323.4931083,133.6069054,287.9800079,169.1200058,3.0,11.0,11.39999994,5.0,7.0,3.0,1.0,1.0,5.0,7.0,2003.0,41.77,-79.93,0.639797449,0.712062897,both,True,41.77,-79.93,41.77,Setophaga_ruticilla_41.77_-79.93,397.3828512,2003.0,5.0,41.77,-79.93,2003-05-01,2003-05-31,ECMWF/ERA5_LAND/DAILY_AGGR,29.386231303266896,6.170032301543213,7.0826003797960535,191.2710013478396,20.0,12.201891261275115,10.623737970987976,2.354034521874609
443,428Perreault1997,Setophaga_ruticilla,Setophaga_ruticilla,Passeriformes,Parulidae,New World Warblers,Setophaga_ruticilla,monogamy,yearly,American_redstart,45.07,-67.03,no,DNA fingerprinting,1987,1987,May,July,60.0,6.0,4.0,10.0,443,-67.03,1987,5.0,180.0,10.60000038,10.35517262,0.244827764,10.16000023,0.440000153,7.0,15.06666724,14.91609232,0.150574914,14.62666683,0.440000407,3.0,79.0,95.76207108,-16.76207108,106.1200016,-27.1200016,218.7000008,263.2724189,-44.57241815,299.4400059,-80.74000511,3.0,14.30000019,13.0666666,5.0,7.0,3.0,1.0,1.0,5.0,7.0,1987.0,45.07,-67.03,0.37571662,0.449949064,both,True,45.07,-67.03,45.07,Setophaga_ruticilla_45.07_-67.03,5.301361207,1987.0,5.0,45.07,-67.03,1987-05-01,1987-05-31,ECMWF/ERA5_LAND/DAILY_AGGR,,,,,,,,
444,428Perreault1997,Setophaga_ruticilla,Setophaga_ruticilla,Passeriformes,Parulidae,New World Warblers,Setophaga_ruticilla,monogamy,yearly,American_redstart,45.07,-67.03,no,DNA fingerprinting,1988,1988,May,July,80.0,8.0,2.0,10.0,444,-67.03,1988,5.0,180.0,11.69999981,10.35517262,1.344827192,10.08000031,1.619999504,7.0,15.5666666,14.91609232,0.650574279,14.70666688,0.85999972,3.0,71.5,95.76207108,-24.26207108,117.1000015,-45.60000153,223.2000008,263.2724189,-40.07241815,295.1000053,-71.90000458,3.0,13.0,12.4333334,5.0,7.0,3.0,1.0,1.0,5.0,7.0,1988.0,45.07,-67.03,0.401880312,0.394020646,both,True,45.07,-67.03,45.07,Setophaga_ruticilla_45.07_-67.03,5.301361207,1988.0,5.0,45.07,-67.03,1988-05-01,1988-05-31,ECMWF/ERA5_LAND/DAILY_AGGR,,,,,,,,
445,428Perreault1997,Setophaga_ruticilla,Setophaga_ruticilla,Passeriformes,Parulidae,New World Warblers,Setophaga_ruticilla,monogamy,yearly,American_redstart,45.07,-67.03,no,DNA fingerprinting,1989,1989,May,July,50.0,6.0,6.0,12.0,445,-67.03,1989,5.0,180.0,12.30000019,10.35517262,1.944827573,10.58000031,1.719999886,7.0,15.76666737,14.91609232,0.850575041,14.83333352,0.933333842,3.0,186.6000061,95.76207108,90.83793502,99.06000214,87.54000397,339.6000061,263.2724189,76.32758719,275.7400055,63.86000061,3.0,12.60000038,12.43333371,5.0,7.0,3.0,1.0,1.0,5.0,7.0,1989.0,45.07,-67.03,0.377870535,0.501569359,both,True,45.07,-67.03,45.07,Setophaga_ruticilla_45.07_-67.03,5.301361207,1989.0,5.0,45.07,-67.03,1989-05-01,1989-05-31,ECMWF/ERA5_LAND/DAILY_AGGR,,,,,,,,
446,310Schwartz1999,Spheniscus_humboldti,Spheniscus_humboldti,Sphenisciformes,Spheniscidae,Penguins,Spheniscus_humboldti,monogamy,single-year study,Humboldt_penguin,-15.37,-75.2,no,DNA fingerprinting,1995,1995,March,December,0.0,0.0,21.0,21.0,446,-75.2,1995,3.0,181.0,21.30000114,20.91034554,0.389655607,21.24000053,0.06000061,12.0,17.31000042,17.47275895,-0.162758531,17.94800039,-0.637999973,10.0,0.600000024,0.768965533,-0.168965509,0.940000021,-0.339999998,1.00000003,3.74137939,-2.74137936,3.300000092,-2.300000063,10.0,8.800000191,8.080000162,3.0,12.0,10.0,1.0,1.0,3.0,12.0,1995.0,-15.37,-75.2,0.012059322,0.043552642,both,True,-15.37,-75.2,15.37,Spheniscus_humboldti_-15.37_-75.2,4.476725517,1995.0,3.0,-15.37,-75.2,1995-03-01,1995-03-31,ECMWF/ERA5_LAND/DAILY_AGGR,,,,,,,,
447,127Dlehanty1998,Steganopus_tricolor,Phalaropus_tricolor,Charadriiformes,Scolopacidae,Sandpipers and Allies,Steganopus_tricolor,monogamy,single-year study,Wilson’s_phalarope,51.45,-105.17,no,DNA fingerprinting,1990,1990,,,0.0,0.0,15.0,15.0,447,-105.17,1990,,182.0,,,,,,,,,,,,,,,,,,,,,,,,,,,,,,,,,,,,,,left_only,,51.45,-105.17,51.45,Steganopus_tricolor_51.45_-105.17,1006.602574,,,,,,,,,,,,,,,
448,223Gonzalez-Solis2001,Sterna_hirundo,Sterna_hirundo,Charadriiformes,Laridae,"Gulls, Terns, and Skimmers",Sterna_hirundo,monogamy,single-year study,common_tern,53.52,8.08,no,DNA fingerprinting,1999,1999,April,June,2.9,1.0,33.0,34.0,448,8.08,1999,4.0,183.0,9.300000191,7.375862237,1.924137954,8.240000153,1.060000038,6.0,12.5,11.50919561,0.990804393,11.83333346,0.66666654,3.0,45.40000153,50.91724192,-5.517240393,46.54000015,-1.139998627,165.3000031,179.6413818,-14.34137871,177.7800014,-12.4799984,3.0,8.900000572,9.533333778,4.0,6.0,3.0,1.0,1.0,4.0,6.0,1999.0,53.52,8.08,0.534604806,0.530445283,both,True,53.52,8.08,53.52,Sterna_hirundo_53.52_8.08,4.141813893,1999.0,4.0,53.52,8.08,1999-04-01,1999-04-30,ECMWF/ERA5_LAND/DAILY_AGGR,11.341249942745437,2.3405345880683845,3.111460605247205,70.21603764205153,16.0,9.035804621378595,9.111384709676145,2.500741275395013
449,467Saladin2007,Strix_aluco,Strix_aluco,Strigiformes,Strigidae,Owls,Strix_aluco,monogamy,single-year study,tawny_owl,46.0,6.0,yes,microsatellite,2004,2004,January,,2.7,1.0,36.0,37.0,449,6.0,2004,1.0,184.0,-0.300000012,-1.265517265,0.965517253,-0.079999986,-0.220000026,,,,,,,,138.8000031,83.14827738,55.65172567,62.08000107,76.72000198,,,,,,,5.5,,1.0,,,1.0,0.0,1.0,,2004.0,46.0,6.0,0.415667581,,both,True,46.0,6.0,46.0,Strix_aluco_46_6,271.7037815,2004.0,1.0,46.0,6.0,2004-01-01,2004-01-31,ECMWF/ERA5_LAND/DAILY_AGGR,43.15023422230979,8.271325681576972,10.360106688035955,256.41109612888613,21.0,0.7851190751598918,14.100647608439148,2.791667242937249
450,358Cordero2003,Sturnus_unicolor,Sturnus_unicolor,Passeriformes,Sturnidae,Starlings,Sturnus_unicolor,monogamy,yearly,spotless_starling,40.5,-4.0,yes,DNA fingerprinting,1996,1996,April,,28.0,12.0,31.0,43.0,450,-4.0,1996,4.0,185.0,13.5,12.02758644,1.472413556,12.52000027,0.979999733,,,,,,,,25.5,44.00000072,-18.50000072,25.26000042,0.23999958,,,,,,,12.10000038,,4.0,,,1.0,0.0,4.0,,1996.0,40.5,-4.0,0.422342943,,both,True,40.5,-4.0,40.5,Sturnus_unicolor_40.5_-4,325.1351294,1996.0,4.0,40.5,-4.0,1996-04-01,1996-04-30,ECMWF/ERA5_LAND/DAILY_AGGR,7.610040902989112,1.1971080125950568,2.119817859397409,35.91324037785171,8.0,12.032049624125186,8.734834035237668,2.217180575568908
451,358Cordero2003,Sturnus_unicolor,Sturnus_unicolor,Passeriformes,Sturnidae,Starlings,Sturnus_unicolor,monogamy,yearly,spotless_starling,40.5,-4.0,yes,DNA fingerprinting,1997,1997,April,,52.8,28.0,25.0,53.0,451,-4.0,1997,4.0,185.0,15.10000038,12.02758644,3.072413938,12.90000019,2.200000191,,,,,,,,35.5,44.00000072,-8.500000715,24.4800005,11.0199995,,,,,,,13.30000019,,4.0,,,1.0,0.0,4.0,,1997.0,40.5,-4.0,0.404359572,,both,True,40.5,-4.0,40.5,Sturnus_unicolor_40.5_-4,325.1351294,1997.0,4.0,40.5,-4.0,1997-04-01,1997-04-30,ECMWF/ERA5_LAND/DAILY_AGGR,18.292164802517163,1.7220242809867632,4.398249307337204,51.6607284296029,5.0,14.711298582288975,7.3296724955241075,2.0447050453441102
452,22Loyau2005,Sturnus_vulgaris,Sturnus_vulgaris,Passeriformes,Sturnidae,Starlings,Sturnus_vulgaris,monogamy,yearly,common_starling,46.52,6.57,yes,microsatellite,2001,2001,,,42.9,12.0,16.0,28.0,452,6.57,2001,,186.0,,,,,,,,,,,,,,,,,,,,,,,,,,,,,,,,,,,,,,left_only,,46.52,6.57,46.52,Sturnus_vulgaris_46.52_6.57,286.9391225,,,,,,,,,,,,,,,
453,22Loyau2005,Sturnus_vulgaris,Sturnus_vulgaris,Passeriformes,Sturnidae,Starlings,Sturnus_vulgaris,monogamy,yearly,common_starling,46.52,6.57,yes,microsatellite,2002,2002,,,45.0,9.0,11.0,20.0,453,6.57,2002,,186.0,,,,,,,,,,,,,,,,,,,,,,,,,,,,,,,,,,,,,,left_only,,46.52,6.57,46.52,Sturnus_vulgaris_46.52_6.57,286.9391225,,,,,,,,,,,,,,,
454,390Pinxten1993,Sturnus_vulgaris,Sturnus_vulgaris,Passeriformes,Sturnidae,Starlings,Sturnus_vulgaris,monogamy,yearly,common_starling,51.22,4.67,yes,DNA fingerprinting,1988,1988,,,20.0,2.0,8.0,10.0,454,4.67,1988,,187.0,,,,,,,,,,,,,,,,,,,,,,,,,,,,,,,,,,,,,,left_only,,51.22,4.67,51.22,Sturnus_vulgaris_51.22_4.67,35.98133189,,,,,,,,,,,,,,,
455,390Pinxten1993,Sturnus_vulgaris,Sturnus_vulgaris,Passeriformes,Sturnidae,Starlings,Sturnus_vulgaris,monogamy,yearly,common_starling,51.22,4.67,yes,DNA fingerprinting,1989,1989,,,40.5,15.0,22.0,37.0,455,4.67,1989,,187.0,,,,,,,,,,,,,,,,,,,,,,,,,,,,,,,,,,,,,,left_only,,51.22,4.67,51.22,Sturnus_vulgaris_51.22_4.67,35.98133189,,,,,,,,,,,,,,,
456,126Anderson2006,Sula_granti,Sula_granti,Suliformes,Sulidae,Boobies and Gannets,Sula_granti,monogamy,single-year study,Nazca_booby,-1.33,-89.67,no,DNA fingerprinting,1990,1990,,,0.0,0.0,21.0,21.0,456,-89.67,1990,,188.0,,,,,,,,,,,,,,,,,,,,,,,,,,,,,,,,,,,,,,left_only,,-1.33,-89.67,1.33,Sula_granti_-1.33_-89.67,44.5345827,,,,,,,,,,,,,,,
457,12Ramos2014,Sula_nebouxii,Sula_nebouxii,Suliformes,Sulidae,Boobies and Gannets,Sula_nebouxii,monogamy,single-year study,blue-footed_booby,21.87,-105.9,no,microsatellite,2011,2011,February,May,10.6,48.0,405.0,453.0,457,-105.9,2011,2.0,189.0,20.5,20.80689687,-0.306896867,21.56000099,-1.060000992,5.0,23.40000057,22.36293137,1.037069206,23.17500057,0.225,4.0,0.100000001,8.37241393,-8.272413928,2.360000029,-2.260000028,0.400000006,15.57586235,-15.17586234,4.340000081,-3.940000075,4.0,13.5,13.15000033,2.0,5.0,4.0,1.0,1.0,2.0,5.0,2011.0,21.87,-105.9,,,both,True,21.87,-105.9,21.87,Sula_nebouxii_21.87_-105.9,29.01875639,2011.0,2.0,21.87,-105.9,2011-02-01,2011-02-28,ECMWF/ERA5_LAND/DAILY_AGGR,,,,,,,,
458,352Baião2009,Sula_sula,Sula_sula,Suliformes,Sulidae,Boobies and Gannets,Sula_sula,monogamy,single-year study,red-footed_booby,-1.33,-89.67,no,DNA fingerprinting,2005,2005,,,0.0,0.0,14.0,14.0,458,-89.67,2005,,188.0,,,,,,,,,,,,,,,,,,,,,,,,,,,,,,,,,,,,,,left_only,,-1.33,-89.67,1.33,Sula_sula_-1.33_-89.67,44.5345827,,,,,,,,,,,,,,,
459,347Moore1999,Tachycineta_albilinea,Tachycineta_albilinea,Passeriformes,Hirundinidae,Swallows,Tachycineta_albilinea,monogamy,single-year study,mangrove_swallow,9.17,-79.85,yes,microsatellite,1996,1996,January,July,25.8,8.0,23.0,31.0,459,-79.85,1996,1.0,190.0,25.80000114,25.50000026,0.300000881,25.77999992,0.020001221,7.0,26.67142895,26.49704472,0.174384235,26.80285748,-0.131428528,7.0,74.80000305,69.6965532,5.103449854,63.44000015,11.3600029,1122.400007,1124.993125,-2.593118076,1125.700035,-3.300028229,7.0,3.900000095,5.000000068,1.0,7.0,7.0,1.0,1.0,1.0,7.0,1996.0,9.17,-79.85,0.58086838,0.580324795,both,True,9.17,-79.85,9.17,Tachycineta_albilinea_9.17_-79.85,22.41573427,1996.0,1.0,9.17,-79.85,1996-01-01,1996-01-31,ECMWF/ERA5_LAND/DAILY_AGGR,,,,,,,,
460,58Barber1998,Tachycineta_bicolor,Tachycineta_bicolor,Passeriformes,Hirundinidae,Swallows,Tachycineta_bicolor,monogamy,single-year study,tree_swallow,44.57,-76.32,yes,DNA fingerprinting,1993,1993,April,,63.6,7.0,4.0,11.0,460,-76.32,1993,4.0,61.0,5.700000286,5.641379381,0.058620905,5.980000114,-0.279999828,,,,,,,,139.0,70.90000093,68.09999907,81.60000229,57.39999771,,,,,,,9.300000191,,4.0,,,1.0,0.0,4.0,,1993.0,44.57,-76.32,0.313204731,,both,True,44.57,-76.32,44.57,Tachycineta_bicolor_44.57_-76.32,135.9884961,1993.0,4.0,44.57,-76.32,1993-04-01,1993-04-30,ECMWF/ERA5_LAND/DAILY_AGGR,22.47566282738944,5.139648573676799,6.360702166228466,154.18945721030397,14.0,5.247685262892008,13.984220504760742,3.723206526244945
461,59Barber1996,Tachycineta_bicolor,Tachycineta_bicolor,Passeriformes,Hirundinidae,Swallows,Tachycineta_bicolor,monogamy,yearly,tree_swallow,44.7,-76.2,no,DNA fingerprinting,1992,1992,June,June,92.3,12.0,1.0,13.0,461,-76.2,1992,6.0,191.0,16.20000076,17.38965551,-1.189654745,17.98000069,-1.779999924,6.0,16.20000076,17.38965551,-1.189654745,17.98000069,-1.779999924,1.0,50.20000076,71.79655292,-21.59655216,71.08000031,-20.87999954,50.20000076,71.79655292,-21.59655216,71.08000031,-20.87999954,1.0,11.60000038,11.60000038,6.0,6.0,1.0,1.0,1.0,6.0,6.0,1992.0,44.7,-76.2,0.670551043,0.670551043,both,True,44.7,-76.2,44.7,Tachycineta_bicolor_44.7_-76.2,122.301621,1992.0,6.0,44.7,-76.2,1992-06-01,1992-06-30,ECMWF/ERA5_LAND/DAILY_AGGR,25.13476716922014,2.2615907806192346,4.666325409946598,67.84772341857703,13.0,16.46518522898358,13.041290918986022,3.025599110475478
462,59Barber1996,Tachycineta_bicolor,Tachycineta_bicolor,Passeriformes,Hirundinidae,Swallows,Tachycineta_bicolor,monogamy,yearly,tree_swallow,44.7,-76.2,no,DNA fingerprinting,1992,1992,June,June,75.0,9.0,3.0,12.0,462,-76.2,1992,6.0,191.0,16.20000076,17.38965551,-1.189654745,17.98000069,-1.779999924,6.0,16.20000076,17.38965551,-1.189654745,17.98000069,-1.779999924,1.0,50.20000076,71.79655292,-21.59655216,71.08000031,-20.87999954,50.20000076,71.79655292,-21.59655216,71.08000031,-20.87999954,1.0,11.60000038,11.60000038,6.0,6.0,1.0,1.0,1.0,6.0,6.0,1992.0,44.7,-76.2,0.670551043,0.670551043,both,True,44.7,-76.2,44.7,Tachycineta_bicolor_44.7_-76.2,122.301621,1992.0,6.0,44.7,-76.2,1992-06-01,1992-06-30,ECMWF/ERA5_LAND/DAILY_AGGR,25.13476716922014,2.2615907806192346,4.666325409946598,67.84772341857703,13.0,16.46518522898358,13.041290918986022,3.025599110475478
463,59Barber1996,Tachycineta_bicolor,Tachycineta_bicolor,Passeriformes,Hirundinidae,Swallows,Tachycineta_bicolor,monogamy,yearly,tree_swallow,44.7,-76.2,yes,DNA fingerprinting,1990,1990,,,50.0,8.0,8.0,16.0,463,-76.2,1990,,191.0,,,,,,,,,,,,,,,,,,,,,,,,,,,,,,,,,,,,,,left_only,,44.7,-76.2,44.7,Tachycineta_bicolor_44.7_-76.2,122.301621,,,,,,,,,,,,,,,
464,59Barber1996,Tachycineta_bicolor,Tachycineta_bicolor,Passeriformes,Hirundinidae,Swallows,Tachycineta_bicolor,monogamy,yearly,tree_swallow,44.7,-76.2,yes,DNA fingerprinting,1991,1991,,,87.0,20.0,3.0,23.0,464,-76.2,1991,,191.0,,,,,,,,,,,,,,,,,,,,,,,,,,,,,,,,,,,,,,left_only,,44.7,-76.2,44.7,Tachycineta_bicolor_44.7_-76.2,122.301621,,,,,,,,,,,,,,,
465,244Conrad2001,Tachycineta_bicolor,Tachycineta_bicolor,Passeriformes,Hirundinidae,Swallows,Tachycineta_bicolor,monogamy,single-year study,tree_swallow,44.58,-66.77,yes,microsatellite,1993,1993,May,July,84.6,11.0,2.0,13.0,465,-66.77,1993,5.0,160.0,9.5,9.124138191,0.375861809,9.9,-0.4,7.0,12.60000006,12.62528759,-0.025287524,13.01333357,-0.413333511,3.0,77.09999847,103.4689676,-26.36896916,105.9800003,-28.88000183,239.6000023,282.1379367,-42.5379344,282.460006,-42.86000366,3.0,8.900000572,9.466666857,5.0,7.0,3.0,1.0,1.0,5.0,7.0,1993.0,44.58,-66.77,0.193496238,0.387657461,both,True,44.58,-66.77,44.58,Tachycineta_bicolor_44.58_-66.77,9.624771397,1993.0,5.0,44.58,-66.77,1993-05-01,1993-05-31,ECMWF/ERA5_LAND/DAILY_AGGR,,,,,,,,
466,243Delmore2008,Tachycineta_bicolor,Tachycineta_bicolor,Passeriformes,Hirundinidae,Swallows,Tachycineta_bicolor,monogamy,single-year study,tree_swallow,44.57,-76.32,yes,microsatellite,2006,2006,,,82.1,55.0,12.0,67.0,466,-76.32,2006,,61.0,,,,,,,,,,,,,,,,,,,,,,,,,,,,,,,,,,,,,,left_only,,44.57,-76.32,44.57,Tachycineta_bicolor_44.57_-76.32,135.9884961,,,,,,,,,,,,,,,
467,21Lessard2014,Tachycineta_bicolor,Tachycineta_bicolor,Passeriformes,Hirundinidae,Swallows,Tachycineta_bicolor,monogamy,yearly,tree_swallow,45.0,-74.0,yes,microsatellite,2007,2007,,,78.0,131.0,37.0,168.0,467,-74.0,2007,,192.0,,,,,,,,,,,,,,,,,,,,,,,,,,,,,,,,,,,,,,left_only,,45.0,-74.0,45.0,Tachycineta_bicolor_45_-74,26.66288898,,,,,,,,,,,,,,,
468,21Lessard2014,Tachycineta_bicolor,Tachycineta_bicolor,Passeriformes,Hirundinidae,Swallows,Tachycineta_bicolor,monogamy,yearly,tree_swallow,45.0,-74.0,yes,microsatellite,2008,2008,,,90.0,132.0,15.0,147.0,468,-74.0,2008,,192.0,,,,,,,,,,,,,,,,,,,,,,,,,,,,,,,,,,,,,,left_only,,45.0,-74.0,45.0,Tachycineta_bicolor_45_-74,26.66288898,,,,,,,,,,,,,,,
469,21Lessard2014,Tachycineta_bicolor,Tachycineta_bicolor,Passeriformes,Hirundinidae,Swallows,Tachycineta_bicolor,monogamy,yearly,tree_swallow,45.0,-74.0,yes,microsatellite,2009,2009,,,86.0,115.0,19.0,134.0,469,-74.0,2009,,192.0,,,,,,,,,,,,,,,,,,,,,,,,,,,,,,,,,,,,,,left_only,,45.0,-74.0,45.0,Tachycineta_bicolor_45_-74,26.66288898,,,,,,,,,,,,,,,
470,21Lessard2014,Tachycineta_bicolor,Tachycineta_bicolor,Passeriformes,Hirundinidae,Swallows,Tachycineta_bicolor,monogamy,yearly,tree_swallow,45.0,-74.0,yes,microsatellite,2010,2010,,,84.0,116.0,22.0,138.0,470,-74.0,2010,,192.0,,,,,,,,,,,,,,,,,,,,,,,,,,,,,,,,,,,,,,left_only,,45.0,-74.0,45.0,Tachycineta_bicolor_45_-74,26.66288898,,,,,,,,,,,,,,,
471,375Bitton2007,Tachycineta_bicolor,Tachycineta_bicolor,Passeriformes,Hirundinidae,Swallows,Tachycineta_bicolor,monogamy,single-year study,tree_swallow,53.0,-123.0,yes,microsatellite,2004,2004,May,,85.0,34.0,6.0,40.0,471,-123.0,2004,5.0,193.0,9.300000191,8.396551921,0.903448269,7.6,1.700000191,,,,,,,,61.20000076,42.9034487,18.29655207,47.06000137,14.13999939,,,,,,,13.90000057,,5.0,,,1.0,0.0,5.0,,2004.0,53.0,-123.0,0.482265866,,both,True,53.0,-123.0,53.0,Tachycineta_bicolor_53_-123,266.5895378,2004.0,5.0,53.0,-123.0,2004-05-01,2004-05-31,ECMWF/ERA5_LAND/DAILY_AGGR,12.844321002887682,2.2122934480864065,2.941264715179137,68.5810968906786,17.0,9.320695659678496,11.18541145324707,2.8766278368358487
472,644Johnson2018,Malurus_lamberti,Malurus_lamberti,Passeriformes,Maluridae,Fairywrens,Malurus_lamberti,monogamy,yearly,variegated_fairy-wren,-34.35,139.4833,no,microsatellite,2012,2012,September,December,42.86,9.0,12.0,21.0,472,139.4833,2012,9.0,194.0,13.40000057,12.44137955,0.958621025,13.10000019,0.300000381,12.0,17.85000062,16.60172446,1.24827616,17.26000018,0.590000439,4.0,18.70000076,34.17931057,-15.47930981,32.63999996,-13.9399992,47.20000076,107.7862082,-60.58620747,114.7600011,-67.56000032,4.0,13.69999981,15.70000029,9.0,12.0,4.0,1.0,1.0,9.0,12.0,2012.0,-34.35,139.4833,0.346204651,0.291177276,both,True,-34.35,139.48,34.35,Malurus_lamberti_-34.35_139.48,101.6624523,2012.0,9.0,-34.35,139.4833,2012-09-01,2012-09-30,ECMWF/ERA5_LAND/DAILY_AGGR,2.9191947769504623,0.2624364995201726,0.5737864153576467,7.873094985605178,2.0,13.913383547465031,11.412086486816406,3.082083452522853
473,644Johnson2018,Malurus_lamberti,Malurus_lamberti,Passeriformes,Maluridae,Fairywrens,Malurus_lamberti,monogamy,yearly,variegated_fairy-wren,-34.35,139.4833,no,microsatellite,2013,2013,September,December,51.72,15.0,14.0,29.0,473,139.4833,2013,9.0,194.0,15.10000038,12.44137955,2.658620834,13.04000034,2.060000038,12.0,17.5999999,16.60172446,0.998275444,17.2650003,0.334999609,4.0,30.89999962,34.17931057,-3.27931095,32.70000019,-1.800000572,80.10000181,107.7862082,-27.68620642,107.0000012,-26.89999943,4.0,13.10000038,15.10000014,9.0,12.0,4.0,1.0,1.0,9.0,12.0,2013.0,-34.35,139.4833,0.348352471,0.295888546,both,True,-34.35,139.48,34.35,Malurus_lamberti_-34.35_139.48,101.6624523,2013.0,9.0,-34.35,139.4833,2013-09-01,2013-09-30,ECMWF/ERA5_LAND/DAILY_AGGR,17.683333158402093,1.0479383343460806,3.1933690749271904,31.438150030382417,4.0,16.086534521314853,10.775858561197936,2.907684991777643
474,644Johnson2018,Malurus_lamberti,Malurus_lamberti,Passeriformes,Maluridae,Fairywrens,Malurus_lamberti,monogamy,yearly,variegated_fairy-wren,-34.35,139.4833,no,microsatellite,2014,2014,September,December,64.86,24.0,13.0,37.0,474,139.4833,2014,9.0,194.0,13.80000019,12.44137955,1.358620644,13.42000046,0.379999733,12.0,18.12500024,16.60172446,1.523275778,17.41500025,0.70999999,4.0,15.0,34.17931057,-19.17931057,36.4,-21.4,44.50000119,107.7862082,-63.28620704,106.6800012,-62.17999997,4.0,13.69999981,15.65000033,9.0,12.0,4.0,1.0,1.0,9.0,12.0,2014.0,-34.35,139.4833,0.365216577,0.301475653,both,True,-34.35,139.48,34.35,Malurus_lamberti_-34.35_139.48,101.6624523,2014.0,9.0,-34.35,139.4833,2014-09-01,2014-09-30,ECMWF/ERA5_LAND/DAILY_AGGR,3.1049579381488,0.4394485863277471,0.7717485993322275,13.183457589832416,7.0,14.06037033928767,12.915592829386412,3.128701210527722
475,644Johnson2018,Malurus_lamberti,Malurus_lamberti,Passeriformes,Maluridae,Fairywrens,Malurus_lamberti,monogamy,yearly,variegated_fairy-wren,-34.35,139.4833,no,microsatellite,2015,2015,September,December,54.55,18.0,15.0,33.0,475,139.4833,2015,9.0,194.0,12.60000038,12.44137955,0.158620834,13.50000038,-0.9,12.0,18.47500086,16.60172446,1.873276398,17.47000022,1.005000639,4.0,16.5,34.17931057,-17.67931057,29.84000015,-13.34000015,40.69999981,107.7862082,-67.08620843,89.74000144,-49.04000163,4.0,13.30000019,15.85000038,9.0,12.0,4.0,1.0,1.0,9.0,12.0,2015.0,-34.35,139.4833,0.33453238,0.288608665,both,True,-34.35,139.48,34.35,Malurus_lamberti_-34.35_139.48,101.6624523,2015.0,9.0,-34.35,139.4833,2015-09-01,2015-09-30,ECMWF/ERA5_LAND/DAILY_AGGR,10.66550910462638,0.6737961264814629,2.009245366602741,20.213883794443888,3.0,13.081850475735155,10.129873911539676,2.3602349148881703
476,645Celis2012,Malurus_lamberti,Malurus_lamberti,Passeriformes,Maluridae,Fairywrens,Malurus_lamberti,monogamy,yearly,spotless_starling,40.75,-3.7833,yes,microsatellite,2004,2004,March,July,18.3,23.0,103.0,126.0,476,-3.7833,2004,3.0,195.0,6.800000191,6.806896703,-0.006896512,8.360000324,-1.560000134,7.0,14.38000031,13.51172439,0.868275919,14.70400038,-0.324000072,5.0,102.5,53.03103516,49.46896484,64.38000107,38.11999893,302.5000029,242.6965561,59.80344675,216.9800022,85.52000065,5.0,9.699999809,12.02000008,3.0,7.0,5.0,1.0,1.0,3.0,7.0,2004.0,40.75,-3.7833,0.489688728,0.501072516,both,True,40.75,-3.78,40.75,Malurus_lamberti_40.75_-3.78,297.7968912,2004.0,3.0,40.75,-3.7833,2004-03-01,2004-03-31,ECMWF/ERA5_LAND/DAILY_AGGR,21.977922668213523,3.0908823971739112,5.723652848722333,95.81735431239125,11.0,4.278974520775599,14.325132369995115,3.3417112904052315
477,645Celis2012,Sturnus_unicolor,Sturnus_unicolor,Passeriformes,Sturnidae,Starlings,Sturnus_unicolor,monogamy,yearly,spotless_starling,40.75,-3.7833,yes,microsatellite,2005,2005,March,July,20.09,22.0,88.0,110.0,477,-3.7833,2005,3.0,195.0,7.400000095,6.806896703,0.593103392,8.200000381,-0.800000286,7.0,15.26000013,13.51172439,1.748275747,14.62000038,0.639999752,5.0,23.39999962,53.03103516,-29.63103554,77.48000107,-54.08000145,97.19999981,242.6965561,-145.4965563,240.1400019,-142.9400021,5.0,11.69999981,13.22000008,3.0,7.0,5.0,1.0,1.0,3.0,7.0,2005.0,40.75,-3.7833,0.413441846,0.439742276,both,True,40.75,-3.78,40.75,Sturnus_unicolor_40.75_-3.78,297.7968912,2005.0,3.0,40.75,-3.7833,2005-03-01,2005-03-31,ECMWF/ERA5_LAND/DAILY_AGGR,4.97494619776262,0.8731613415869742,1.3314962216694388,27.0680015891962,9.0,5.361632837275043,16.15115292867023,4.908296484063878
478,645Celis2012,Sturnus_unicolor,Sturnus_unicolor,Passeriformes,Sturnidae,Starlings,Sturnus_unicolor,monogamy,yearly,spotless_starling,40.75,-3.7833,yes,microsatellite,2006,2006,March,July,19.1,20.0,85.0,105.0,478,-3.7833,2006,3.0,195.0,7.800000191,6.806896703,0.993103488,8.000000286,-0.200000095,7.0,15.38000011,13.51172439,1.868275728,14.78000032,0.59999979,5.0,52.90000153,53.03103516,-0.131033634,73.06000099,-20.15999947,205.8000021,242.6965561,-36.89655401,207.0800016,-1.279999542,5.0,9.600000381,13.04000034,3.0,7.0,5.0,1.0,1.0,3.0,7.0,2006.0,40.75,-3.7833,0.473120913,0.493710429,both,True,40.75,-3.78,40.75,Sturnus_unicolor_40.75_-3.78,297.7968912,2006.0,3.0,40.75,-3.7833,2006-03-01,2006-03-31,ECMWF/ERA5_LAND/DAILY_AGGR,15.69619050280835,2.138858153006736,3.763545040346409,66.30460274320882,10.0,5.829213735108758,12.380112965901674,3.409717935230588
479,648Roeder2019,Tyrannus_forficatus,Tyrannus_forficatus,Passeriformes,Tyrannidae,Tyrant Flycatchers,Tyrannus_forficatus,monogamy,yearly,scissor-tailed_flycatcher,34.74,-98.67,no,microsatellite,2008,2008,April,August,25.0,1.0,3.0,4.0,479,-98.67,2008,4.0,196.0,15.5,16.22758661,-0.727586615,16.56000042,-1.06000042,8.0,24.00000038,23.75724181,0.242758573,24.0080003,-0.007999916,5.0,84.90000153,56.23103586,28.66896567,47.74000092,37.16000061,422.6000061,377.5793172,45.02068887,435.0200109,-12.42000484,5.0,15.40000057,14.06000023,4.0,8.0,5.0,1.0,1.0,4.0,8.0,2008.0,34.74,-98.67,0.397044144,0.481773839,both,True,34.74,-98.67,34.74,Tyrannus_forficatus_34.74_-98.67,656.7458568,2008.0,4.0,34.74,-98.67,2008-04-01,2008-04-30,ECMWF/ERA5_LAND/DAILY_AGGR,43.86529028408859,3.1882592035704724,9.766572992825443,95.64777610711415,8.0,16.241758728027367,13.148593266804994,4.145353152940481
480,648Roeder2019,Tyrannus_forficatus,Tyrannus_forficatus,Passeriformes,Tyrannidae,Tyrant Flycatchers,Tyrannus_forficatus,monogamy,yearly,scissor-tailed_flycatcher,34.74,-98.67,no,microsatellite,2009,2009,April,August,62.0,5.0,3.0,8.0,480,-98.67,2009,4.0,196.0,15.5,16.22758661,-0.727586615,16.30000019,-0.800000191,8.0,23.62000008,23.75724181,-0.137241732,24.0080003,-0.388000221,5.0,116.5999985,56.23103586,60.36896262,54.94000092,61.65999756,409.7000084,377.5793172,32.12069116,444.8800106,-35.18000221,5.0,15.0,13.83999996,4.0,8.0,5.0,1.0,1.0,4.0,8.0,2009.0,34.74,-98.67,0.330466376,0.493352785,both,True,34.74,-98.67,34.74,Tyrannus_forficatus_34.74_-98.67,656.7458568,2009.0,4.0,34.74,-98.67,2009-04-01,2009-04-30,ECMWF/ERA5_LAND/DAILY_AGGR,40.35339708934771,3.6317542796104143,8.426652615018137,108.95262838831243,9.0,16.262094688415555,18.791318893432617,4.581432417052677
481,648Roeder2019,Tyrannus_forficatus,Tyrannus_forficatus,Passeriformes,Tyrannidae,Tyrant Flycatchers,Tyrannus_forficatus,monogamy,yearly,scissor-tailed_flycatcher,34.74,-98.67,no,microsatellite,2010,2010,April,August,38.0,5.0,8.0,13.0,481,-98.67,2010,4.0,196.0,17.10000038,16.22758661,0.872413767,16.16000004,0.940000343,8.0,24.94000053,23.75724181,1.182758726,24.10800022,0.832000313,5.0,76.20000458,56.23103586,19.96896872,65.78000031,10.42000427,375.4000034,377.5793172,-2.179313795,445.2800102,-69.88000679,5.0,13.40000057,13.22000046,4.0,8.0,5.0,1.0,1.0,4.0,8.0,2010.0,34.74,-98.67,0.409392975,0.490070263,both,True,34.74,-98.67,34.74,Tyrannus_forficatus_34.74_-98.67,656.7458568,2010.0,4.0,34.74,-98.67,2010-04-01,2010-04-30,ECMWF/ERA5_LAND/DAILY_AGGR,20.926091074841224,2.4454807850323355,5.253453683675065,73.36442355097006,9.0,17.246326828002953,13.597560246785465,3.769252631620624
482,648Roeder2019,Tyrannus_forficatus,Tyrannus_forficatus,Passeriformes,Tyrannidae,Tyrant Flycatchers,Tyrannus_forficatus,monogamy,yearly,scissor-tailed_flycatcher,34.74,-98.67,no,microsatellite,2011,2011,April,August,24.0,5.0,16.0,21.0,482,-98.67,2011,4.0,196.0,18.10000038,16.22758661,1.872413767,16.36000004,1.740000343,8.0,26.18000069,23.75724181,2.422758879,24.31200031,1.868000374,5.0,34.10000229,56.23103586,-22.13103357,77.72000122,-43.61999893,248.4000015,377.5793172,-129.1793157,438.6600094,-190.2600079,5.0,16.5,15.56000023,4.0,8.0,5.0,1.0,1.0,4.0,8.0,2011.0,34.74,-98.67,0.352197399,0.412030213,both,True,34.74,-98.67,34.74,Tyrannus_forficatus_34.74_-98.67,656.7458568,2011.0,4.0,34.74,-98.67,2011-04-01,2011-04-30,ECMWF/ERA5_LAND/DAILY_AGGR,19.54182386397818,1.1147144154929125,3.699986756651796,33.44143246478737,4.0,19.507180786132835,13.969118118286133,4.031783579234176
483,648Roeder2019,Tyrannus_forficatus,Tyrannus_forficatus,Passeriformes,Tyrannidae,Tyrant Flycatchers,Tyrannus_forficatus,monogamy,yearly,scissor-tailed_flycatcher,34.74,-98.67,no,microsatellite,2012,2012,April,August,33.0,7.0,14.0,21.0,483,-98.67,2012,4.0,196.0,18.89999962,16.22758661,2.672413004,16.08000011,2.819999504,8.0,25.86000023,23.75724181,2.102758421,24.46400043,1.395999794,5.0,94.09999847,56.23103586,37.86896262,73.32000122,20.77999725,278.3000031,377.5793172,-99.27931418,421.8400089,-143.5400059,5.0,13.5,14.42000008,4.0,8.0,5.0,1.0,1.0,4.0,8.0,2012.0,34.74,-98.67,0.524449374,0.428980696,both,True,34.74,-98.67,34.74,Tyrannus_forficatus_34.74_-98.67,656.7458568,2012.0,4.0,34.74,-98.67,2012-04-01,2012-04-30,ECMWF/ERA5_LAND/DAILY_AGGR,51.00007479524038,5.26251033662805,11.66174603745237,157.87531009884148,11.0,18.86303891075984,11.923753102620424,3.259235417462188
484,648Roeder2019,Tyrannus_forficatus,Tyrannus_forficatus,Passeriformes,Tyrannidae,Tyrant Flycatchers,Tyrannus_forficatus,monogamy,yearly,scissor-tailed_flycatcher,34.74,-98.67,no,microsatellite,2013,2013,April,August,38.0,14.0,23.0,37.0,484,-98.67,2013,4.0,196.0,14.40000057,16.22758661,-1.827586042,17.02000008,-2.619999504,8.0,23.58000011,23.75724181,-0.177241694,24.92000038,-1.340000267,5.0,81.20000458,56.23103586,24.96896872,81.18000107,0.02000351,567.4000168,377.5793172,189.8206996,346.8800045,220.5200123,5.0,15.10000038,14.00000019,4.0,8.0,5.0,1.0,1.0,4.0,8.0,2013.0,34.74,-98.67,0.39062882,0.446474768,both,True,34.74,-98.67,34.74,Tyrannus_forficatus_34.74_-98.67,656.7458568,2013.0,4.0,34.74,-98.67,2013-04-01,2013-04-30,ECMWF/ERA5_LAND/DAILY_AGGR,53.018689654550144,2.9842105811791697,9.630221703231662,89.52631743537509,8.0,13.874133406745084,18.774384816487668,5.604150558727983
485,648Roeder2019,Tyrannus_forficatus,Tyrannus_forficatus,Passeriformes,Tyrannidae,Tyrant Flycatchers,Tyrannus_forficatus,monogamy,yearly,scissor-tailed_flycatcher,34.74,-98.67,no,microsatellite,2014,2014,April,August,33.0,12.0,24.0,36.0,485,-98.67,2014,4.0,196.0,16.20000076,16.22758661,-0.027585852,16.80000019,-0.599999428,8.0,23.82000046,23.75724181,0.06275865,24.83600033,-1.01599987,5.0,24.0,56.23103586,-32.23103586,80.44000168,-56.44000168,380.9999962,377.5793172,3.420678957,375.8400066,5.159989548,5.0,15.30000019,13.9,4.0,8.0,5.0,1.0,1.0,4.0,8.0,2014.0,34.74,-98.67,0.341785145,0.407894978,both,True,34.74,-98.67,34.74,Tyrannus_forficatus_34.74_-98.67,656.7458568,2014.0,4.0,34.74,-98.67,2014-04-01,2014-04-30,ECMWF/ERA5_LAND/DAILY_AGGR,14.800310134887695,1.5562352819882126,3.3812735363333304,46.68705845964638,8.0,17.175098715888154,17.929080327351926,4.842790321957071
486,652Sætre2018,Luscinia_svecica,Luscinia_svecica,Passeriformes,Muscicapidae,Old World Flycatchers,Luscinia_svecica,monogamy,yearly,bluethroat,61.4167,8.8667,no,microsatellite,2013,2013,May,August,21.0,6.0,23.0,29.0,486,8.8667,2013,5.0,197.0,5.099999905,2.965517315,2.134482589,3.6,1.499999905,8.0,8.300000072,7.136207024,1.163793048,7.890000129,0.409999943,4.0,80.90000153,60.00000132,20.90000021,62.16000061,18.74000092,368.3000031,320.6172477,47.68275537,384.720005,-16.42000198,4.0,8.100000381,8.400000453,5.0,8.0,4.0,1.0,1.0,5.0,8.0,2013.0,61.4167,8.8667,0.085330721,0.539899847,both,True,61.42,8.87,61.4167,Luscinia_svecica_61.42_8.87,71.16244797,2013.0,5.0,61.4167,8.8667,2013-05-01,2013-05-31,ECMWF/ERA5_LAND/DAILY_AGGR,45.34776982563926,6.744632247012469,10.13154924386049,209.0835996573865,20.0,3.079740204349662,17.5678984324137,4.622286845048354
487,652Sætre2018,Luscinia_svecica,Luscinia_svecica,Passeriformes,Muscicapidae,Old World Flycatchers,Luscinia_svecica,monogamy,yearly,bluethroat,61.4167,8.8667,no,microsatellite,2014,2014,May,August,19.0,3.0,13.0,16.0,487,8.8667,2014,5.0,197.0,3.900000095,2.965517315,0.93448278,3.719999981,0.180000114,8.0,8.500000119,7.136207024,1.363793096,7.835000134,0.664999986,4.0,58.70000076,60.00000132,-1.300000552,70.72000046,-12.01999969,307.0000038,320.6172477,-13.61724387,392.6800049,-85.68000107,4.0,7.800000191,8.075000167,5.0,8.0,4.0,1.0,1.0,5.0,8.0,2014.0,61.4167,8.8667,0.175023806,0.425663018,both,True,61.42,8.87,61.4167,Luscinia_svecica_61.42_8.87,71.16244797,2014.0,5.0,61.4167,8.8667,2014-05-01,2014-05-31,ECMWF/ERA5_LAND/DAILY_AGGR,13.740372765425946,1.938237809692937,3.40792828690284,60.08537210048104,9.0,1.366757329305037,11.883581797281863,3.4340021316106424
488,652Sætre2018,Luscinia_svecica,Luscinia_svecica,Passeriformes,Muscicapidae,Old World Flycatchers,Luscinia_svecica,monogamy,yearly,bluethroat,61.4167,8.8667,no,microsatellite,2015,2015,May,August,38.0,6.0,10.0,16.0,488,8.8667,2015,5.0,197.0,1.700000048,2.965517315,-1.265517268,3.680000019,-1.979999971,8.0,6.775000036,7.136207024,-0.361206988,7.910000134,-1.135000098,4.0,113.8000031,60.00000132,53.80000174,68.26000061,45.54000244,388.7000122,320.6172477,68.08276453,373.0800049,15.62000732,4.0,6.599999905,7.625000119,5.0,8.0,4.0,1.0,1.0,5.0,8.0,2015.0,61.4167,8.8667,0.144432467,0.547679959,both,True,61.42,8.87,61.4167,Luscinia_svecica_61.42_8.87,71.16244797,2015.0,5.0,61.4167,8.8667,2015-05-01,2015-05-31,ECMWF/ERA5_LAND/DAILY_AGGR,14.101064205078728,3.658326779775773,3.889725605754253,113.40813017304896,19.0,-0.4487736322546297,6.070812861124693,1.457641221718349
489,507Roeder2022,Tyrannus_forficatus,Tyrannus_forficatus,Passeriformes,Tyrannidae,Tyrant Flycatchers,Tyrannus_forficatus,monogamy,yearly,scissor-tailed_flycatcher,34.75,-98.5833,no,microsatellite,2009,2009,April,August,8.0,2.0,29.0,31.0,489,-98.5833,2009,4.0,198.0,15.5,16.22758661,-0.727586615,16.30000019,-0.800000191,8.0,23.62000008,23.75724181,-0.137241732,24.0080003,-0.388000221,5.0,116.5999985,56.23103586,60.36896262,54.94000092,61.65999756,409.7000084,377.5793172,32.12069116,444.8800106,-35.18000221,5.0,15.0,13.83999996,4.0,8.0,5.0,1.0,1.0,4.0,8.0,2009.0,34.75,-98.5833,0.343469756,0.49363376,both,True,34.75,-98.58,34.75,Tyrannus_forficatus_34.75_-98.58,653.4738396,2009.0,4.0,34.75,-98.5833,2009-04-01,2009-04-30,ECMWF/ERA5_LAND/DAILY_AGGR,40.920356470451225,3.713051538146436,8.574008611197293,111.39154614439306,9.0,16.31443030039472,18.71482149759925,4.564698208629587
490,507Roeder2022,Tyrannus_forficatus,Tyrannus_forficatus,Passeriformes,Tyrannidae,Tyrant Flycatchers,Tyrannus_forficatus,monogamy,yearly,scissor-tailed_flycatcher,34.75,-98.5833,no,microsatellite,2010,2010,April,August,13.0,7.0,44.0,51.0,490,-98.5833,2010,4.0,198.0,17.10000038,16.22758661,0.872413767,16.16000004,0.940000343,8.0,24.94000053,23.75724181,1.182758726,24.10800022,0.832000313,5.0,76.20000458,56.23103586,19.96896872,65.78000031,10.42000427,375.4000034,377.5793172,-2.179313795,445.2800102,-69.88000679,5.0,13.40000057,13.22000046,4.0,8.0,5.0,1.0,1.0,4.0,8.0,2010.0,34.75,-98.5833,0.420486623,0.489875995,both,True,34.75,-98.58,34.75,Tyrannus_forficatus_34.75_-98.58,653.4738396,2010.0,4.0,34.75,-98.5833,2010-04-01,2010-04-30,ECMWF/ERA5_LAND/DAILY_AGGR,23.6431986092498,2.499849658469581,5.645126074564141,74.99548975408743,10.0,17.345862960815452,13.330958684285465,3.726722223434789
491,507Roeder2022,Tyrannus_forficatus,Tyrannus_forficatus,Passeriformes,Tyrannidae,Tyrant Flycatchers,Tyrannus_forficatus,monogamy,yearly,scissor-tailed_flycatcher,34.75,-98.5833,no,microsatellite,2011,2011,April,August,18.0,12.0,57.0,69.0,491,-98.5833,2011,4.0,198.0,18.10000038,16.22758661,1.872413767,16.36000004,1.740000343,8.0,26.18000069,23.75724181,2.422758879,24.31200031,1.868000374,5.0,34.10000229,56.23103586,-22.13103357,77.72000122,-43.61999893,248.4000015,377.5793172,-129.1793157,438.6600094,-190.2600079,5.0,16.5,15.56000023,4.0,8.0,5.0,1.0,1.0,4.0,8.0,2011.0,34.75,-98.5833,0.356781918,0.416465322,both,True,34.75,-98.58,34.75,Tyrannus_forficatus_34.75_-98.58,653.4738396,2011.0,4.0,34.75,-98.5833,2011-04-01,2011-04-30,ECMWF/ERA5_LAND/DAILY_AGGR,22.49404191970328,1.2135533209863307,4.20770953307919,36.40659962958992,4.0,19.629373168945342,14.075482050577818,4.058784187104813
492,507Roeder2022,Tyrannus_forficatus,Tyrannus_forficatus,Passeriformes,Tyrannidae,Tyrant Flycatchers,Tyrannus_forficatus,monogamy,yearly,scissor-tailed_flycatcher,34.75,-98.5833,no,microsatellite,2012,2012,April,August,,,,,492,-98.5833,2012,4.0,198.0,18.89999962,16.22758661,2.672413004,16.08000011,2.819999504,8.0,25.86000023,23.75724181,2.102758421,24.46400043,1.395999794,5.0,94.09999847,56.23103586,37.86896262,73.32000122,20.77999725,278.3000031,377.5793172,-99.27931418,421.8400089,-143.5400059,5.0,13.5,14.42000008,4.0,8.0,5.0,1.0,1.0,4.0,8.0,2012.0,34.75,-98.5833,0.536111852,0.453758262,both,True,34.75,-98.58,34.75,Tyrannus_forficatus_34.75_-98.58,653.4738396,2012.0,4.0,34.75,-98.5833,2012-04-01,2012-04-30,ECMWF/ERA5_LAND/DAILY_AGGR,45.298532894605614,4.9454913608138655,10.528226080986672,148.36474082441595,11.0,18.954898177252904,11.69369125366211,3.256057754759245
493,507Roeder2022,Tyrannus_forficatus,Tyrannus_forficatus,Passeriformes,Tyrannidae,Tyrant Flycatchers,Tyrannus_forficatus,monogamy,yearly,scissor-tailed_flycatcher,34.75,-98.5833,no,microsatellite,2013,2013,April,August,,,,,493,-98.5833,2013,4.0,198.0,14.40000057,16.22758661,-1.827586042,17.02000008,-2.619999504,8.0,23.58000011,23.75724181,-0.177241694,24.92000038,-1.340000267,5.0,81.20000458,56.23103586,24.96896872,81.18000107,0.02000351,567.4000168,377.5793172,189.8206996,346.8800045,220.5200123,5.0,15.10000038,14.00000019,4.0,8.0,5.0,1.0,1.0,4.0,8.0,2013.0,34.75,-98.5833,0.405008683,0.460330474,both,True,34.75,-98.58,34.75,Tyrannus_forficatus_34.75_-98.58,653.4738396,2013.0,4.0,34.75,-98.5833,2013-04-01,2013-04-30,ECMWF/ERA5_LAND/DAILY_AGGR,55.3219025356384,3.162514895792512,10.117318995674063,94.87544687377536,8.0,13.90385345882842,18.74020512898761,5.584559630061902
494,507Roeder2022,Tyrannus_forficatus,Tyrannus_forficatus,Passeriformes,Tyrannidae,Tyrant Flycatchers,Tyrannus_forficatus,monogamy,yearly,scissor-tailed_flycatcher,34.75,-98.5833,no,microsatellite,2014,2014,April,August,,,,,494,-98.5833,2014,4.0,198.0,16.20000076,16.22758661,-0.027585852,16.80000019,-0.599999428,8.0,23.82000046,23.75724181,0.06275865,24.83600033,-1.01599987,5.0,24.0,56.23103586,-32.23103586,80.44000168,-56.44000168,380.9999962,377.5793172,3.420678957,375.8400066,5.159989548,5.0,15.30000019,13.9,4.0,8.0,5.0,1.0,1.0,4.0,8.0,2014.0,34.75,-98.5833,0.351523962,0.42309076,both,True,34.75,-98.58,34.75,Tyrannus_forficatus_34.75_-98.58,653.4738396,2014.0,4.0,34.75,-98.5833,2014-04-01,2014-04-30,ECMWF/ERA5_LAND/DAILY_AGGR,15.45897126197815,1.5430696093680751,3.3902825057461485,46.292088281042254,7.0,17.274369006686765,17.67452303568524,4.81231293927386
495,587Badás2020,Cyanistes_caeruleus,Cyanistes_caeruleus,Passeriformes,Paridae,"Tits, Chickadees, and Titmice",Parus_caeruleus,monogamy,yearly,blue_tit,40.9,-4.0167,yes,microsatellite,2013,2013,April,June,55.0,43.0,35.0,78.0,495,-4.0167,2013,4.0,199.0,8.5,7.913793301,0.586206699,9.300000191,-0.800000191,6.0,12.16666698,12.17126463,-0.004597642,13.65333366,-1.486666679,3.0,62.10000229,63.31379398,-1.213791691,75.66000137,-13.55999908,128.7000017,173.0137954,-44.3137937,176.0200038,-47.32000213,3.0,9.900000572,11.00000032,4.0,6.0,3.0,1.0,1.0,4.0,6.0,2013.0,40.9,-4.0167,0.518856201,0.587561925,both,True,40.9,-4.02,40.9,Cyanistes_caeruleus_40.9_-4.02,280.6899844,2013.0,4.0,40.9,-4.0167,2013-04-01,2013-04-30,ECMWF/ERA5_LAND/DAILY_AGGR,21.14306688298484,2.6382682031350413,4.346829813450716,79.14804609405124,15.0,7.327255694071469,15.390576044718443,4.151382919303535
496,666Danner2018,Grasshopper_Sparrows,Ammodramus_savannarum,Passeriformes,Passerellidae,New World Sparrows,Ammodramus_savannarum,monogamy,yearly,ammodramus_savannarum,39.2311,-75.9819,no,microsatellite,2005,2005,April,September,54.0,7.0,6.0,13.0,496,-75.9819,2005,4.0,200.0,12.40000057,11.59655193,0.803448644,12.12000027,0.280000305,9.0,20.91666698,19.93160955,0.985057431,20.12000049,0.796666495,6.0,108.4000015,85.88965699,22.51034454,87.04000168,21.35999985,501.8000107,584.2827698,-82.48275915,689.3200142,-187.5200035,6.0,13.60000038,12.41666698,4.0,9.0,6.0,1.0,1.0,4.0,9.0,2005.0,39.2311,-75.9819,0.446541331,0.578450948,both,True,39.23,-75.98,39.2311,Grasshopper_Sparrows_39.23_-75.98,15.150496,2005.0,4.0,39.2311,-75.9819,2005-04-01,2005-04-30,ECMWF/ERA5_LAND/DAILY_AGGR,41.57071411593094,3.728613622221033,8.618385360413196,111.858408666631,8.0,12.41348152160647,12.695500691731809,3.112776928932272
497,666Danner2018,Grasshopper_Sparrows,Ammodramus_savannarum,Passeriformes,Passerellidae,New World Sparrows,Ammodramus_savannarum,monogamy,yearly,ammodramus_savannarum,39.2311,-75.9819,no,microsatellite,2006,2006,April,September,67.0,6.0,3.0,9.0,497,-75.9819,2006,4.0,200.0,13.30000019,11.59655193,1.703448263,12.36000042,0.939999771,9.0,20.61666663,19.93160955,0.685057081,20.4466671,0.169999536,6.0,98.90000153,85.88965699,13.01034454,90.50000229,8.399999237,743.0000191,584.2827698,158.7172492,646.0000175,97.00000153,6.0,13.69999981,12.1833334,4.0,9.0,6.0,1.0,1.0,4.0,9.0,2006.0,39.2311,-75.9819,0.479091029,0.604130588,both,True,39.23,-75.98,39.2311,Grasshopper_Sparrows_39.23_-75.98,15.150496,2006.0,4.0,39.2311,-75.9819,2006-04-01,2006-04-30,ECMWF/ERA5_LAND/DAILY_AGGR,28.07044088837074,3.564013040554433,7.3967243962256735,106.920391216633,13.0,13.399370786878825,12.210084915161133,2.956299522936732
498,666Danner2018,Grasshopper_Sparrows,Ammodramus_savannarum,Passeriformes,Passerellidae,New World Sparrows,Ammodramus_savannarum,monogamy,yearly,ammodramus_savannarum,39.2311,-75.9819,no,microsatellite,2007,2007,April,September,43.0,10.0,13.0,23.0,498,-75.9819,2007,4.0,200.0,10.80000019,11.59655193,-0.796551737,12.54000034,-1.740000153,9.0,20.71666702,19.93160955,0.785057462,20.536667,0.180000019,6.0,140.6000061,85.88965699,54.71034912,101.1200027,39.48000336,449.0000114,584.2827698,-135.2827584,675.2000191,-226.2000076,6.0,12.10000038,12.76666673,4.0,9.0,6.0,1.0,1.0,4.0,9.0,2007.0,39.2311,-75.9819,0.453217201,0.594172235,both,True,39.23,-75.98,39.2311,Grasshopper_Sparrows_39.23_-75.98,15.150496,2007.0,4.0,39.2311,-75.9819,2007-04-01,2007-04-30,ECMWF/ERA5_LAND/DAILY_AGGR,86.30852699269553,5.2487463547450375,15.990717265554432,157.46239064235112,9.0,10.432479667663596,17.460596720377623,4.912975598088824
499,666Danner2018,Grasshopper_Sparrows,Ammodramus_savannarum,Passeriformes,Passerellidae,New World Sparrows,Ammodramus_savannarum,monogamy,yearly,ammodramus_savannarum,39.2311,-75.9819,no,microsatellite,2008,2008,April,September,76.0,32.0,10.0,42.0,499,-75.9819,2008,4.0,200.0,13.69999981,11.59655193,2.103447881,12.02000027,1.679999542,9.0,20.61666663,19.93160955,0.685057081,20.486667,0.129999638,6.0,76.09999847,85.88965699,-9.789658514,111.8800034,-35.78000488,548.0000095,584.2827698,-36.28276029,661.420018,-113.4200085,6.0,12.19999981,12.36666695,4.0,9.0,6.0,1.0,1.0,4.0,9.0,2008.0,39.2311,-75.9819,0.488048793,0.577302577,both,True,39.23,-75.98,39.2311,Grasshopper_Sparrows_39.23_-75.98,15.150496,2008.0,4.0,39.2311,-75.9819,2008-04-01,2008-04-30,ECMWF/ERA5_LAND/DAILY_AGGR,22.591150404025484,2.540313004789141,4.784964023371577,76.20939014367423,11.0,13.290532599555142,12.489444732666016,3.601295670924056
500,666Danner2018,Grasshopper_Sparrows,Ammodramus_savannarum,Passeriformes,Passerellidae,New World Sparrows,Ammodramus_savannarum,monogamy,yearly,ammodramus_savannarum,39.2311,-75.9819,no,microsatellite,2009,2009,April,September,59.0,22.0,15.0,37.0,500,-75.9819,2009,4.0,200.0,12.80000019,11.59655193,1.203448263,12.50000019,0.3,9.0,20.06666708,19.93160955,0.135057526,20.6700002,-0.603333124,6.0,129.5,85.88965699,43.61034301,112.3600021,17.13999786,786.8000107,584.2827698,202.5172409,600.4600163,186.3399944,6.0,12.80000019,11.50000032,4.0,9.0,6.0,1.0,1.0,4.0,9.0,2009.0,39.2311,-75.9819,0.485094223,0.599513372,both,True,39.23,-75.98,39.2311,Grasshopper_Sparrows_39.23_-75.98,15.150496,2009.0,4.0,39.2311,-75.9819,2009-04-01,2009-04-30,ECMWF/ERA5_LAND/DAILY_AGGR,19.272774457874675,3.903167506532768,6.176508897449067,117.09502519598304,12.0,12.34505909813777,16.25713793436688,4.497991174960827
501,654Ferretti2019,Tachycineta_albilinea,Tachycineta_albilinea,Passeriformes,Hirundinidae,Swallows,Tachycineta_albilinea,monogamy,yearly,mangrove_swallows,,,yes,microsatellite,2003,2003,March,June,18.0,4.0,18.0,22.0,501,,2003,3.0,,,,,,,6.0,,,,,,4.0,,,,,,,,,,,4.0,,,3.0,6.0,4.0,,,,,,,,,,left_only,,,,,Tachycineta_albilinea_NA_NA,,,,,,,,,,,,,,,,
502,655Arct2024,Cyanistes_caeruleus,Cyanistes_caeruleus,Passeriformes,Paridae,"Tits, Chickadees, and Titmice",Parus_caeruleus,monogamy,yearly,blue_tit,57.05,18.2833,yes,microsatellite,2009,2009,April,June,45.0,9.0,11.0,20.0,502,18.2833,2009,4.0,201.0,7.0,4.000000086,2.999999914,5.840000057,1.159999943,6.0,10.20000013,9.047126591,1.152873537,10.09333353,0.106666597,3.0,5.400000095,27.58965566,-22.18965557,19.14000072,-13.74000063,90.30000162,89.25862211,1.041379509,83.22000122,7.080000401,3.0,8.0,7.433333397,4.0,6.0,3.0,1.0,1.0,4.0,6.0,2009.0,57.05,18.2833,0.13578178,0.237523194,both,True,57.05,18.28,57.05,Cyanistes_caeruleus_57.05_18.28,1.763540702,2009.0,4.0,57.05,18.2833,2009-04-01,2009-04-30,ECMWF/ERA5_LAND/DAILY_AGGR,4.666760563850403,0.2515957360236835,0.9275872131722152,7.547872080710505,2.0,6.33879553476972,8.580731074015262,2.072143741205465
503,655Arct2024,Cyanistes_caeruleus,Cyanistes_caeruleus,Passeriformes,Paridae,"Tits, Chickadees, and Titmice",Parus_caeruleus,monogamy,yearly,blue_tit,57.05,18.2833,yes,microsatellite,2010,2010,April,June,35.0,7.0,13.0,20.0,503,18.2833,2010,4.0,201.0,5.0,4.000000086,0.999999914,6.020000076,-1.020000076,6.0,9.333333333,9.047126591,0.286206743,10.20666688,-0.873333549,3.0,20.39999962,27.58965566,-7.189656044,17.80000067,2.599998951,88.60000038,89.25862211,-0.65862173,83.06000147,5.539998913,3.0,7.0,6.966666698,4.0,6.0,3.0,1.0,1.0,4.0,6.0,2010.0,57.05,18.2833,0.221321463,0.397925976,both,True,57.05,18.28,57.05,Cyanistes_caeruleus_57.05_18.28,1.763540702,2010.0,4.0,57.05,18.2833,2010-04-01,2010-04-30,ECMWF/ERA5_LAND/DAILY_AGGR,6.887915730374061,1.020428599179013,1.7256280981316598,30.61285797537039,8.0,4.435337787204338,6.3131688435872775,1.5731766037203656
504,655Arct2024,Cyanistes_caeruleus,Cyanistes_caeruleus,Passeriformes,Paridae,"Tits, Chickadees, and Titmice",Parus_caeruleus,monogamy,yearly,blue_tit,57.05,18.2833,yes,microsatellite,2011,2011,April,June,36.7,11.0,19.0,30.0,504,18.2833,2011,4.0,201.0,7.099999905,4.000000086,3.099999818,5.920000076,1.179999828,6.0,11.10000022,9.047126591,2.052873632,10.17333355,0.926666673,3.0,18.80000114,27.58965566,-8.789654518,20.42000055,-1.619999409,83.80000305,89.25862211,-5.45861906,85.48000135,-1.679998302,3.0,7.599999905,7.76666673,4.0,6.0,3.0,1.0,1.0,4.0,6.0,2011.0,57.05,18.2833,0.232294747,0.346969515,both,True,57.05,18.28,57.05,Cyanistes_caeruleus_57.05_18.28,1.763540702,2011.0,4.0,57.05,18.2833,2011-04-01,2011-04-30,ECMWF/ERA5_LAND/DAILY_AGGR,10.325731191130672,0.8288793480617803,2.105438017136018,24.86638044185341,4.0,6.3246287027995,5.54608154296875,1.5381801683402656
505,655Arct2024,Cyanistes_caeruleus,Cyanistes_caeruleus,Passeriformes,Paridae,"Tits, Chickadees, and Titmice",Parus_caeruleus,monogamy,yearly,blue_tit,57.05,18.2833,yes,microsatellite,2012,2012,April,June,34.0,18.0,35.0,53.0,505,18.2833,2012,4.0,201.0,5.0,4.000000086,0.999999914,6.4,-1.4,6.0,9.5,9.047126591,0.452873409,10.42666683,-0.926666832,3.0,35.20000076,27.58965566,7.610345101,17.30000048,17.90000029,115.9000015,89.25862211,26.64137941,85.98000174,29.91999979,3.0,6.599999905,7.46666654,4.0,6.0,3.0,1.0,1.0,4.0,6.0,2012.0,57.05,18.2833,0.249296929,0.373726042,both,True,57.05,18.28,57.05,Cyanistes_caeruleus_57.05_18.28,1.763540702,2012.0,4.0,57.05,18.2833,2012-04-01,2012-04-30,ECMWF/ERA5_LAND/DAILY_AGGR,8.861348723826268,1.7078003358746467,2.391414746497421,51.2340100762394,12.0,4.990157508850122,8.176835378011049,2.4466219080984533
506,655Arct2024,Cyanistes_caeruleus,Cyanistes_caeruleus,Passeriformes,Paridae,"Tits, Chickadees, and Titmice",Parus_caeruleus,monogamy,yearly,blue_tit,57.05,18.2833,yes,microsatellite,2013,2013,April,June,36.0,13.0,23.0,36.0,506,18.2833,2013,4.0,201.0,4.300000191,4.000000086,0.300000104,6.080000019,-1.779999828,6.0,10.40000025,9.047126591,1.352873664,10.14000012,0.260000134,3.0,24.5,27.58965566,-3.089655662,21.0800004,3.419999599,96.10000229,89.25862211,6.841380177,89.52000151,6.580000782,3.0,6.300000191,7.53333346,4.0,6.0,3.0,1.0,1.0,4.0,6.0,2013.0,57.05,18.2833,0.16355425,0.316843475,both,True,57.05,18.28,57.05,Cyanistes_caeruleus_57.05_18.28,1.763540702,2013.0,4.0,57.05,18.2833,2013-04-01,2013-04-30,ECMWF/ERA5_LAND/DAILY_AGGR,11.267998814577853,0.9476187135733246,2.293620371129991,28.428561407199737,6.0,4.124667803446471,8.011407216389955,2.4398472699103904
507,655Arct2024,Cyanistes_caeruleus,Cyanistes_caeruleus,Passeriformes,Paridae,"Tits, Chickadees, and Titmice",Parus_caeruleus,monogamy,yearly,blue_tit,57.05,18.2833,yes,microsatellite,2014,2014,April,June,29.3,12.0,29.0,41.0,507,18.2833,2014,4.0,201.0,7.099999905,4.000000086,3.099999818,5.680000019,1.419999886,6.0,10.13333337,9.047126591,1.086206775,10.10666679,0.026666578,3.0,18.89999962,27.58965566,-8.689656044,20.86000032,-1.960000706,95.29999924,89.25862211,6.041377125,94.94000177,0.359997463,3.0,8.100000381,7.333333492,4.0,6.0,3.0,1.0,1.0,4.0,6.0,2014.0,57.05,18.2833,0.365813722,0.410754315,both,True,57.05,18.28,57.05,Cyanistes_caeruleus_57.05_18.28,1.763540702,2014.0,4.0,57.05,18.2833,2014-04-01,2014-04-30,ECMWF/ERA5_LAND/DAILY_AGGR,5.558526388028895,0.4637516820075404,1.1691704955578903,13.912550460226214,3.0,6.666523954603431,9.079968134562192,2.4427597872910884
508,655Arct2024,Cyanistes_caeruleus,Cyanistes_caeruleus,Passeriformes,Paridae,"Tits, Chickadees, and Titmice",Parus_caeruleus,monogamy,yearly,blue_tit,57.05,18.2833,yes,microsatellite,2015,2015,April,June,13.6,6.0,38.0,44.0,508,18.2833,2015,4.0,201.0,5.900000095,4.000000086,1.900000009,5.7,0.200000095,6.0,9.266666889,9.047126591,0.219540299,10.09333344,-0.826666546,3.0,33.60000229,27.58965566,6.010346626,23.56000023,10.04000206,110.6000023,89.25862211,21.34138018,95.9400013,14.66000099,3.0,6.0,6.5,4.0,6.0,3.0,1.0,1.0,4.0,6.0,2015.0,57.05,18.2833,0.316669155,0.407449179,both,True,57.05,18.28,57.05,Cyanistes_caeruleus_57.05_18.28,1.763540702,2015.0,4.0,57.05,18.2833,2015-04-01,2015-04-30,ECMWF/ERA5_LAND/DAILY_AGGR,8.163168039686752,1.1983292517527389,1.9545082374601108,35.949877552582166,11.0,6.222055498758971,6.993003845214844,1.8435849131734143
509,655Arct2024,Cyanistes_caeruleus,Cyanistes_caeruleus,Passeriformes,Paridae,"Tits, Chickadees, and Titmice",Parus_caeruleus,monogamy,yearly,blue_tit,57.05,18.2833,yes,microsatellite,2016,2016,April,June,25.8,17.0,49.0,66.0,509,18.2833,2016,4.0,201.0,5.599999905,4.000000086,1.599999818,5.880000019,-0.280000114,6.0,11.03333362,9.047126591,1.986207029,10.08000015,0.953333473,3.0,32.0,27.58965566,4.410344338,26.20000076,5.799999237,105.0000019,89.25862211,15.7413798,100.3400017,4.660000229,3.0,6.300000191,7.633333683,4.0,6.0,3.0,1.0,1.0,4.0,6.0,2016.0,57.05,18.2833,0.325189528,0.382251519,both,True,57.05,18.28,57.05,Cyanistes_caeruleus_57.05_18.28,1.763540702,2016.0,4.0,57.05,18.2833,2016-04-01,2016-04-30,ECMWF/ERA5_LAND/DAILY_AGGR,4.99633550651879,0.9949897168758308,1.3427264654623228,29.84969150627492,10.0,5.732823393079995,4.049199422200502,1.0649075531916017
510,672Grinkov2022,Ficedula_hypoleuca,Ficedula_hypoleuca,Passeriformes,Muscicapidae,Old World Flycatchers,Ficedula_hypoleuca,monogamy,yearly,European_pied_flycatcher,56.35,84.9333,yes,microsatellite,2005,2005,April,June,21.2,53.0,197.0,250.0,510,84.9333,2005,4.0,202.0,3.200000048,1.751724165,1.448275883,2.260000062,0.939999986,6.0,10.63333329,9.416092117,1.217241168,10.99333351,-0.360000221,3.0,26.70000076,27.87931077,-1.179310009,29.80000038,-3.099999619,118.2000008,130.9551747,-12.75517395,140.9200027,-22.72000198,3.0,10.69999981,11.73333327,4.0,6.0,3.0,1.0,1.0,4.0,6.0,2005.0,56.35,84.9333,0.256793803,0.540691382,both,True,56.35,84.93,56.35,Ficedula_hypoleuca_56.35_84.93,1287.147281,2005.0,4.0,56.35,84.9333,2005-04-01,2005-04-30,ECMWF/ERA5_LAND/DAILY_AGGR,12.220844626426697,1.24400592568783,2.516974936470158,37.3201777706349,7.0,1.01935174730091,22.20378875732422,5.36090161754157
511,673Stermin2026,Rallus_aquaticus,Rallus_aquaticus,Gruiformes,Rallidae,"Rails, Gallinules, and Coots",Rallus_aquaticus,monogamy,yearly,water_rail,46.91,23.91,no,microsatellite,2012,2012,May,May,16.7,1.0,5.0,6.0,511,23.91,2012,5.0,203.0,15.69999981,14.40344857,1.296551244,15.56000023,0.13999958,5.0,15.69999981,14.40344857,1.296551244,15.56000023,0.13999958,1.0,96.59999847,77.82069094,18.77930753,87.04000092,9.559997559,96.59999847,77.82069094,18.77930753,87.04000092,9.559997559,1.0,12.80000019,12.80000019,5.0,5.0,1.0,1.0,1.0,5.0,5.0,2012.0,46.91,23.91,0.639838665,0.639838665,both,True,46.91,23.91,46.91,Rallus_aquaticus_46.91_23.91,444.2434657,2012.0,5.0,46.91,23.91,2012-05-01,2012-05-31,ECMWF/ERA5_LAND/DAILY_AGGR,18.682006001370155,4.250386813503215,4.737023226365538,131.76199121859966,23.0,15.389094945435904,10.77458953857422,2.916900356546229
512,674Mino2017,Bubulcus_ibis,Ardea_ibis,Pelecaniformes,Ardeidae,"Herons, Egrets, and Bitterns",Bubulcus_ibis,monogamy,yearly,cattle_egret,61.3,-22.5,no,microsatellite,2011,2011,October,December,61.3,19.0,12.0,31.0,512,-22.5,2011,10.0,204.0,,,,,,12.0,,,,,,3.0,,,,,,,,,,,3.0,,,10.0,12.0,3.0,1.0,1.0,10.0,12.0,2011.0,61.3,-22.5,,,both,True,61.3,-22.5,61.3,Bubulcus_ibis_61.3_-22.5,277.3638747,2011.0,10.0,61.3,-22.5,2011-10-01,2011-10-31,ECMWF/ERA5_LAND/DAILY_AGGR,,,,,,,,
513,675Dawson2025,Myiopsitta_monachus,Myiopsitta_monachus,Psittaciformes,Psittacidae,New World and African Parrots,Myiopsitta_monachus,monogamy,yearly,monk_parakeet,41.39,2.17,no,microsatellite,2017,2017,April,July,29.0,5.0,12.0,17.0,513,2.17,2017,4.0,205.0,14.19999981,12.95172428,1.248275527,14.28000031,-0.080000496,7.0,20.25000024,17.99655203,2.253448207,19.32500024,0.925,4.0,37.90000153,50.48620785,-12.58620632,58.37999954,-20.47999802,82.80000114,167.6689681,-84.86896695,137.9200008,-55.11999969,4.0,10.10000038,9.5,4.0,7.0,4.0,1.0,1.0,4.0,7.0,2017.0,41.39,2.17,0.26081651,0.250119706,both,True,41.39,2.17,41.39,Myiopsitta_monachus_41.39_2.17,3.43370124,2017.0,4.0,41.39,2.17,2017-04-01,2017-04-30,ECMWF/ERA5_LAND/DAILY_AGGR,,,,,,,,
514,675Dawson2025,Myiopsitta_monachus,Myiopsitta_monachus,Psittaciformes,Psittacidae,New World and African Parrots,Myiopsitta_monachus,monogamy,yearly,monk_parakeet,41.39,2.17,no,microsatellite,2018,2018,April,July,25.0,3.0,7.0,10.0,514,2.17,2018,4.0,205.0,15.80000019,12.95172428,2.848275908,14.42000027,1.379999924,7.0,20.50000024,17.99655203,2.503448207,19.53000031,0.969999933,4.0,90.90000153,50.48620785,40.41379368,53.27999954,37.62000198,211.300005,167.6689681,43.63103687,128.3200006,82.98000431,4.0,8.300000191,8.175000072,4.0,7.0,4.0,1.0,1.0,4.0,7.0,2018.0,41.39,2.17,0.230729663,0.241992646,both,True,41.39,2.17,41.39,Myiopsitta_monachus_41.39_2.17,3.43370124,2018.0,4.0,41.39,2.17,2018-04-01,2018-04-30,ECMWF/ERA5_LAND/DAILY_AGGR,,,,,,,,
515,678Beck2020,Cyanistes_caeruleus,Cyanistes_caeruleus,Passeriformes,Paridae,"Tits, Chickadees, and Titmice",Parus_caeruleus,monogamy,single-year study,blue_tit,48.1333,10.8833,yes,microsatellite,2018,2018,March,June,41.0,51.0,73.0,124.0,515,10.8833,2018,3.0,206.0,3.400000095,3.675862127,-0.275862031,5.560000086,-2.15999999,6.0,12.50000012,9.675862229,2.82413789,11.29000021,1.209999907,4.0,29.0,47.84137995,-18.84137995,37.28000145,-8.28000145,234.7000046,321.4000044,-86.69999984,314.9200069,-80.22000237,4.0,8.400000572,11.22500014,3.0,6.0,4.0,1.0,1.0,3.0,6.0,2018.0,48.1333,10.8833,0.435800055,0.575039917,both,True,48.13,10.88,48.1333,Cyanistes_caeruleus_48.13_10.88,312.5806009,2018.0,3.0,48.1333,10.8833,2018-03-01,2018-03-31,ECMWF/ERA5_LAND/DAILY_AGGR,11.015521065417031,1.6228736504887038,2.2033793575386267,50.309083165149815,15.0,3.1557293020269137,16.295881907145144,3.919119943939835
516,489Barber2025,Sturnus_vulgaris,Sturnus_vulgaris,Passeriformes,Sturnidae,Starlings,Sturnus_vulgaris,monogamy,yearly,European_Starling,44.6167,-63.5667,yes,microsatellite,2007,2007,April,July,56.0,5.0,4.0,9.0,516,-63.5667,2007,4.0,207.0,3.100000143,3.751724208,-0.651724065,4.340000105,-1.239999962,7.0,11.12500018,11.24396572,-0.118965537,11.50500027,-0.380000091,4.0,125.8000031,110.8103466,14.98965645,120.3800018,5.420001221,394.4000092,414.8689734,-20.46896428,428.0000076,-33.59999847,4.0,9.199999809,10.05000019,4.0,7.0,4.0,1.0,1.0,4.0,7.0,2007.0,44.6167,-63.5667,0.350819159,0.397368016,both,True,44.62,-63.57,44.6167,Sturnus_vulgaris_44.62_-63.57,0.332729802,2007.0,4.0,44.6167,-63.5667,2007-04-01,2007-04-30,ECMWF/ERA5_LAND/DAILY_AGGR,27.77036726473625,3.9446786834460568,7.106715319089656,118.3403605033817,13.0,2.633127996656655,11.871785481770871,2.8649648761159274
517,489Barber2025,Sturnus_vulgaris,Sturnus_vulgaris,Passeriformes,Sturnidae,Starlings,Sturnus_vulgaris,monogamy,yearly,European_Starling,44.6167,-63.5667,yes,microsatellite,2008,2008,April,July,25.0,1.0,2.0,3.0,517,-63.5667,2008,4.0,207.0,4.900000095,3.751724208,1.148275887,4.120000076,0.780000019,7.0,11.95000041,11.24396572,0.70603469,11.56000025,0.390000153,4.0,74.0,110.8103466,-36.8103466,117.6200012,-43.62000122,332.3000031,414.8689734,-82.56897038,423.7600082,-91.46000519,4.0,10.10000038,9.975000143,4.0,7.0,4.0,1.0,1.0,4.0,7.0,2008.0,44.6167,-63.5667,0.367788894,0.406150135,both,True,44.62,-63.57,44.6167,Sturnus_vulgaris_44.62_-63.57,0.332729802,2008.0,4.0,44.6167,-63.5667,2008-04-01,2008-04-30,ECMWF/ERA5_LAND/DAILY_AGGR,12.840142846016532,2.5074504805976026,4.057808207310175,75.22351441792807,11.0,5.045304192437086,7.640843709309877,1.8340282777536585
518,489Barber2025,Sturnus_vulgaris,Sturnus_vulgaris,Passeriformes,Sturnidae,Starlings,Sturnus_vulgaris,monogamy,yearly,European_Starling,44.6167,-63.5667,yes,microsatellite,2009,2009,April,July,50.0,4.0,3.0,7.0,518,-63.5667,2009,4.0,207.0,5.400000095,3.751724208,1.648275887,4.660000086,0.74000001,7.0,11.82500017,11.24396572,0.581034451,11.74000028,0.084999883,4.0,150.1999969,110.8103466,39.38965034,113.7400009,36.45999603,541.5999985,414.8689734,126.731025,418.540007,123.0599915,4.0,10.30000019,10.07500029,4.0,7.0,4.0,1.0,1.0,4.0,7.0,2009.0,44.6167,-63.5667,0.317009572,0.403768842,both,True,44.62,-63.57,44.6167,Sturnus_vulgaris_44.62_-63.57,0.332729802,2009.0,4.0,44.6167,-63.5667,2009-04-01,2009-04-30,ECMWF/ERA5_LAND/DAILY_AGGR,25.725290179252625,4.17408353137662,7.958127657929073,125.22250594129858,11.0,5.196846750047492,12.262428919474246,2.9853999234487114
519,489Barber2025,Sturnus_vulgaris,Sturnus_vulgaris,Passeriformes,Sturnidae,Starlings,Sturnus_vulgaris,monogamy,yearly,European_Starling,44.6167,-63.5667,yes,microsatellite,2011,2011,April,July,60.0,7.0,5.0,12.0,519,-63.5667,2011,4.0,207.0,4.599999905,3.751724208,0.848275696,5.160000181,-0.560000277,7.0,11.97500026,11.24396572,0.731034547,12.20000027,-0.225000012,4.0,132.4000092,110.8103466,21.58966255,104.7600006,27.64000854,477.8000259,414.8689734,62.9310525,443.8800026,33.92002335,4.0,10.30000019,9.675000191,4.0,7.0,4.0,1.0,1.0,4.0,7.0,2011.0,44.6167,-63.5667,0.352052705,0.481639951,both,True,44.62,-63.57,44.6167,Sturnus_vulgaris_44.62_-63.57,0.332729802,2011.0,4.0,44.6167,-63.5667,2011-04-01,2011-04-30,ECMWF/ERA5_LAND/DAILY_AGGR,14.685824513435364,3.829188418013156,4.138405123915051,114.87565254039468,17.0,5.088270738389777,12.328690846761049,2.972346039243664
520,493Hałupka2024,Acrocephalus_scirpaceus,Acrocephalus_scirpaceus,Passeriformes,Acrocephalidae,Reed Warblers and Allies,Acrocephalus_scirpaceus,monogamy,yearly,Eurasian_reed_warbler,21.6,51.5333,no,microsatellite,2006,2006,May,August,20.83,5.0,18.0,23.0,520,51.5333,2006,5.0,208.0,35.29999924,33.26896667,2.031032562,34.34000092,0.959998322,8.0,36.57499981,34.93189739,1.643102416,35.80500069,0.769999123,4.0,1.700000048,1.813793145,-0.113793098,1.740000033,-0.039999986,3.000000097,3.113793195,-0.113793098,3.040000083,-0.039999986,4.0,14.40000057,13.55000043,5.0,8.0,4.0,1.0,1.0,5.0,8.0,2006.0,21.6,51.5333,0.090157468,0.087451364,both,True,21.6,51.53,21.6,Acrocephalus_scirpaceus_21.6_51.53,267.9771802,2006.0,5.0,21.6,51.5333,2006-05-01,2006-05-31,ECMWF/ERA5_LAND/DAILY_AGGR,0.0034362077485639,0.0009406768100232,0.0009837367168831,0.0291609811107207,0.0,35.29168663024904,5.250372568766295,1.1357855190601245
521,493Hałupka2024,Acrocephalus_scirpaceus,Acrocephalus_scirpaceus,Passeriformes,Acrocephalidae,Reed Warblers and Allies,Acrocephalus_scirpaceus,monogamy,yearly,Eurasian_reed_warbler,21.6,51.5333,no,microsatellite,2007,2007,May,August,32.65,16.0,33.0,49.0,521,51.5333,2007,5.0,208.0,35.29999924,33.26896667,2.031032562,34.40000076,0.899998474,8.0,36.44999981,34.93189739,1.518102416,35.93500042,0.51499939,4.0,1.700000048,1.813793145,-0.113793098,1.700000048,0.0,3.000000097,3.113793195,-0.113793098,3.000000097,0.0,4.0,14.30000019,13.25000024,5.0,8.0,4.0,1.0,1.0,5.0,8.0,2007.0,21.6,51.5333,0.090442143,0.090035191,both,True,21.6,51.53,21.6,Acrocephalus_scirpaceus_21.6_51.53,267.9771802,2007.0,5.0,21.6,51.5333,2007-05-01,2007-05-31,ECMWF/ERA5_LAND/DAILY_AGGR,0.0043436245960037,0.0012781481154613,0.0011976149954246,0.0396225915793024,0.0,35.270243827245594,5.981180191040039,1.344716517646518
522,493Hałupka2024,Acrocephalus_scirpaceus,Acrocephalus_scirpaceus,Passeriformes,Acrocephalidae,Reed Warblers and Allies,Acrocephalus_scirpaceus,monogamy,yearly,Eurasian_reed_warbler,21.6,51.5333,no,microsatellite,2008,2008,May,August,23.21,13.0,43.0,56.0,522,51.5333,2008,5.0,208.0,34.79999924,33.26896667,1.531032562,34.48000031,0.319998932,8.0,36.25000095,34.93189739,1.31810356,36.03000011,0.220000839,4.0,1.700000048,1.813793145,-0.113793098,1.700000048,0.0,3.000000097,3.113793195,-0.113793098,3.000000097,0.0,4.0,13.90000057,13.12500048,5.0,8.0,4.0,1.0,1.0,5.0,8.0,2008.0,21.6,51.5333,0.08923606,0.0906096,both,True,21.6,51.53,21.6,Acrocephalus_scirpaceus_21.6_51.53,267.9771802,2008.0,5.0,21.6,51.5333,2008-05-01,2008-05-31,ECMWF/ERA5_LAND/DAILY_AGGR,0.0685062270235903,0.0041949698946094,0.0129999114271939,0.1300440667328928,0.0,35.442098236084014,5.288262685139955,1.3886431305548192
523,493Hałupka2024,Acrocephalus_scirpaceus,Acrocephalus_scirpaceus,Passeriformes,Acrocephalidae,Reed Warblers and Allies,Acrocephalus_scirpaceus,monogamy,yearly,Eurasian_reed_warbler,21.6,51.5333,no,microsatellite,2009,2009,May,August,14.63,6.0,35.0,41.0,523,51.5333,2009,5.0,208.0,35.29999924,33.26896667,2.031032562,34.55999985,0.73999939,8.0,36.60000038,34.93189739,1.668102988,36.11500034,0.485000038,4.0,1.700000048,1.813793145,-0.113793098,1.700000048,0.0,3.000000097,3.113793195,-0.113793098,3.000000097,0.0,4.0,14.5,13.45000005,5.0,8.0,4.0,1.0,1.0,5.0,8.0,2009.0,21.6,51.5333,0.091009044,0.090575544,both,True,21.6,51.53,21.6,Acrocephalus_scirpaceus_21.6_51.53,267.9771802,2009.0,5.0,21.6,51.5333,2009-05-01,2009-05-31,ECMWF/ERA5_LAND/DAILY_AGGR,0.0025749204723979,0.000830750968404,0.0007467656040999,0.025753280020524,0.0,34.987122882309805,7.214686711629213,1.7748274710226135
524,493Hałupka2024,Acrocephalus_scirpaceus,Acrocephalus_scirpaceus,Passeriformes,Acrocephalidae,Reed Warblers and Allies,Acrocephalus_scirpaceus,monogamy,yearly,Eurasian_reed_warbler,21.6,51.5333,no,microsatellite,2010,2010,May,August,20.0,9.0,36.0,45.0,524,51.5333,2010,5.0,208.0,34.70000076,33.26896667,1.431034088,34.79999924,-0.099998474,8.0,36.375,34.93189739,1.443102606,36.29500027,0.079999733,4.0,1.899999976,1.813793145,0.086206831,1.700000048,0.199999928,3.200000025,3.113793195,0.086206831,3.000000097,0.199999928,4.0,13.69999981,12.82500005,5.0,8.0,4.0,1.0,1.0,5.0,8.0,2010.0,21.6,51.5333,0.08073507,0.078748044,both,True,21.6,51.53,21.6,Acrocephalus_scirpaceus_21.6_51.53,267.9771802,2010.0,5.0,21.6,51.5333,2010-05-01,2010-05-31,ECMWF/ERA5_LAND/DAILY_AGGR,0.5015134811401367,0.0181800156827564,0.0883721544168851,0.5635804861654492,0.0,35.27721863203153,6.475683848063113,1.7396133668303977
525,493Hałupka2024,Acrocephalus_scirpaceus,Acrocephalus_scirpaceus,Passeriformes,Acrocephalidae,Reed Warblers and Allies,Acrocephalus_scirpaceus,monogamy,yearly,Eurasian_reed_warbler,21.6,51.5333,no,microsatellite,2011,2011,May,August,15.91,7.0,37.0,44.0,525,51.5333,2011,5.0,208.0,35.60000229,33.26896667,2.331035614,35.07999954,0.520002747,8.0,36.65000153,34.93189739,1.718104132,36.45000019,0.200001335,4.0,1.700000048,1.813793145,-0.113793098,1.740000033,-0.039999986,3.000000097,3.113793195,-0.113793098,3.040000083,-0.039999986,4.0,13.60000038,12.87500024,5.0,8.0,4.0,1.0,1.0,5.0,8.0,2011.0,21.6,51.5333,0.080712259,0.080799586,both,True,21.6,51.53,21.6,Acrocephalus_scirpaceus_21.6_51.53,267.9771802,2011.0,5.0,21.6,51.5333,2011-05-01,2011-05-31,ECMWF/ERA5_LAND/DAILY_AGGR,0.2225653910841174,0.0080095902357318,0.0391820302378272,0.2482972973076869,0.0,35.1644232637139,6.8850008646647325,1.7147029446508422
526,506Rosenfield2024,Accipiter_cooperii,Astur_cooperii,Accipitriformes,Accipitridae,"Hawks, Eagles, and Kites",Accipiter_cooperii,monogamy,yearly,Cooper’s_Hawk,,,no,microsatellite,2011,2011,,,15.8,3.0,16.0,19.0,526,,2011,,,,,,,,,,,,,,,,,,,,,,,,,,,,,,,,,,,,,,,,left_only,,,,,Accipiter_cooperii_NA_NA,,,,,,,,,,,,,,,,
527,506Rosenfield2024,Accipiter_cooperii,Astur_cooperii,Accipitriformes,Accipitridae,"Hawks, Eagles, and Kites",Accipiter_cooperii,monogamy,yearly,Cooper’s_Hawk,,,no,microsatellite,2012,2012,,,31.3,5.0,11.0,16.0,527,,2012,,,,,,,,,,,,,,,,,,,,,,,,,,,,,,,,,,,,,,,,left_only,,,,,Accipiter_cooperii_NA_NA,,,,,,,,,,,,,,,,
528,506Rosenfield2024,Accipiter_cooperii,Astur_cooperii,Accipitriformes,Accipitridae,"Hawks, Eagles, and Kites",Accipiter_cooperii,monogamy,yearly,Cooper’s_Hawk,,,no,microsatellite,2013,2013,,,22.2,4.0,14.0,18.0,528,,2013,,,,,,,,,,,,,,,,,,,,,,,,,,,,,,,,,,,,,,,,left_only,,,,,Accipiter_cooperii_NA_NA,,,,,,,,,,,,,,,,
529,506Rosenfield2024,Accipiter_cooperii,Astur_cooperii,Accipitriformes,Accipitridae,"Hawks, Eagles, and Kites",Accipiter_cooperii,monogamy,yearly,Cooper’s_Hawk,,,no,microsatellite,2014,2014,,,45.5,5.0,6.0,11.0,529,,2014,,,,,,,,,,,,,,,,,,,,,,,,,,,,,,,,,,,,,,,,left_only,,,,,Accipiter_cooperii_NA_NA,,,,,,,,,,,,,,,,
530,506Rosenfield2024,Accipiter_cooperii,Astur_cooperii,Accipitriformes,Accipitridae,"Hawks, Eagles, and Kites",Accipiter_cooperii,monogamy,yearly,Cooper’s_Hawk,,,no,microsatellite,2015,2015,,,25.0,2.0,6.0,8.0,530,,2015,,,,,,,,,,,,,,,,,,,,,,,,,,,,,,,,,,,,,,,,left_only,,,,,Accipiter_cooperii_NA_NA,,,,,,,,,,,,,,,,
531,506Rosenfield2024,Accipiter_cooperii,Astur_cooperii,Accipitriformes,Accipitridae,"Hawks, Eagles, and Kites",Accipiter_cooperii,monogamy,yearly,Cooper’s_Hawk,,,no,microsatellite,2012,2012,,,44.4,4.0,5.0,9.0,531,,2012,,,,,,,,,,,,,,,,,,,,,,,,,,,,,,,,,,,,,,,,left_only,,,,,Accipiter_cooperii_NA_NA,,,,,,,,,,,,,,,,
532,506Rosenfield2024,Accipiter_cooperii,Astur_cooperii,Accipitriformes,Accipitridae,"Hawks, Eagles, and Kites",Accipiter_cooperii,monogamy,yearly,Cooper’s_Hawk,,,no,microsatellite,2013,2013,,,33.3,4.0,8.0,12.0,532,,2013,,,,,,,,,,,,,,,,,,,,,,,,,,,,,,,,,,,,,,,,left_only,,,,,Accipiter_cooperii_NA_NA,,,,,,,,,,,,,,,,
533,506Rosenfield2024,Accipiter_cooperii,Astur_cooperii,Accipitriformes,Accipitridae,"Hawks, Eagles, and Kites",Accipiter_cooperii,monogamy,yearly,Cooper’s_Hawk,,,no,microsatellite,2014,2014,,,23.1,3.0,10.0,13.0,533,,2014,,,,,,,,,,,,,,,,,,,,,,,,,,,,,,,,,,,,,,,,left_only,,,,,Accipiter_cooperii_NA_NA,,,,,,,,,,,,,,,,
534,506Rosenfield2024,Accipiter_cooperii,Astur_cooperii,Accipitriformes,Accipitridae,"Hawks, Eagles, and Kites",Accipiter_cooperii,monogamy,yearly,Cooper’s_Hawk,,,no,microsatellite,2015,2015,,,28.6,4.0,10.0,14.0,534,,2015,,,,,,,,,,,,,,,,,,,,,,,,,,,,,,,,,,,,,,,,left_only,,,,,Accipiter_cooperii_NA_NA,,,,,,,,,,,,,,,,
535,518Diniz2019,Furnarius_rufus,Furnarius_rufus,Passeriformes,Furnariidae,Ovenbirds and Woodcreepers,Furnarius_rufus,monogamy,yearly,rufous_hornero,-15.76,-47.86,no,SNPs,2013,2013,September,November,0.0,0.0,18.0,18.0,535,-47.86,2013,9.0,209.0,23.20000076,22.30000062,0.900000145,23.62000046,-0.419999695,11.0,22.86666743,22.2045982,0.662069233,23.26000036,-0.393332926,3.0,43.70000076,43.22758719,0.472413573,31.92000036,11.7800004,345.6000023,428.0172496,-82.4172473,418.5000007,-72.89999838,3.0,12.80000019,11.16666698,9.0,11.0,3.0,1.0,1.0,9.0,11.0,2013.0,-15.76,-47.86,0.308884346,0.379490195,both,True,-15.76,-47.86,15.76,Furnarius_rufus_-15.76_-47.86,878.692843,2013.0,9.0,-15.76,-47.86,2013-09-01,2013-09-30,ECMWF/ERA5_LAND/DAILY_AGGR,6.289984570052809,0.4865370863678701,1.2891172418627308,14.596112591036103,4.0,23.35306826697458,7.456925710042356,2.011743443238581
536,518Diniz2019,Furnarius_rufus,Furnarius_rufus,Passeriformes,Furnariidae,Ovenbirds and Woodcreepers,Furnarius_rufus,monogamy,yearly,rufous_hornero,-15.76,-47.86,no,SNPs,2014,2014,September,November,14.29,2.0,12.0,14.0,536,-47.86,2014,9.0,209.0,24.30000114,22.30000062,2.000000526,23.64000053,0.66000061,11.0,23.96666718,22.2045982,1.762068979,23.14000053,0.826666641,3.0,16.60000038,43.22758719,-26.62758681,28.18000021,-11.57999983,312.3999958,428.0172496,-115.6172538,419.8400008,-107.440005,3.0,13.5,11.79999987,9.0,11.0,3.0,1.0,1.0,9.0,11.0,2014.0,-15.76,-47.86,0.338695347,0.345030312,both,True,-15.76,-47.86,15.76,Furnarius_rufus_-15.76_-47.86,878.692843,2014.0,9.0,-15.76,-47.86,2014-09-01,2014-09-30,ECMWF/ERA5_LAND/DAILY_AGGR,9.573082040674308,0.5132083408265468,1.7656346287420224,15.396250224796404,4.0,24.469181103176552,7.610860824584961,2.0355278234094536
537,518Diniz2019,Furnarius_rufus,Furnarius_rufus,Passeriformes,Furnariidae,Ovenbirds and Woodcreepers,Furnarius_rufus,monogamy,yearly,rufous_hornero,-15.76,-47.86,no,SNPs,2015,2015,September,November,7.14,1.0,13.0,14.0,537,-47.86,2015,9.0,209.0,24.80000114,22.30000062,2.500000526,23.70000076,1.100000381,11.0,24.90000089,22.2045982,2.695402693,23.2066672,1.693333689,3.0,28.5,43.22758719,-14.72758719,19.06000013,9.439999866,286.7999992,428.0172496,-141.2172503,388.1199992,-101.32,3.0,14.5,12.80000019,9.0,11.0,3.0,1.0,1.0,9.0,11.0,2015.0,-15.76,-47.86,0.34223956,0.347593571,both,True,-15.76,-47.86,15.76,Furnarius_rufus_-15.76_-47.86,878.692843,2015.0,9.0,-15.76,-47.86,2015-09-01,2015-09-30,ECMWF/ERA5_LAND/DAILY_AGGR,15.389626214698636,1.0286702605451836,3.0254753957744893,30.86010781635551,4.0,25.142687606811545,5.248048782348633,1.4145317526177827
538,525Garrido2025,Cistothorus_platensis,Cistothorus_stellaris,Passeriformes,Troglodytidae,Wrens,Cistothorus_platensis,monogamy,yearly,grass_wren,,,no,SNPs,2016,2017,October,February,43.75,7.0,9.0,16.0,538,,2016,10.0,,,,,,,2.0,,,,,,5.0,,,,,,,,,,,5.0,,,10.0,2.0,5.0,,,,,,,,,,left_only,,,,,Cistothorus_platensis_NA_NA,,,,,,,,,,,,,,,,
539,525Garrido2025,Cistothorus_platensis,Cistothorus_stellaris,Passeriformes,Troglodytidae,Wrens,Cistothorus_platensis,monogamy,yearly,grass_wren,,,no,SNPs,2017,2018,October,February,50.0,10.0,10.0,20.0,539,,2017,10.0,,,,,,,2.0,,,,,,5.0,,,,,,,,,,,5.0,,,10.0,2.0,5.0,,,,,,,,,,left_only,,,,,Cistothorus_platensis_NA_NA,,,,,,,,,,,,,,,,
540,539Sánchez2018,Poospiza_torquata,Microspingus_torquatus,Passeriformes,Thraupidae,Tanagers and Allies,Poospiza_torquata,monogamy,yearly,Ringed_warbling-finch,-28.05,-64.25,no,microsatellite,2008,2009,October,January,31.25,5.0,11.0,16.0,540,-64.25,2008,10.0,210.0,22.89999962,22.3482762,0.551723414,23.52000046,-0.620000839,1.0,25.9000001,25.27844863,0.621551464,25.89000034,0.009999752,4.0,29.89999962,35.04482861,-5.144828994,31.78000069,-1.880001068,314.7999935,320.4137991,-5.613805541,267.4400047,47.35998878,4.0,15.0,14.80000019,10.0,1.0,4.0,1.0,1.0,10.0,1.0,2008.0,-28.05,-64.25,0.35412216,0.406475822,both,True,-28.05,-64.25,28.05,Poospiza_torquata_-28.05_-64.25,657.8593978,2008.0,10.0,-28.05,-64.25,2008-10-01,2008-10-31,ECMWF/ERA5_LAND/DAILY_AGGR,36.4417374134014,2.2293977157816136,6.656882622761013,69.11132918923002,7.0,22.92770054314729,12.984986623128291,3.0757272421925417
541,539Sánchez2018,Poospiza_torquata,Microspingus_torquatus,Passeriformes,Thraupidae,Tanagers and Allies,Poospiza_torquata,monogamy,yearly,Ringed_warbling-finch,-28.05,-64.25,no,microsatellite,2009,2010,October,January,58.33,7.0,5.0,12.0,541,-64.25,2009,10.0,210.0,23.89999962,22.3482762,1.551723414,23.24000015,0.659999466,1.0,26.07500029,25.27844863,0.796551655,25.84000034,0.234999943,4.0,9.600000381,35.04482861,-25.44482823,28.44000015,-18.83999977,309.7000065,320.4137991,-10.71379257,283.5200027,26.18000374,4.0,17.60000038,14.22500038,10.0,1.0,4.0,1.0,1.0,10.0,1.0,2009.0,-28.05,-64.25,0.323503209,0.485957171,both,True,-28.05,-64.25,28.05,Poospiza_torquata_-28.05_-64.25,657.8593978,2009.0,10.0,-28.05,-64.25,2009-10-01,2009-10-31,ECMWF/ERA5_LAND/DAILY_AGGR,9.45536109333034,0.3836892412013893,1.6724021571567425,11.894366477243068,2.0,25.165931258663072,22.049752553304018,5.017669238530637
542,539Sánchez2018,Poospiza_torquata,Microspingus_torquatus,Passeriformes,Thraupidae,Tanagers and Allies,Poospiza_torquata,monogamy,yearly,Ringed_warbling-finch,-28.05,-64.25,no,microsatellite,2010,2011,October,January,42.86,3.0,4.0,7.0,542,-64.25,2010,10.0,210.0,21.80000114,22.3482762,-0.54827506,23.34000015,-1.539999008,1.0,25.47500086,25.27844863,0.196552227,25.88000031,-0.404999447,4.0,27.80000114,35.04482861,-7.244827468,28.34000015,-0.539999008,260.8000011,320.4137991,-59.61379791,296.6800034,-35.88000221,4.0,15.60000038,14.90000057,10.0,1.0,4.0,1.0,1.0,10.0,1.0,2010.0,-28.05,-64.25,0.392134718,0.485491579,both,True,-28.05,-64.25,28.05,Poospiza_torquata_-28.05_-64.25,657.8593978,2010.0,10.0,-28.05,-64.25,2010-10-01,2010-10-31,ECMWF/ERA5_LAND/DAILY_AGGR,11.423714820125497,1.182484927697039,2.6959292157090498,36.65703275860821,7.0,21.86940423698838,12.456280390421568,2.946549798549767
543,560Botero2020,Aphrastura_spinicauda,Aphrastura_spinicauda,Passeriformes,Furnariidae,Ovenbirds and Woodcreepers,Aphrastura_spinicauda,monogamy,yearly,thorn-tailed_rayadito,-30.6333,-71.6667,yes,microsatellite,2012,2012,September,December,20.8,5.0,19.0,24.0,543,-71.6667,2012,9.0,211.0,13.30000019,12.45172435,0.848275842,12.46000004,0.840000153,12.0,14.82500029,14.47586231,0.34913798,14.50000024,0.325000048,4.0,1.100000024,14.55517254,-13.45517252,5.060000077,-3.960000053,8.600000024,20.55517267,-11.95517265,7.900000182,0.699999842,4.0,5.300000191,6.450000048,9.0,12.0,4.0,1.0,1.0,9.0,12.0,2012.0,-30.6333,-71.6667,0.309725944,0.276493425,both,True,-30.63,-71.67,30.6333,Aphrastura_spinicauda_-30.63_-71.67,4.027488578,2012.0,9.0,-30.6333,-71.6667,2012-09-01,2012-09-30,ECMWF/ERA5_LAND/DAILY_AGGR,,,,,,,,
544,560Botero2020,Aphrastura_spinicauda,Aphrastura_spinicauda,Passeriformes,Furnariidae,Ovenbirds and Woodcreepers,Aphrastura_spinicauda,monogamy,yearly,thorn-tailed_rayadito,-30.6333,-71.6667,yes,microsatellite,2013,2013,September,December,16.7,4.0,20.0,24.0,544,-71.6667,2013,9.0,211.0,12.90000057,12.45172435,0.448276224,12.78000011,0.120000458,12.0,14.90000033,14.47586231,0.424138028,14.65500021,0.245000124,4.0,0.0,14.55517254,-14.55517254,5.280000082,-5.280000082,0.500000015,20.55517267,-20.05517266,9.320000187,-8.820000172,4.0,5.900000095,7.025000095,9.0,12.0,4.0,1.0,1.0,9.0,12.0,2013.0,-30.6333,-71.6667,0.300046425,0.24406381,both,True,-30.63,-71.67,30.6333,Aphrastura_spinicauda_-30.63_-71.67,4.027488578,2013.0,9.0,-30.6333,-71.6667,2013-09-01,2013-09-30,ECMWF/ERA5_LAND/DAILY_AGGR,,,,,,,,
545,560Botero2020,Aphrastura_spinicauda,Aphrastura_spinicauda,Passeriformes,Furnariidae,Ovenbirds and Woodcreepers,Aphrastura_spinicauda,monogamy,yearly,thorn-tailed_rayadito,-30.6333,-71.6667,yes,microsatellite,2014,2014,September,December,13.3,2.0,13.0,15.0,545,-71.6667,2014,9.0,211.0,13.30000019,12.45172435,0.848275842,12.76000023,0.539999962,12.0,15.00000048,14.47586231,0.524138171,14.60000024,0.400000238,4.0,22.80000114,14.55517254,8.2448286,4.080000082,18.72000106,22.80000114,20.55517267,2.24482847,8.22000019,14.58000095,4.0,6.5,7.075000048,9.0,12.0,4.0,1.0,1.0,9.0,12.0,2014.0,-30.6333,-71.6667,0.247380934,0.204631544,both,True,-30.63,-71.67,30.6333,Aphrastura_spinicauda_-30.63_-71.67,4.027488578,2014.0,9.0,-30.6333,-71.6667,2014-09-01,2014-09-30,ECMWF/ERA5_LAND/DAILY_AGGR,,,,,,,,
546,560Botero2020,Aphrastura_spinicauda,Aphrastura_spinicauda,Passeriformes,Furnariidae,Ovenbirds and Woodcreepers,Aphrastura_spinicauda,monogamy,yearly,thorn-tailed_rayadito,-30.6333,-71.6667,yes,microsatellite,2015,2015,September,December,25.1,6.0,18.0,24.0,546,-71.6667,2015,9.0,211.0,13.80000019,12.45172435,1.348275842,13.02000027,0.779999924,12.0,15.10000038,14.47586231,0.624138076,14.76500025,0.335000134,4.0,7.700000286,14.55517254,-6.855172259,8.540000311,-0.840000024,23.4000001,20.55517267,2.844827421,12.68000042,10.71999968,4.0,6.300000191,5.875000119,9.0,12.0,4.0,1.0,1.0,9.0,12.0,2015.0,-30.6333,-71.6667,0.361912153,0.341504444,both,True,-30.63,-71.67,30.6333,Aphrastura_spinicauda_-30.63_-71.67,4.027488578,2015.0,9.0,-30.6333,-71.6667,2015-09-01,2015-09-30,ECMWF/ERA5_LAND/DAILY_AGGR,,,,,,,,
547,560Botero2020,Aphrastura_spinicauda,Aphrastura_spinicauda,Passeriformes,Furnariidae,Ovenbirds and Woodcreepers,Aphrastura_spinicauda,monogamy,yearly,thorn-tailed_rayadito,-30.6333,-71.6667,yes,microsatellite,2016,2016,September,December,21.2,4.0,15.0,19.0,547,-71.6667,2016,9.0,211.0,13.80000019,12.45172435,1.348275842,13.30000019,0.5,12.0,15.72500038,14.47586231,1.249138076,14.95000029,0.775000095,4.0,1.100000024,14.55517254,-13.45517252,6.360000291,-5.260000268,5.300000012,20.55517267,-15.25517266,13.04000037,-7.740000361,4.0,7.300000191,7.525000095,9.0,12.0,4.0,1.0,1.0,9.0,12.0,2016.0,-30.6333,-71.6667,0.328563187,0.233201576,both,True,-30.63,-71.67,30.6333,Aphrastura_spinicauda_-30.63_-71.67,4.027488578,2016.0,9.0,-30.6333,-71.6667,2016-09-01,2016-09-30,ECMWF/ERA5_LAND/DAILY_AGGR,,,,,,,,
548,560Botero2020,Aphrastura_spinicauda,Aphrastura_spinicauda,Passeriformes,Furnariidae,Ovenbirds and Woodcreepers,Aphrastura_spinicauda,monogamy,yearly,thorn-tailed_rayadito,-30.6333,-71.6667,yes,microsatellite,2017,2017,September,December,23.5,8.0,26.0,34.0,548,-71.6667,2017,9.0,211.0,13.0,12.45172435,0.548275652,13.42000027,-0.420000267,12.0,15.00000024,14.47586231,0.524137933,15.11000037,-0.110000134,4.0,8.5,14.55517254,-6.055172545,6.540000296,1.959999704,12.10000016,20.55517267,-8.455172516,12.12000026,-0.0200001,4.0,6.900000095,7.475000143,9.0,12.0,4.0,1.0,1.0,9.0,12.0,2017.0,-30.6333,-71.6667,0.406380473,0.323793828,both,True,-30.63,-71.67,30.6333,Aphrastura_spinicauda_-30.63_-71.67,4.027488578,2017.0,9.0,-30.6333,-71.6667,2017-09-01,2017-09-30,ECMWF/ERA5_LAND/DAILY_AGGR,,,,,,,,
549,560Botero2020,Aphrastura_spinicauda,Aphrastura_spinicauda,Passeriformes,Furnariidae,Ovenbirds and Woodcreepers,Aphrastura_spinicauda,monogamy,yearly,thorn-tailed_rayadito,-55.0667,-67.6667,yes,microsatellite,2010,2011,October,January,19.0,4.0,17.0,21.0,549,-67.6667,2010,10.0,212.0,6.300000191,5.058620782,1.241379409,5.140000153,1.160000038,1.0,7.150000215,7.041379435,0.108620779,6.825000143,0.325000072,4.0,17.0,41.54482799,-24.54482799,34.06000061,-17.06000061,162.6000071,193.6206926,-31.02068559,173.8400036,-11.23999653,4.0,7.700000286,7.975000262,10.0,1.0,4.0,1.0,1.0,10.0,1.0,2010.0,-55.0667,-67.6667,0.47225917,0.521355088,both,True,-55.07,-67.67,55.0667,Aphrastura_spinicauda_-55.07_-67.67,13.04660811,2010.0,10.0,-55.0667,-67.6667,2010-10-01,2010-10-31,ECMWF/ERA5_LAND/DAILY_AGGR,4.711776971817017,1.2909389436441965,1.1368029126419696,40.01910725297009,14.0,3.274194643574399,9.703627904256166,2.190751048476951
550,560Botero2020,Aphrastura_spinicauda,Aphrastura_spinicauda,Passeriformes,Furnariidae,Ovenbirds and Woodcreepers,Aphrastura_spinicauda,monogamy,yearly,thorn-tailed_rayadito,-55.0667,-67.6667,yes,microsatellite,2011,2012,October,January,15.0,3.0,17.0,20.0,550,-67.6667,2011,10.0,212.0,5.800000191,5.058620782,0.741379409,5.440000153,0.360000038,1.0,7.675000072,7.041379435,0.633620636,6.905000162,0.769999909,4.0,17.30000114,41.54482799,-24.24482684,27.06000061,-9.759999466,148.6000042,193.6206926,-45.02068845,160.5400045,-11.94000034,4.0,7.5,8.000000119,10.0,1.0,4.0,1.0,1.0,10.0,1.0,2011.0,-55.0667,-67.6667,0.476772404,0.529210293,both,True,-55.07,-67.67,55.0667,Aphrastura_spinicauda_-55.07_-67.67,13.04660811,2011.0,10.0,-55.0667,-67.6667,2011-10-01,2011-10-31,ECMWF/ERA5_LAND/DAILY_AGGR,5.494067072866926,1.3923057450479486,1.3387420806233266,43.161478096486405,16.0,2.5332613175915344,7.938439687093137,2.231634660838529
551,560Botero2020,Aphrastura_spinicauda,Aphrastura_spinicauda,Passeriformes,Furnariidae,Ovenbirds and Woodcreepers,Aphrastura_spinicauda,monogamy,yearly,thorn-tailed_rayadito,-55.0667,-67.6667,yes,microsatellite,2012,2013,October,January,0.0,0.0,14.0,14.0,551,-67.6667,2012,10.0,212.0,4.800000191,5.058620782,-0.258620591,5.400000191,-0.6,1.0,7.050000072,7.041379435,0.008620636,7.000000143,0.049999928,4.0,16.70000076,41.54482799,-24.84482722,24.44000092,-7.740000153,133.1000004,193.6206926,-60.52069227,155.9800047,-22.88000431,4.0,6.700000286,6.900000095,10.0,1.0,4.0,1.0,1.0,10.0,1.0,2012.0,-55.0667,-67.6667,0.377151439,0.448944487,both,True,-55.07,-67.67,55.0667,Aphrastura_spinicauda_-55.07_-67.67,13.04660811,2012.0,10.0,-55.0667,-67.6667,2012-10-01,2012-10-31,ECMWF/ERA5_LAND/DAILY_AGGR,16.71755611886283,3.3278966360218107,3.2410625914005724,103.16479571667614,26.0,2.0332125674012125,6.615480422973633,1.750725678778292
552,560Botero2020,Aphrastura_spinicauda,Aphrastura_spinicauda,Passeriformes,Furnariidae,Ovenbirds and Woodcreepers,Aphrastura_spinicauda,monogamy,yearly,thorn-tailed_rayadito,-55.0667,-67.6667,yes,microsatellite,2013,2014,October,January,5.3,1.0,18.0,19.0,552,-67.6667,2013,10.0,212.0,5.400000095,5.058620782,0.341379314,5.360000229,0.039999866,1.0,6.950000048,7.041379435,-0.091379388,7.145000124,-0.195000076,4.0,17.10000038,41.54482799,-24.44482761,21.98000107,-4.880000687,189.8999996,193.6206926,-3.720693029,145.400004,44.49999561,4.0,8.300000191,7.700000167,10.0,1.0,4.0,1.0,1.0,10.0,1.0,2013.0,-55.0667,-67.6667,0.456766293,0.464855185,both,True,-55.07,-67.67,55.0667,Aphrastura_spinicauda_-55.07_-67.67,13.04660811,2013.0,10.0,-55.0667,-67.6667,2013-10-01,2013-10-31,ECMWF/ERA5_LAND/DAILY_AGGR,9.868304141541271,2.437159707470196,2.531223606157432,75.55195093157607,19.0,2.798700279317898,10.53533871968591,2.412029182881093
553,560Botero2020,Aphrastura_spinicauda,Aphrastura_spinicauda,Passeriformes,Furnariidae,Ovenbirds and Woodcreepers,Aphrastura_spinicauda,monogamy,yearly,thorn-tailed_rayadito,-55.0667,-67.6667,yes,microsatellite,2014,2015,October,January,18.8,6.0,26.0,32.0,553,-67.6667,2014,10.0,212.0,5.300000191,5.058620782,0.241379409,5.300000191,0.0,1.0,6.550000072,7.041379435,-0.491379364,7.030000091,-0.480000019,4.0,41.20000076,41.54482799,-0.344827224,20.64000092,20.55999985,174.2000046,193.6206926,-19.42068807,152.3000029,21.90000172,4.0,8.300000191,7.525000215,10.0,1.0,4.0,1.0,1.0,10.0,1.0,2014.0,-55.0667,-67.6667,0.516448484,0.540965808,both,True,-55.07,-67.67,55.0667,Aphrastura_spinicauda_-55.07_-67.67,13.04660811,2014.0,10.0,-55.0667,-67.6667,2014-10-01,2014-10-31,ECMWF/ERA5_LAND/DAILY_AGGR,14.19028937806388,2.977973328962167,3.48670703439336,92.31717319782716,19.0,2.454012273973055,10.097024281819644,2.4783172213537648
554,560Botero2020,Aphrastura_spinicauda,Aphrastura_spinicauda,Passeriformes,Furnariidae,Ovenbirds and Woodcreepers,Aphrastura_spinicauda,monogamy,yearly,thorn-tailed_rayadito,-55.0667,-67.6667,yes,microsatellite,2015,2016,October,January,20.0,4.0,16.0,20.0,554,-67.6667,2015,10.0,212.0,4.900000095,5.058620782,-0.158620686,5.520000172,-0.620000076,1.0,6.750000119,7.041379435,-0.291379316,7.075000095,-0.324999976,4.0,29.0,41.54482799,-12.54482799,21.86000061,7.13999939,136.1999989,193.6206926,-57.42069379,161.6800032,-25.48000431,4.0,8.0,7.675000072,10.0,1.0,4.0,1.0,1.0,10.0,1.0,2015.0,-55.0667,-67.6667,0.386987677,0.479455145,both,True,-55.07,-67.67,55.0667,Aphrastura_spinicauda_-55.07_-67.67,13.04660811,2015.0,10.0,-55.0667,-67.6667,2015-10-01,2015-10-31,ECMWF/ERA5_LAND/DAILY_AGGR,13.061943650143348,2.004265800700584,2.726151388083255,62.13223982171812,17.0,1.5574464777464692,8.677361170450865,2.130277131176537
555,550Plaza2024,Ficedula_hypoleuca,Ficedula_hypoleuca,Passeriformes,Muscicapidae,Old World Flycatchers,Ficedula_hypoleuca,monogamy,yearly,pied_flycatcher,40.0,-3.0,yes,microsatellite,2016,2016,April,July,50.0,14.0,14.0,28.0,555,-3.0,2016,4.0,213.0,11.10000038,10.71379329,0.386207087,12.40000038,-1.3,7.0,18.42500043,17.14741411,1.27758632,18.63500037,-0.209999943,4.0,82.40000153,53.27586315,29.12413837,48.66000099,33.74000053,153.4000044,161.9275892,-8.527584809,112.380002,41.02000241,4.0,11.5,14.20000005,4.0,7.0,4.0,1.0,1.0,4.0,7.0,2016.0,40.0,-3.0,0.377586043,0.299585972,both,True,40.0,-3.0,40.0,Ficedula_hypoleuca_40_-3,234.6296332,2016.0,4.0,40.0,-3.0,2016-04-01,2016-04-30,ECMWF/ERA5_LAND/DAILY_AGGR,33.60965299754426,3.8337369202258977,6.855157256209888,115.01210760677694,15.0,10.465364625718877,6.733053207397461,1.806146113923336
556,550Plaza2024,Ficedula_hypoleuca,Ficedula_hypoleuca,Passeriformes,Muscicapidae,Old World Flycatchers,Ficedula_hypoleuca,monogamy,yearly,pied_flycatcher,40.0,-3.0,yes,microsatellite,2017,2017,April,July,33.0,9.0,18.0,27.0,556,-3.0,2017,4.0,213.0,13.19999981,10.71379329,2.486206515,11.74000034,1.459999466,7.0,19.77500033,17.14741411,2.627586225,18.49000039,1.284999943,4.0,19.30000114,53.27586315,-33.97586201,53.00000114,-33.7,111.6000042,161.9275892,-50.327585,109.5800023,2.020001936,4.0,14.0,15.32500005,4.0,7.0,4.0,1.0,1.0,4.0,7.0,2017.0,40.0,-3.0,0.387932707,0.243053846,both,True,40.0,-3.0,40.0,Ficedula_hypoleuca_40_-3,234.6296332,2017.0,4.0,40.0,-3.0,2017-04-01,2017-04-30,ECMWF/ERA5_LAND/DAILY_AGGR,11.348828673362732,0.7016311418022761,2.137373061607312,21.04893425406829,4.0,14.127167828877788,9.911154429117856,3.133463230326785
557,550Plaza2024,Ficedula_hypoleuca,Ficedula_hypoleuca,Passeriformes,Muscicapidae,Old World Flycatchers,Ficedula_hypoleuca,monogamy,yearly,pied_flycatcher,40.0,-3.0,yes,microsatellite,2015,2015,April,July,38.0,24.0,39.0,63.0,557,-3.0,2015,4.0,213.0,12.80000019,10.71379329,2.086206897,12.36000042,0.439999771,7.0,19.62500024,17.14741411,2.47758613,18.38500042,1.239999819,4.0,35.0,53.27586315,-18.27586315,53.82000084,-18.82000084,96.60000062,161.9275892,-65.32758858,130.1400016,-33.54000096,4.0,12.69999981,15.14999986,4.0,7.0,4.0,1.0,1.0,4.0,7.0,2015.0,40.0,-3.0,0.378981056,0.313654554,both,True,40.0,-3.0,40.0,Ficedula_hypoleuca_40_-3,234.6296332,2015.0,4.0,40.0,-3.0,2015-04-01,2015-04-30,ECMWF/ERA5_LAND/DAILY_AGGR,16.24924242491943,1.3769822535380172,3.293628003480297,41.30946760614052,7.0,12.842682668897858,8.700385411580385,1.898258273831953
558,550Plaza2024,Ficedula_hypoleuca,Ficedula_hypoleuca,Passeriformes,Muscicapidae,Old World Flycatchers,Ficedula_hypoleuca,monogamy,yearly,pied_flycatcher,40.0,-3.0,yes,microsatellite,2016,2016,April,July,24.0,10.0,31.0,41.0,558,-3.0,2016,4.0,213.0,11.10000038,10.71379329,0.386207087,12.40000038,-1.3,7.0,18.42500043,17.14741411,1.27758632,18.63500037,-0.209999943,4.0,82.40000153,53.27586315,29.12413837,48.66000099,33.74000053,153.4000044,161.9275892,-8.527584809,112.380002,41.02000241,4.0,11.5,14.20000005,4.0,7.0,4.0,1.0,1.0,4.0,7.0,2016.0,40.0,-3.0,0.377586043,0.299585972,both,True,40.0,-3.0,40.0,Ficedula_hypoleuca_40_-3,234.6296332,2016.0,4.0,40.0,-3.0,2016-04-01,2016-04-30,ECMWF/ERA5_LAND/DAILY_AGGR,33.60965299754426,3.8337369202258977,6.855157256209888,115.01210760677694,15.0,10.465364625718877,6.733053207397461,1.806146113923336
559,550Plaza2024,Ficedula_hypoleuca,Ficedula_hypoleuca,Passeriformes,Muscicapidae,Old World Flycatchers,Ficedula_hypoleuca,monogamy,yearly,pied_flycatcher,40.0,-3.0,yes,microsatellite,2017,2017,April,July,33.0,10.0,20.0,30.0,559,-3.0,2017,4.0,213.0,13.19999981,10.71379329,2.486206515,11.74000034,1.459999466,7.0,19.77500033,17.14741411,2.627586225,18.49000039,1.284999943,4.0,19.30000114,53.27586315,-33.97586201,53.00000114,-33.7,111.6000042,161.9275892,-50.327585,109.5800023,2.020001936,4.0,14.0,15.32500005,4.0,7.0,4.0,1.0,1.0,4.0,7.0,2017.0,40.0,-3.0,0.387932707,0.243053846,both,True,40.0,-3.0,40.0,Ficedula_hypoleuca_40_-3,234.6296332,2017.0,4.0,40.0,-3.0,2017-04-01,2017-04-30,ECMWF/ERA5_LAND/DAILY_AGGR,11.348828673362732,0.7016311418022761,2.137373061607312,21.04893425406829,4.0,14.127167828877788,9.911154429117856,3.133463230326785
560,559Krietsch2022,Phalaropus_fulicarius,Phalaropus_fulicarius,Charadriiformes,Scolopacidae,Sandpipers and Allies,Phalaropus_fulicarius,polyandry,yearly,red_phalarope,71.3167,-156.65,no,microsatellite,2003,2003,May,July,0.0,0.0,13.0,13.0,560,-156.65,2003,5.0,214.0,-5.5,-6.834482867,1.334482867,-6.779999971,1.279999971,7.0,0.900000095,-0.319540218,1.219540313,0.246666718,0.653333378,3.0,6.099999905,4.131034491,1.968965413,4.280000067,1.819999838,36.10000038,37.04827646,-0.948276076,40.60000048,-4.500000095,3.0,4.200000286,5.26666673,5.0,7.0,3.0,1.0,1.0,5.0,7.0,2003.0,71.3167,-156.65,,0.289119668,both,True,71.32,-156.65,71.3167,Phalaropus_fulicarius_71.32_-156.65,3.341902677,2003.0,5.0,71.3167,-156.65,2003-05-01,2003-05-31,ECMWF/ERA5_LAND/DAILY_AGGR,,,,,,,,
561,559Krietsch2022,Phalaropus_fulicarius,Phalaropus_fulicarius,Charadriiformes,Scolopacidae,Sandpipers and Allies,Phalaropus_fulicarius,polyandry,yearly,red_phalarope,71.3167,-156.65,no,microsatellite,2004,2004,May,July,10.0,1.0,9.0,10.0,561,-156.65,2004,5.0,214.0,-4.200000286,-6.834482867,2.634482581,-7.05999999,2.859999704,7.0,2.466666698,-0.319540218,2.786206916,-0.006666613,2.473333311,3.0,6.099999905,4.131034491,1.968965413,4.480000067,1.619999838,74.50000143,37.04827646,37.45172497,44.62000055,29.88000088,3.0,4.700000286,5.800000191,5.0,7.0,3.0,1.0,1.0,5.0,7.0,2004.0,71.3167,-156.65,0.361617302,0.342718825,both,True,71.32,-156.65,71.3167,Phalaropus_fulicarius_71.32_-156.65,3.341902677,2004.0,5.0,71.3167,-156.65,2004-05-01,2004-05-31,ECMWF/ERA5_LAND/DAILY_AGGR,,,,,,,,
562,559Krietsch2022,Phalaropus_fulicarius,Phalaropus_fulicarius,Charadriiformes,Scolopacidae,Sandpipers and Allies,Phalaropus_fulicarius,polyandry,yearly,red_phalarope,71.3167,-156.65,no,microsatellite,2005,2005,May,July,18.8,3.0,13.0,16.0,562,-156.65,2005,5.0,214.0,-4.400000095,-6.834482867,2.434482772,-6.680000067,2.279999971,7.0,0.800000111,-0.319540218,1.119540329,0.446666718,0.353333394,3.0,9.199999809,4.131034491,5.068965318,5.500000048,3.699999762,36.30000019,37.04827646,-0.748276267,53.48000069,-17.1800005,3.0,3.799999952,4.533333381,5.0,7.0,3.0,1.0,1.0,5.0,7.0,2005.0,71.3167,-156.65,,0.328443071,both,True,71.32,-156.65,71.3167,Phalaropus_fulicarius_71.32_-156.65,3.341902677,2005.0,5.0,71.3167,-156.65,2005-05-01,2005-05-31,ECMWF/ERA5_LAND/DAILY_AGGR,,,,,,,,
563,559Krietsch2022,Phalaropus_fulicarius,Phalaropus_fulicarius,Charadriiformes,Scolopacidae,Sandpipers and Allies,Phalaropus_fulicarius,polyandry,yearly,red_phalarope,71.3167,-156.65,no,microsatellite,2006,2006,May,July,14.3,2.0,12.0,14.0,563,-156.65,2006,5.0,214.0,-4.5,-6.834482867,2.334482867,-5.660000086,1.160000086,7.0,0.866666635,-0.319540218,1.186206852,0.76666673,0.099999905,3.0,0.0,4.131034491,-4.131034491,5.719999933,-5.719999933,39.90000057,37.04827646,2.851724115,43.60000019,-3.699999619,3.0,4.400000095,5.53333346,5.0,7.0,3.0,1.0,1.0,5.0,7.0,2006.0,71.3167,-156.65,,0.360636038,both,True,71.32,-156.65,71.3167,Phalaropus_fulicarius_71.32_-156.65,3.341902677,2006.0,5.0,71.3167,-156.65,2006-05-01,2006-05-31,ECMWF/ERA5_LAND/DAILY_AGGR,,,,,,,,
564,559Krietsch2022,Phalaropus_fulicarius,Phalaropus_fulicarius,Charadriiformes,Scolopacidae,Sandpipers and Allies,Phalaropus_fulicarius,polyandry,yearly,red_phalarope,71.3167,-156.65,no,microsatellite,2014,2014,May,July,20.0,4.0,16.0,20.0,564,-156.65,2014,5.0,214.0,-4.400000095,-6.834482867,2.434482772,-5.580000114,1.180000019,7.0,0.200000008,-0.319540218,0.519540225,0.853333378,-0.65333337,3.0,4.099999905,4.131034491,-0.031034587,10.15999985,-6.059999943,39.70000029,37.04827646,2.651723829,51.28000083,-11.58000054,3.0,4.599999905,4.766666571,5.0,7.0,3.0,1.0,1.0,5.0,7.0,2014.0,71.3167,-156.65,,0.269540472,both,True,71.32,-156.65,71.3167,Phalaropus_fulicarius_71.32_-156.65,3.341902677,2014.0,5.0,71.3167,-156.65,2014-05-01,2014-05-31,ECMWF/ERA5_LAND/DAILY_AGGR,,,,,,,,
565,559Krietsch2022,Phalaropus_fulicarius,Phalaropus_fulicarius,Charadriiformes,Scolopacidae,Sandpipers and Allies,Phalaropus_fulicarius,polyandry,yearly,red_phalarope,71.3167,-156.65,no,microsatellite,2017,2017,May,July,6.4,3.0,44.0,47.0,565,-156.65,2017,5.0,214.0,-4.300000191,-6.834482867,2.534482676,-4.400000095,0.099999905,7.0,2.000000079,-0.319540218,2.319540297,1.346666678,0.653333402,3.0,4.099999905,4.131034491,-0.031034587,9.560000134,-5.460000229,55.60000229,37.04827646,18.55172583,48.24000096,7.360001326,3.0,4.300000191,5.766666889,5.0,7.0,3.0,1.0,1.0,5.0,7.0,2017.0,71.3167,-156.65,,0.326084942,both,True,71.32,-156.65,71.3167,Phalaropus_fulicarius_71.32_-156.65,3.341902677,2017.0,5.0,71.3167,-156.65,2017-05-01,2017-05-31,ECMWF/ERA5_LAND/DAILY_AGGR,,,,,,,,
566,559Krietsch2022,Phalaropus_fulicarius,Phalaropus_fulicarius,Charadriiformes,Scolopacidae,Sandpipers and Allies,Phalaropus_fulicarius,polyandry,yearly,red_phalarope,71.3167,-156.65,no,microsatellite,2018,2018,May,July,7.8,6.0,71.0,77.0,566,-156.65,2018,5.0,214.0,-5.5,-6.834482867,1.334482867,-3.980000114,-1.519999886,7.0,1.166666746,-0.319540218,1.486206964,1.586666671,-0.419999925,3.0,5.099999905,4.131034491,0.968965413,7.740000153,-2.640000248,64.10000181,37.04827646,27.05172535,53.30000134,10.80000048,3.0,4.5,5.366666635,5.0,7.0,3.0,1.0,1.0,5.0,7.0,2018.0,71.3167,-156.65,,0.28953926,both,True,71.32,-156.65,71.3167,Phalaropus_fulicarius_71.32_-156.65,3.341902677,2018.0,5.0,71.3167,-156.65,2018-05-01,2018-05-31,ECMWF/ERA5_LAND/DAILY_AGGR,,,,,,,,
567,559Krietsch2022,Phalaropus_fulicarius,Phalaropus_fulicarius,Charadriiformes,Scolopacidae,Sandpipers and Allies,Phalaropus_fulicarius,polyandry,yearly,red_phalarope,71.3167,-156.65,no,microsatellite,2019,2019,May,July,13.1,18.0,119.0,137.0,567,-156.65,2019,5.0,214.0,-2.299999952,-6.834482867,4.534482915,-3.680000114,1.380000162,7.0,2.500000079,-0.319540218,2.819540297,1.693333348,0.806666732,3.0,11.19999981,4.131034491,7.068965318,6.520000172,4.679999638,97.69999981,37.04827646,60.65172335,50.24000158,47.45999823,3.0,4.200000286,5.53333346,5.0,7.0,3.0,1.0,1.0,5.0,7.0,2019.0,71.3167,-156.65,,0.306340168,both,True,71.32,-156.65,71.3167,Phalaropus_fulicarius_71.32_-156.65,3.341902677,2019.0,5.0,71.3167,-156.65,2019-05-01,2019-05-31,ECMWF/ERA5_LAND/DAILY_AGGR,,,,,,,,
568,542Sakao2019,Calonectris_leucomelas,Calonectris_leucomelas,Procellariiformes,Procellariidae,Shearwaters and Petrels,Calonectris_leucomelas,monogamy,yearly,streaked_shearwater,39.4,141.99,no,microsatellite,2014,2014,April,November,10.2,5.0,44.0,49.0,568,141.99,2014,4.0,215.0,7.599999905,7.000000132,0.599999773,6.940000057,0.659999847,11.0,14.82500035,13.75603472,1.068965629,14.93000021,-0.104999864,8.0,53.10000229,123.6206924,-70.52069013,155.7200012,-102.6199989,1176.600018,1165.32416,11.27585786,1287.220013,-110.6199959,8.0,11.5,9.175000131,4.0,11.0,8.0,1.0,1.0,4.0,11.0,2014.0,39.4,141.99,0.312677501,0.357677658,both,True,39.4,141.99,39.4,Calonectris_leucomelas_39.4_141.99,1.861404955,2014.0,4.0,39.4,141.99,2014-04-01,2014-04-30,ECMWF/ERA5_LAND/DAILY_AGGR,65.04033803929588,3.9792872750403774,12.73725716088872,119.37861825121132,5.0,7.639595243665933,11.02689043680823,2.556602726224697
569,542Sakao2019,Calonectris_leucomelas,Calonectris_leucomelas,Procellariiformes,Procellariidae,Shearwaters and Petrels,Calonectris_leucomelas,monogamy,yearly,streaked_shearwater,39.4,141.99,no,microsatellite,2015,2015,April,November,17.4,4.0,19.0,23.0,569,141.99,2015,4.0,215.0,8.300000191,7.000000132,1.300000059,6.860000038,1.440000153,11.0,14.91250026,13.75603472,1.156465546,14.98750027,-0.075000012,8.0,157.9000092,123.6206924,34.27931674,130.3000023,27.60000687,1093.800026,1165.32416,-71.52413375,1271.240017,-177.439991,8.0,10.40000057,8.912500143,4.0,11.0,8.0,1.0,1.0,4.0,11.0,2015.0,39.4,141.99,0.387617013,0.419415018,both,True,39.4,141.99,39.4,Calonectris_leucomelas_39.4_141.99,1.861404955,2015.0,4.0,39.4,141.99,2015-04-01,2015-04-30,ECMWF/ERA5_LAND/DAILY_AGGR,28.513804078102112,4.14282006198808,6.651397505339997,124.2846018596424,11.0,8.985136010911756,12.896983464558955,3.1502326935973097
570,542Sakao2019,Calonectris_leucomelas,Calonectris_leucomelas,Procellariiformes,Procellariidae,Shearwaters and Petrels,Calonectris_leucomelas,monogamy,yearly,streaked_shearwater,39.4,141.99,no,microsatellite,2016,2016,April,November,19.5,8.0,33.0,41.0,570,141.99,2016,4.0,215.0,8.699999809,7.000000132,1.699999678,7.360000038,1.339999771,11.0,15.11250025,13.75603472,1.356465534,14.95250026,0.15999999,8.0,175.1000061,123.6206924,51.47931369,128.3600029,46.7400032,1237.200031,1165.32416,71.87587159,1231.560018,5.640013123,8.0,9.800000191,8.625000179,4.0,11.0,8.0,1.0,1.0,4.0,11.0,2016.0,39.4,141.99,0.337978581,0.440099607,both,True,39.4,141.99,39.4,Calonectris_leucomelas_39.4_141.99,1.861404955,2016.0,4.0,39.4,141.99,2016-04-01,2016-04-30,ECMWF/ERA5_LAND/DAILY_AGGR,49.09946086849004,5.149282459287126,10.653216153823102,154.4784737786138,13.0,9.05713166130916,7.584499359130859,2.068058289719682
571,570Benitez2019,Sicalis_flaveola_pelzelni,Sicalis_flaveola,Passeriformes,Thraupidae,Tanagers and Allies,Sicalis_flaveola,monogamy,yearly,saffron_finch,-35.5667,-58.0167,yes,microsatellite,2013,2014,October,March,33.3,6.0,12.0,18.0,571,-58.0167,2013,10.0,216.0,16.39999962,15.26206911,1.137930508,15.60000019,0.799999428,3.0,20.39999994,19.76034517,0.639654762,20.54000025,-0.140000312,6.0,48.79999924,93.69655379,-44.89655455,92.69999924,-43.9,418.0000076,551.4620795,-133.4620718,559.3600056,-141.3599979,6.0,11.60000038,12.55000019,10.0,3.0,6.0,1.0,1.0,10.0,3.0,2013.0,-35.5667,-58.0167,0.612676954,0.608752624,both,True,-35.57,-58.02,35.5667,Sicalis_flaveola_pelzelni_-35.57_-58.02,62.28038773,2013.0,10.0,-35.5667,-58.0167,2013-10-01,2013-10-31,ECMWF/ERA5_LAND/DAILY_AGGR,10.323797084652142,1.175242374021109,2.44371124371102,36.43251359465438,8.0,16.11331353956656,9.205767313639342,2.6671020242408003
572,570Benitez2019,Sicalis_flaveola_pelzelni,Sicalis_flaveola,Passeriformes,Thraupidae,Tanagers and Allies,Sicalis_flaveola,monogamy,yearly,saffron_finch,-35.5667,-58.0167,yes,microsatellite,2014,2015,October,March,80.0,16.0,4.0,20.0,572,-58.0167,2014,10.0,216.0,18.20000076,15.26206911,2.937931653,15.68000011,2.520000648,3.0,20.40000057,19.76034517,0.639655398,20.47000024,-0.069999663,6.0,126.2000046,93.69655379,32.50345079,91.23999863,34.96000595,845.9000168,551.4620795,294.4379373,551.5400063,294.3600105,6.0,10.60000038,11.68333371,10.0,3.0,6.0,1.0,1.0,10.0,3.0,2014.0,-35.5667,-58.0167,0.633955525,0.618762041,both,True,-35.57,-58.02,35.5667,Sicalis_flaveola_pelzelni_-35.57_-58.02,62.28038773,2014.0,10.0,-35.5667,-58.0167,2014-10-01,2014-10-31,ECMWF/ERA5_LAND/DAILY_AGGR,85.22722423066398,5.424366661135914,15.647921525344849,168.15536649521334,9.0,17.607739487514724,15.173269907633482,3.431032840892083
573,570Benitez2019,Sicalis_flaveola_pelzelni,Sicalis_flaveola,Passeriformes,Thraupidae,Tanagers and Allies,Sicalis_flaveola,monogamy,yearly,saffron_finch,-35.5667,-58.0167,yes,microsatellite,2015,2016,October,March,37.5,6.0,10.0,16.0,573,-58.0167,2015,10.0,216.0,13.80000019,15.26206911,-1.462068919,16.18000031,-2.380000114,3.0,20.00000048,19.76034517,0.239655303,20.46000036,-0.459999879,6.0,79.09999847,93.69655379,-14.59655532,92.05999985,-12.96000137,444.7000084,551.4620795,-106.7620711,605.9800087,-161.2800003,6.0,9.5,11.33333349,10.0,3.0,6.0,1.0,1.0,10.0,3.0,2015.0,-35.5667,-58.0167,0.589484422,0.600761402,both,True,-35.57,-58.02,35.5667,Sicalis_flaveola_pelzelni_-35.57_-58.02,62.28038773,2015.0,10.0,-35.5667,-58.0167,2015-10-01,2015-10-31,ECMWF/ERA5_LAND/DAILY_AGGR,11.56674623479148,1.5308414890934696,2.4674663361531226,47.45608616189756,11.0,13.654932091825778,10.789000829060852,2.67111280728982
574,577Corregidor2022,Petronia_petronia,Petronia_petronia,Passeriformes,Passeridae,Old World Sparrows,Petronia_petronia,monogamy,yearly,rock_sparrow,40.9,-4.0167,yes,microsatellite,2001,2001,,,58.3,15.0,11.0,26.0,574,-4.0167,2001,,199.0,,,,,,,,,,,,,,,,,,,,,,,,,,,,,,,,,,,,,,left_only,,40.9,-4.02,40.9,Petronia_petronia_40.9_-4.02,280.6899844,,,,,,,,,,,,,,,
575,577Corregidor2022,Petronia_petronia,Petronia_petronia,Passeriformes,Passeridae,Old World Sparrows,Petronia_petronia,monogamy,yearly,rock_sparrow,40.9,-4.0167,yes,microsatellite,2016,2016,,,11.8,2.0,15.0,17.0,575,-4.0167,2016,,199.0,,,,,,,,,,,,,,,,,,,,,,,,,,,,,,,,,,,,,,left_only,,40.9,-4.02,40.9,Petronia_petronia_40.9_-4.02,280.6899844,,,,,,,,,,,,,,,
576,577Corregidor2022,Petronia_petronia,Petronia_petronia,Passeriformes,Passeridae,Old World Sparrows,Petronia_petronia,monogamy,yearly,rock_sparrow,40.9,-4.0167,yes,microsatellite,2017,2017,,,26.7,4.0,11.0,15.0,576,-4.0167,2017,,199.0,,,,,,,,,,,,,,,,,,,,,,,,,,,,,,,,,,,,,,left_only,,40.9,-4.02,40.9,Petronia_petronia_40.9_-4.02,280.6899844,,,,,,,,,,,,,,,
577,577Corregidor2022,Petronia_petronia,Petronia_petronia,Passeriformes,Passeridae,Old World Sparrows,Petronia_petronia,monogamy,yearly,rock_sparrow,40.9,-4.0167,yes,microsatellite,2018,2018,,,15.8,3.0,16.0,19.0,577,-4.0167,2018,,199.0,,,,,,,,,,,,,,,,,,,,,,,,,,,,,,,,,,,,,,left_only,,40.9,-4.02,40.9,Petronia_petronia_40.9_-4.02,280.6899844,,,,,,,,,,,,,,,
578,596Cepková2022,Alcedo_atthis,Alcedo_atthis,Coraciiformes,Alcedinidae,Kingfishers,Alcedo_atthis,monogamy,yearly,common_kingfisher,47.9919,17.3367,no,microsatellite,2016,2016,March,September,6.1,2.0,31.0,33.0,578,17.3367,2016,3.0,217.0,6.800000191,5.482758742,1.317241449,7.480000162,-0.679999971,9.0,16.95714297,15.14137964,1.815763325,16.91142892,0.045714045,7.0,27.80000114,31.96206954,-4.1620684,25.14000015,2.660000992,440.8000164,362.9758673,77.82414907,366.6800056,74.12001076,7.0,8.600000381,11.22857176,3.0,9.0,7.0,1.0,1.0,3.0,9.0,2016.0,47.9919,17.3367,0.348009137,0.50425658,both,True,47.99,17.34,47.9919,Alcedo_atthis_47.99_17.34,367.3499539,2016.0,3.0,47.9919,17.3367,2016-03-01,2016-03-31,ECMWF/ERA5_LAND/DAILY_AGGR,5.988854169800106,1.068268332875988,1.6757119431696497,33.116318319155624,10.0,6.608900837231726,9.782047907511412,2.1824642904571454
579,596Cepková2022,Alcedo_atthis,Alcedo_atthis,Coraciiformes,Alcedinidae,Kingfishers,Alcedo_atthis,monogamy,yearly,common_kingfisher,47.9919,17.3367,no,microsatellite,2017,2017,March,September,4.2,1.0,23.0,24.0,579,17.3367,2017,3.0,217.0,9.800000191,5.482758742,4.317241449,7.360000181,2.44000001,9.0,17.21428599,15.14137964,2.072906345,16.87428602,0.339999969,7.0,32.90000153,31.96206954,0.937931982,25.10000038,7.800001144,418.3000107,362.9758673,55.32414334,392.2000069,26.10000381,7.0,10.5,11.54285731,3.0,9.0,7.0,1.0,1.0,3.0,9.0,2017.0,47.9919,17.3367,0.31370159,0.44273158,both,True,47.99,17.34,47.9919,Alcedo_atthis_47.99_17.34,367.3499539,2017.0,3.0,47.9919,17.3367,2017-03-01,2017-03-31,ECMWF/ERA5_LAND/DAILY_AGGR,12.541217431817133,1.1107600025519972,2.6364595108904303,34.43356007911191,6.0,8.793976658646802,7.7942110697428575,2.3723966022627145
580,596Cepková2022,Alcedo_atthis,Alcedo_atthis,Coraciiformes,Alcedinidae,Kingfishers,Alcedo_atthis,monogamy,yearly,common_kingfisher,47.9919,17.3367,no,microsatellite,2018,2018,March,September,0.0,0.0,30.0,30.0,580,17.3367,2018,3.0,217.0,4.200000286,5.482758742,-1.282758456,7.500000143,-3.299999857,9.0,18.00000034,15.14137964,2.858620699,16.8371431,1.16285724,7.0,46.20000076,31.96206954,14.23793122,29.94000072,16.26000004,412.9000111,362.9758673,49.92414373,412.3800089,0.520002174,7.0,9.199999809,12.27142879,3.0,9.0,7.0,1.0,1.0,3.0,9.0,2018.0,47.9919,17.3367,0.343714168,0.459082798,both,True,47.99,17.34,47.9919,Alcedo_atthis_47.99_17.34,367.3499539,2018.0,3.0,47.9919,17.3367,2018-03-01,2018-03-31,ECMWF/ERA5_LAND/DAILY_AGGR,12.359800811282184,1.658181711596216,2.605256189505344,51.4036330594827,11.0,3.5066328848562085,19.54246457417809,4.66857701905149
581,594Arrieta2022,Cistothorus_platensis,Cistothorus_stellaris,Passeriformes,Troglodytidae,Wrens,Cistothorus_platensis,monogamy,yearly,grass_wren,-32.6333,-69.3667,no,SNPs,2015,2016,October,February,28.0,7.0,18.0,25.0,581,-69.3667,2015,10.0,218.0,5.200000286,8.113793258,-2.913792972,8.880000114,-3.679999828,2.0,11.72000017,12.45931052,-0.739310344,13.23200024,-1.512000065,5.0,54.79999924,16.50000037,38.29999886,15.03999981,39.75999943,135.900003,119.2620714,16.63793156,129.2800008,6.620002183,5.0,9.699999809,10.96000023,10.0,2.0,5.0,1.0,1.0,10.0,2.0,2015.0,-32.6333,-69.3667,0.12602169,0.157908963,both,True,-32.63,-69.37,32.6333,Cistothorus_platensis_-32.63_-69.37,194.5963286,2015.0,10.0,-32.6333,-69.3667,2015-10-01,2015-10-31,ECMWF/ERA5_LAND/DAILY_AGGR,15.921443700790403,2.4913664941879365,3.515641635984445,77.23236131982603,15.0,3.3691221749911,13.499799092610717,3.267715059389481
582,594Arrieta2022,Cistothorus_platensis,Cistothorus_stellaris,Passeriformes,Troglodytidae,Wrens,Cistothorus_platensis,monogamy,yearly,grass_wren,-32.6333,-69.3667,no,SNPs,2016,2017,October,February,57.1,12.0,9.0,21.0,582,-69.3667,2016,10.0,218.0,7.200000286,8.113793258,-0.913792972,8.360000134,-1.159999847,2.0,12.74000006,12.45931052,0.280689542,13.00000021,-0.260000153,5.0,27.70000076,16.50000037,11.20000039,23.9599997,3.740001068,228.2000017,119.2620714,108.9379303,136.0400018,92.15999995,5.0,11.0,11.64000015,10.0,2.0,5.0,1.0,1.0,10.0,2.0,2016.0,-32.6333,-69.3667,0.145582874,0.152202105,both,True,-32.63,-69.37,32.6333,Cistothorus_platensis_-32.63_-69.37,194.5963286,2016.0,10.0,-32.6333,-69.3667,2016-10-01,2016-10-31,ECMWF/ERA5_LAND/DAILY_AGGR,4.258319735527039,1.081270051085632,1.2072781714634129,33.51937158365459,12.0,7.292672667964842,10.365109125773133,2.1910225165863064
583,594Arrieta2022,Cistothorus_platensis,Cistothorus_stellaris,Passeriformes,Troglodytidae,Wrens,Cistothorus_platensis,monogamy,yearly,grass_wren,-32.6333,-69.3667,no,SNPs,2017,2018,October,February,51.8,14.0,13.0,27.0,583,-69.3667,2017,10.0,218.0,7.800000191,8.113793258,-0.313793067,8.240000153,-0.439999962,2.0,13.26000042,12.45931052,0.800689904,12.98000015,0.280000267,5.0,23.10000038,16.50000037,6.600000007,25.79999985,-2.699999467,82.50000191,119.2620714,-36.76206949,140.5200017,-58.01999978,5.0,13.10000038,12.64000015,10.0,2.0,5.0,1.0,1.0,10.0,2.0,2017.0,-32.6333,-69.3667,0.155273759,0.153792785,both,True,-32.63,-69.37,32.6333,Cistothorus_platensis_-32.63_-69.37,194.5963286,2017.0,10.0,-32.6333,-69.3667,2017-10-01,2017-10-31,ECMWF/ERA5_LAND/DAILY_AGGR,6.478413939476013,0.5921499694740912,1.5835843905475435,18.356649053696827,3.0,6.075830221688903,11.939741134643556,3.3668349939533653
584,586Green2018,Aegithalos_caudatus,Aegithalos_caudatus,Passeriformes,Aegithalidae,Long-tailed Tits,Aegithalos_caudatus,monogamy,yearly,long-tailed_tit,52.3833,-1.5667,no,microsatellite,1995,1995,April,May,0.0,0.0,7.0,7.0,584,-1.5667,1995,4.0,219.0,8.800000191,7.779310506,1.020689685,8.380000114,0.420000076,5.0,10.25,9.355172593,0.894827407,10.13000011,0.119999886,2.0,18.70000076,49.12413859,-30.42413782,55.40000076,-36.7,65.80000305,105.5965534,-39.79655034,101.8800014,-36.0799984,2.0,9.400000572,10.10000038,4.0,5.0,2.0,1.0,1.0,4.0,5.0,1995.0,52.3833,-1.5667,0.563508044,0.570494237,both,True,52.38,-1.57,52.3833,Aegithalos_caudatus_52.38_-1.57,92.80584657,1995.0,4.0,52.3833,-1.5667,1995-04-01,1995-04-30,ECMWF/ERA5_LAND/DAILY_AGGR,8.59840214252472,0.8364579598712396,1.6629204795271455,25.09373879613719,9.0,8.615916252136255,9.42193857828778,2.3350876895337564
585,586Green2018,Aegithalos_caudatus,Aegithalos_caudatus,Passeriformes,Aegithalidae,Long-tailed Tits,Aegithalos_caudatus,monogamy,yearly,long-tailed_tit,52.3833,-1.5667,no,microsatellite,1996,1996,April,May,,,,9.0,585,-1.5667,1996,4.0,219.0,8.400000572,7.779310506,0.620690066,8.540000153,-0.13999958,5.0,8.850000381,9.355172593,-0.505172212,10.1000001,-1.249999714,2.0,48.0,49.12413859,-1.124138585,52.22000046,-4.220000458,82.5,105.5965534,-23.09655339,105.4400015,-22.94000149,2.0,9.199999809,9.300000191,4.0,5.0,2.0,1.0,1.0,4.0,5.0,1996.0,52.3833,-1.5667,0.518414813,0.563957526,both,True,52.38,-1.57,52.3833,Aegithalos_caudatus_52.38_-1.57,92.80584657,1996.0,4.0,52.3833,-1.5667,1996-04-01,1996-04-30,ECMWF/ERA5_LAND/DAILY_AGGR,14.784705638817286,1.6952473741355334,3.005003131214598,50.857421224066,12.0,7.76824754079185,11.250932693481444,2.965246996680239
586,586Green2018,Aegithalos_caudatus,Aegithalos_caudatus,Passeriformes,Aegithalidae,Long-tailed Tits,Aegithalos_caudatus,monogamy,yearly,long-tailed_tit,52.3833,-1.5667,no,microsatellite,1997,1997,April,May,0.0,0.0,6.0,6.0,586,-1.5667,1997,4.0,219.0,8.800000191,7.779310506,1.020689685,8.620000267,0.179999924,5.0,10.20000029,9.355172593,0.844827693,10.00000019,0.200000095,2.0,27.39999962,49.12413859,-21.72413897,48.60000076,-21.20000114,94.39999962,105.5965534,-11.19655377,106.5400017,-12.14000206,2.0,10.19999981,10.44999981,4.0,5.0,2.0,1.0,1.0,4.0,5.0,1997.0,52.3833,-1.5667,0.616827664,0.654662461,both,True,52.38,-1.57,52.3833,Aegithalos_caudatus_52.38_-1.57,92.80584657,1997.0,4.0,52.3833,-1.5667,1997-04-01,1997-04-30,ECMWF/ERA5_LAND/DAILY_AGGR,11.06425860143645,1.0485131533558938,2.511402974963247,31.45539460067681,6.0,8.642201360066755,8.33447265625,1.886668329546131
587,586Green2018,Aegithalos_caudatus,Aegithalos_caudatus,Passeriformes,Aegithalidae,Long-tailed Tits,Aegithalos_caudatus,monogamy,yearly,long-tailed_tit,52.3833,-1.5667,no,microsatellite,1998,1998,April,May,0.0,0.0,10.0,10.0,587,-1.5667,1998,4.0,219.0,8.100000381,7.779310506,0.320689876,8.680000305,-0.579999924,5.0,10.6500001,9.355172593,1.294827502,9.840000248,0.809999847,2.0,115.8000031,49.12413859,66.67586447,42.24000053,73.56000252,134.7000027,105.5965534,29.10344928,98.26000175,36.44000092,2.0,7.5,8.650000095,4.0,5.0,2.0,1.0,1.0,4.0,5.0,1998.0,52.3833,-1.5667,0.580357287,0.663173662,both,True,52.38,-1.57,52.3833,Aegithalos_caudatus_52.38_-1.57,92.80584657,1998.0,4.0,52.3833,-1.5667,1998-04-01,1998-04-30,ECMWF/ERA5_LAND/DAILY_AGGR,22.594618797199928,4.711000599365771,4.934111450820932,141.3300179809731,24.0,7.158643107944083,9.275377909342469,2.7028413317843256
588,586Green2018,Aegithalos_caudatus,Aegithalos_caudatus,Passeriformes,Aegithalidae,Long-tailed Tits,Aegithalos_caudatus,monogamy,yearly,long-tailed_tit,52.3833,-1.5667,no,microsatellite,1999,1999,April,May,26.7,4.0,11.0,15.0,588,-1.5667,1999,4.0,219.0,9.400000572,7.779310506,1.620690066,8.420000267,0.980000305,5.0,11.10000038,9.355172593,1.744827788,9.870000172,1.23000021,2.0,74.80000305,49.12413859,25.67586447,51.72000084,23.08000221,143.0000076,105.5965534,37.40345424,97.14000168,45.86000595,2.0,8.699999809,8.900000095,4.0,5.0,2.0,1.0,1.0,4.0,5.0,1999.0,52.3833,-1.5667,0.592807755,0.596162442,both,True,52.38,-1.57,52.3833,Aegithalos_caudatus_52.38_-1.57,92.80584657,1999.0,4.0,52.3833,-1.5667,1999-04-01,1999-04-30,ECMWF/ERA5_LAND/DAILY_AGGR,13.650554418461525,2.661358575393417,3.104625407495864,79.84075726180251,18.0,8.736832724677216,10.637076059977176,2.930854766800922
589,586Green2018,Aegithalos_caudatus,Aegithalos_caudatus,Passeriformes,Aegithalidae,Long-tailed Tits,Aegithalos_caudatus,monogamy,yearly,long-tailed_tit,52.3833,-1.5667,no,microsatellite,2000,2000,April,May,47.6,10.0,11.0,21.0,589,-1.5667,2000,4.0,219.0,8.300000191,7.779310506,0.520689685,8.700000381,-0.400000191,5.0,10.45000029,9.355172593,1.094827693,10.21000023,0.240000057,2.0,117.2000046,49.12413859,68.07586599,56.9400013,60.26000328,195.2000046,105.5965534,89.60345119,104.0800026,91.12000198,2.0,8.199999809,8.849999905,4.0,5.0,2.0,1.0,1.0,4.0,5.0,2000.0,52.3833,-1.5667,0.569885188,0.581353997,both,True,52.38,-1.57,52.3833,Aegithalos_caudatus_52.38_-1.57,92.80584657,2000.0,4.0,52.3833,-1.5667,2000-04-01,2000-04-30,ECMWF/ERA5_LAND/DAILY_AGGR,20.81582700310492,4.058564353435064,4.718394903035612,121.75693060305191,19.0,7.2035383648342775,9.232596079508482,2.813849626045747
590,586Green2018,Aegithalos_caudatus,Aegithalos_caudatus,Passeriformes,Aegithalidae,Long-tailed Tits,Aegithalos_caudatus,monogamy,yearly,long-tailed_tit,52.3833,-1.5667,no,microsatellite,2001,2001,April,May,11.1,1.0,8.0,9.0,590,-1.5667,2001,4.0,219.0,7.700000286,7.779310506,-0.07931022,8.600000381,-0.900000095,5.0,10.15000033,9.355172593,0.794827741,10.25000029,-0.099999952,2.0,80.90000153,49.12413859,31.77586294,76.64000206,4.259999466,127.0000038,105.5965534,21.40345042,129.9600029,-2.959999084,2.0,8.100000381,9.300000191,4.0,5.0,2.0,1.0,1.0,4.0,5.0,2001.0,52.3833,-1.5667,0.5014,0.635349435,both,True,52.38,-1.57,52.3833,Aegithalos_caudatus_52.38_-1.57,92.80584657,2001.0,4.0,52.3833,-1.5667,2001-04-01,2001-04-30,ECMWF/ERA5_LAND/DAILY_AGGR,8.224353194236755,3.1349820275915854,2.760775361195605,94.04946082774757,20.0,7.0461800893148,7.4329458872476835,1.8259438026783423
591,586Green2018,Aegithalos_caudatus,Aegithalos_caudatus,Passeriformes,Aegithalidae,Long-tailed Tits,Aegithalos_caudatus,monogamy,yearly,long-tailed_tit,52.3833,-1.5667,no,microsatellite,2002,2002,April,May,16.7,2.0,10.0,12.0,591,-1.5667,2002,4.0,219.0,9.100000381,7.779310506,1.320689876,8.460000324,0.640000057,5.0,10.55000019,9.355172593,1.194827598,10.51000028,0.039999914,2.0,39.60000229,49.12413859,-9.524136297,83.22000237,-43.62000008,121.2000008,105.5965534,15.60344737,138.8600037,-17.6600029,2.0,10.10000038,9.300000191,4.0,5.0,2.0,1.0,1.0,4.0,5.0,2002.0,52.3833,-1.5667,0.615972387,0.640749252,both,True,52.38,-1.57,52.3833,Aegithalos_caudatus_52.38_-1.57,92.80584657,2002.0,4.0,52.3833,-1.5667,2002-04-01,2002-04-30,ECMWF/ERA5_LAND/DAILY_AGGR,11.600167908568435,1.401972451017386,2.5930596350611013,42.059173530521576,7.0,8.73601033952504,8.006806691487611,2.422004842122287
592,586Green2018,Aegithalos_caudatus,Aegithalos_caudatus,Passeriformes,Aegithalidae,Long-tailed Tits,Aegithalos_caudatus,monogamy,yearly,long-tailed_tit,52.3833,-1.5667,no,microsatellite,2003,2003,April,May,33.3,5.0,10.0,15.0,592,-1.5667,2003,4.0,219.0,9.600000381,7.779310506,1.820689876,8.520000362,1.080000019,5.0,10.75000048,9.355172593,1.394827884,10.58000026,0.170000219,2.0,31.89999962,49.12413859,-17.22413897,85.6600029,-53.76000328,88.69999886,105.5965534,-16.89655454,144.2200039,-55.52000504,2.0,10.30000019,9.700000286,4.0,5.0,2.0,1.0,1.0,4.0,5.0,2003.0,52.3833,-1.5667,0.560313333,0.59774135,both,True,52.38,-1.57,52.3833,Aegithalos_caudatus_52.38_-1.57,92.80584657,2003.0,4.0,52.3833,-1.5667,2003-04-01,2003-04-30,ECMWF/ERA5_LAND/DAILY_AGGR,7.197142847303439,1.3311020116118992,2.067516828622888,39.933060348356975,11.0,9.29263621436227,12.477069854736328,3.1887743844655634
593,586Green2018,Aegithalos_caudatus,Aegithalos_caudatus,Passeriformes,Aegithalidae,Long-tailed Tits,Aegithalos_caudatus,monogamy,yearly,long-tailed_tit,52.3833,-1.5667,no,microsatellite,2004,2004,April,May,34.6,9.0,17.0,26.0,593,-1.5667,2004,4.0,219.0,9.600000381,7.779310506,1.820689876,8.820000362,0.780000019,5.0,10.6500001,9.355172593,1.294827502,10.60000033,0.049999762,2.0,72.80000305,49.12413859,23.67586447,68.88000221,3.920000839,112.8000031,105.5965534,7.20344966,135.0200031,-22.22000008,2.0,8.199999809,9.050000191,4.0,5.0,2.0,1.0,1.0,4.0,5.0,2004.0,52.3833,-1.5667,0.62453761,0.626439675,both,True,52.38,-1.57,52.3833,Aegithalos_caudatus_52.38_-1.57,92.80584657,2004.0,4.0,52.3833,-1.5667,2004-04-01,2004-04-30,ECMWF/ERA5_LAND/DAILY_AGGR,12.45327809618857,3.4379756462127395,3.7388171760991793,103.13926938638218,18.0,9.047058508131265,9.533727010091184,2.2584252375124847
594,586Green2018,Aegithalos_caudatus,Aegithalos_caudatus,Passeriformes,Aegithalidae,Long-tailed Tits,Aegithalos_caudatus,monogamy,yearly,long-tailed_tit,52.3833,-1.5667,no,microsatellite,2005,2005,April,May,20.0,2.0,8.0,10.0,594,-1.5667,2005,4.0,219.0,9.199999809,7.779310506,1.420689303,8.860000324,0.339999485,5.0,10.19999981,9.355172593,0.844827216,10.51000028,-0.310000467,2.0,62.70000076,49.12413859,13.57586218,68.48000221,-5.78000145,103.4000015,105.5965534,-2.196551866,128.9800022,-25.58000069,2.0,8.699999809,9.0,4.0,5.0,2.0,1.0,1.0,4.0,5.0,2005.0,52.3833,-1.5667,0.559734797,0.597974813,both,True,52.38,-1.57,52.3833,Aegithalos_caudatus_52.38_-1.57,92.80584657,2005.0,4.0,52.3833,-1.5667,2005-04-01,2005-04-30,ECMWF/ERA5_LAND/DAILY_AGGR,8.986130356788635,1.909189787738204,2.169437127015422,57.27569363214613,16.0,8.688145150078693,10.861934661865234,2.169767499667767
595,586Green2018,Aegithalos_caudatus,Aegithalos_caudatus,Passeriformes,Aegithalidae,Long-tailed Tits,Aegithalos_caudatus,monogamy,yearly,long-tailed_tit,52.3833,-1.5667,no,microsatellite,2006,2006,April,May,62.5,10.0,6.0,16.0,595,-1.5667,2006,4.0,219.0,8.400000572,7.779310506,0.620690066,9.040000248,-0.639999676,5.0,10.25000048,9.355172593,0.894827884,10.46000018,-0.209999704,2.0,37.20000076,49.12413859,-11.92413782,57.58000145,-20.38000069,147.1000023,105.5965534,41.5034489,110.6200016,36.48000069,2.0,8.400000572,8.550000191,4.0,5.0,2.0,1.0,1.0,4.0,5.0,2006.0,52.3833,-1.5667,0.561111837,0.632419125,both,True,52.38,-1.57,52.3833,Aegithalos_caudatus_52.38_-1.57,92.80584657,2006.0,4.0,52.3833,-1.5667,2006-04-01,2006-04-30,ECMWF/ERA5_LAND/DAILY_AGGR,9.313419461250303,1.678827898196289,2.3831410625573994,50.36483694588867,14.0,7.9933866288927105,8.517468134562193,2.3718721382211894
596,586Green2018,Aegithalos_caudatus,Aegithalos_caudatus,Passeriformes,Aegithalidae,Long-tailed Tits,Aegithalos_caudatus,monogamy,yearly,long-tailed_tit,52.3833,-1.5667,no,microsatellite,2007,2007,April,May,37.5,3.0,5.0,8.0,596,-1.5667,2007,4.0,219.0,11.19999981,7.779310506,3.420689303,9.180000305,2.019999504,5.0,11.75,9.355172593,2.394827407,10.48000021,1.26999979,2.0,8.300000191,49.12413859,-40.82413839,48.8400013,-40.54000111,114.0000048,105.5965534,8.403451377,114.6400013,-0.639996529,2.0,11.30000019,10.05000019,4.0,5.0,2.0,1.0,1.0,4.0,5.0,2007.0,52.3833,-1.5667,0.587352485,0.630657063,both,True,52.38,-1.57,52.3833,Aegithalos_caudatus_52.38_-1.57,92.80584657,2007.0,4.0,52.3833,-1.5667,2007-04-01,2007-04-30,ECMWF/ERA5_LAND/DAILY_AGGR,3.971083866929348,0.4386430773796708,1.0275484047301964,13.159292321390126,4.0,10.841230752733038,7.965438842773437,2.203149713384505
597,586Green2018,Aegithalos_caudatus,Aegithalos_caudatus,Passeriformes,Aegithalidae,Long-tailed Tits,Aegithalos_caudatus,monogamy,yearly,long-tailed_tit,52.3833,-1.5667,no,microsatellite,2008,2008,April,May,21.4,3.0,11.0,14.0,597,-1.5667,2008,4.0,219.0,8.300000191,7.779310506,0.520689685,9.600000191,-1.3,5.0,11.05000019,9.355172593,1.694827598,10.72000017,0.330000019,2.0,61.10000229,49.12413859,11.9758637,42.58000088,18.52000141,122.3000031,105.5965534,16.70344966,113.2000021,9.100000954,2.0,8.699999809,9.300000191,4.0,5.0,2.0,1.0,1.0,4.0,5.0,2008.0,52.3833,-1.5667,0.561693158,0.662878178,both,True,52.38,-1.57,52.3833,Aegithalos_caudatus_52.38_-1.57,92.80584657,2008.0,4.0,52.3833,-1.5667,2008-04-01,2008-04-30,ECMWF/ERA5_LAND/DAILY_AGGR,14.005586480323018,2.5572576118880384,2.800447381266935,76.71772835664115,22.0,7.198019578721809,10.837480545043944,2.812856397147165
598,586Green2018,Aegithalos_caudatus,Aegithalos_caudatus,Passeriformes,Aegithalidae,Long-tailed Tits,Aegithalos_caudatus,monogamy,yearly,long-tailed_tit,52.3833,-1.5667,no,microsatellite,2009,2009,April,May,30.0,3.0,7.0,10.0,598,-1.5667,2009,4.0,219.0,10.19999981,7.779310506,2.420689303,9.340000153,0.859999657,5.0,11.1500001,9.355172593,1.794827502,10.78000011,0.369999981,2.0,39.20000076,49.12413859,-9.924137823,48.42000141,-9.220000648,82.60000229,105.5965534,-22.9965511,119.9200029,-37.32000065,2.0,9.5,9.599999905,4.0,5.0,2.0,1.0,1.0,4.0,5.0,2009.0,52.3833,-1.5667,0.589597191,0.64283476,both,True,52.38,-1.57,52.3833,Aegithalos_caudatus_52.38_-1.57,92.80584657,2009.0,4.0,52.3833,-1.5667,2009-04-01,2009-04-30,ECMWF/ERA5_LAND/DAILY_AGGR,10.27899512246222,1.787653625485201,2.7583948954702966,53.629608764556025,11.0,9.309794341193326,5.04769198099774,1.3920800069801391
599,586Green2018,Aegithalos_caudatus,Aegithalos_caudatus,Passeriformes,Aegithalidae,Long-tailed Tits,Aegithalos_caudatus,monogamy,yearly,long-tailed_tit,52.3833,-1.5667,no,microsatellite,2010,2010,April,May,31.25,5.0,11.0,16.0,599,-1.5667,2010,4.0,219.0,8.900000572,7.779310506,1.120690066,9.460000038,-0.559999466,5.0,9.650000572,9.355172593,0.294827979,10.88000011,-1.229999542,2.0,26.20000076,49.12413859,-22.92413782,41.70000095,-15.50000019,61.60000229,105.5965534,-43.9965511,113.8800028,-52.2800005,2.0,10.60000038,10.4000001,4.0,5.0,2.0,1.0,1.0,4.0,5.0,2010.0,52.3833,-1.5667,0.569680451,0.592400382,both,True,52.38,-1.57,52.3833,Aegithalos_caudatus_52.38_-1.57,92.80584657,2010.0,4.0,52.3833,-1.5667,2010-04-01,2010-04-30,ECMWF/ERA5_LAND/DAILY_AGGR,6.34843111038208,1.0943001123867664,1.84030888106699,32.829003371602994,7.0,8.386102761162677,9.305936813354492,2.3333349302914725
600,586Green2018,Aegithalos_caudatus,Aegithalos_caudatus,Passeriformes,Aegithalidae,Long-tailed Tits,Aegithalos_caudatus,monogamy,yearly,long-tailed_tit,52.3833,-1.5667,no,microsatellite,2011,2011,April,May,28.6,4.0,10.0,14.0,600,-1.5667,2011,4.0,219.0,11.30000019,7.779310506,3.520689685,9.400000191,1.9,5.0,11.9000001,9.355172593,2.544827502,10.77000027,1.129999828,2.0,10.5,49.12413859,-38.62413859,34.40000095,-23.90000095,50.20000076,105.5965534,-55.39655263,105.5200029,-55.32000217,2.0,11.40000057,10.65000057,4.0,5.0,2.0,1.0,1.0,4.0,5.0,2011.0,52.3833,-1.5667,0.610422141,0.626061713,both,True,52.38,-1.57,52.3833,Aegithalos_caudatus_52.38_-1.57,92.80584657,2011.0,4.0,52.3833,-1.5667,2011-04-01,2011-04-30,ECMWF/ERA5_LAND/DAILY_AGGR,3.1403905687170663,0.3563054120762151,0.6054561987090407,10.689162362286451,2.0,11.529736667209225,9.087281545003236,2.3164425739328776
601,586Green2018,Aegithalos_caudatus,Aegithalos_caudatus,Passeriformes,Aegithalidae,Long-tailed Tits,Aegithalos_caudatus,monogamy,yearly,long-tailed_tit,52.3833,-1.5667,no,microsatellite,2012,2012,April,May,38.5,5.0,8.0,13.0,601,-1.5667,2012,4.0,219.0,7.599999905,7.779310506,-0.179310601,9.980000114,-2.38000021,5.0,9.799999952,9.355172593,0.444827359,11.10000019,-1.300000238,2.0,110.3000031,49.12413859,61.17586447,29.0600008,81.24000225,159.0000038,105.5965534,53.40345042,86.14000263,72.86000118,2.0,8.400000572,8.850000381,4.0,5.0,2.0,1.0,1.0,4.0,5.0,2012.0,52.3833,-1.5667,0.617464152,0.662716404,both,True,52.38,-1.57,52.3833,Aegithalos_caudatus_52.38_-1.57,92.80584657,2012.0,4.0,52.3833,-1.5667,2012-04-01,2012-04-30,ECMWF/ERA5_LAND/DAILY_AGGR,19.02395486831665,4.422493633817126,5.187236292176951,132.67480901451378,20.0,6.51895525190568,7.988843282063783,1.5316271341258303
602,586Green2018,Aegithalos_caudatus,Aegithalos_caudatus,Passeriformes,Aegithalidae,Long-tailed Tits,Aegithalos_caudatus,monogamy,yearly,long-tailed_tit,52.3833,-1.5667,no,microsatellite,2013,2013,April,May,14.3,1.0,6.0,7.0,602,-1.5667,2013,4.0,219.0,7.5,7.779310506,-0.279310506,9.260000134,-1.760000134,5.0,8.950000286,9.355172593,-0.405172307,10.71000018,-1.759999895,2.0,28.20000076,49.12413859,-20.92413782,49.46000137,-21.26000061,89.5,105.5965534,-16.09655339,95.14000244,-5.640002441,2.0,9.0,9.25,4.0,5.0,2.0,1.0,1.0,4.0,5.0,2013.0,52.3833,-1.5667,0.455984596,0.528335922,both,True,52.38,-1.57,52.3833,Aegithalos_caudatus_52.38_-1.57,92.80584657,2013.0,4.0,52.3833,-1.5667,2013-04-01,2013-04-30,ECMWF/ERA5_LAND/DAILY_AGGR,6.3945144414852,0.8333759810484528,1.275669994478953,25.001279431453582,10.0,6.687878523932581,12.002148310343388,3.3440925765335323
603,586Green2018,Aegithalos_caudatus,Aegithalos_caudatus,Passeriformes,Aegithalidae,Long-tailed Tits,Aegithalos_caudatus,monogamy,yearly,long-tailed_tit,52.3833,-1.5667,no,microsatellite,2014,2014,April,May,37.5,3.0,5.0,8.0,603,-1.5667,2014,4.0,219.0,10.60000038,7.779310506,2.820689876,9.100000095,1.500000286,5.0,11.45000029,9.355172593,2.094827693,10.2900002,1.160000086,2.0,52.40000153,49.12413859,3.27586294,42.88000107,9.520000458,150.5,105.5965534,44.90344661,88.58000183,61.91999817,2.0,8.699999809,8.650000095,4.0,5.0,2.0,1.0,1.0,4.0,5.0,2014.0,52.3833,-1.5667,0.615687286,0.652580098,both,True,52.38,-1.57,52.3833,Aegithalos_caudatus_52.38_-1.57,92.80584657,2014.0,4.0,52.3833,-1.5667,2014-04-01,2014-04-30,ECMWF/ERA5_LAND/DAILY_AGGR,12.412777543033826,1.86521980003936,2.883626529396798,55.9565940011808,12.0,9.729959826999265,5.626138051350949,1.4051961113703548
604,586Green2018,Aegithalos_caudatus,Aegithalos_caudatus,Passeriformes,Aegithalidae,Long-tailed Tits,Aegithalos_caudatus,monogamy,yearly,long-tailed_tit,52.3833,-1.5667,no,microsatellite,2015,2015,April,May,62.5,5.0,3.0,8.0,604,-1.5667,2015,4.0,219.0,8.900000572,7.779310506,1.120690066,9.18000021,-0.279999638,5.0,10.00000048,9.355172593,0.644827884,10.35000024,-0.349999762,2.0,21.10000038,49.12413859,-28.0241382,45.52000122,-24.42000084,95.50000191,105.5965534,-10.09655148,102.1600014,-6.659999466,2.0,10.90000057,9.850000381,4.0,5.0,2.0,1.0,1.0,4.0,5.0,2015.0,52.3833,-1.5667,0.609605451,0.627810283,both,True,52.38,-1.57,52.3833,Aegithalos_caudatus_52.38_-1.57,92.80584657,2015.0,4.0,52.3833,-1.5667,2015-04-01,2015-04-30,ECMWF/ERA5_LAND/DAILY_AGGR,5.463684938774804,0.8841874418124007,1.3272784195343184,26.52562325437202,10.0,8.538591957092303,5.639091491699219,1.60908757662863
605,636Boersma2023,Malurus_lamberti,Malurus_lamberti,Passeriformes,Maluridae,Fairywrens,Malurus_lamberti,monogamy,yearly,variegated_fairywren,-27.2667,152.6833,no,SNPs,2014,2015,August,January,80.0,28.0,7.0,35.0,605,152.6833,2014,8.0,220.0,15.0,14.21379329,0.786206706,15.02000027,-0.020000267,1.0,21.06666692,19.94655205,1.120114875,20.43666709,0.629999828,6.0,106.8000031,45.57586297,61.22414008,37.08000097,69.72000208,440.3000121,614.4931113,-174.1930992,631.5000136,-191.2000015,6.0,13.0,12.6833334,8.0,1.0,6.0,1.0,1.0,8.0,1.0,2014.0,-27.2667,152.6833,0.588293558,0.574646979,both,True,-27.27,152.68,27.2667,Malurus_lamberti_-27.27_152.68,43.60728422,2014.0,8.0,-27.2667,152.6833,2014-08-01,2014-08-31,ECMWF/ERA5_LAND/DAILY_AGGR,36.543023586091294,3.477989011335168,7.664724899616929,107.8176593513902,9.0,13.976147670130596,4.898430506388365,1.0635740857520857
606,636Boersma2023,Malurus_lamberti,Malurus_lamberti,Passeriformes,Maluridae,Fairywrens,Malurus_lamberti,monogamy,yearly,variegated_fairywren,-27.2667,152.6833,no,SNPs,2015,2016,September,February,82.0,23.0,5.0,28.0,606,152.6833,2015,9.0,220.0,17.0,16.91034524,0.089654758,17.90000038,-0.900000381,2.0,22.31666724,21.54310378,0.773563456,21.9733338,0.343333435,6.0,55.10000229,37.66896602,17.43103627,37.2,17.90000229,784.9000359,731.2586298,53.64140607,738.020016,46.88001986,6.0,15.10000038,11.93333356,9.0,2.0,6.0,1.0,1.0,9.0,2.0,2015.0,-27.2667,152.6833,0.624640288,0.61418272,both,True,-27.27,152.68,27.2667,Malurus_lamberti_-27.27_152.68,43.60728422,2015.0,9.0,-27.2667,152.6833,2015-09-01,2015-09-30,ECMWF/ERA5_LAND/DAILY_AGGR,15.60470461845398,1.1469417703514988,2.8574578788506604,34.40825311054496,7.0,16.058743921915713,6.561408360799135,1.3576738810320723
607,636Boersma2023,Malurus_lamberti,Malurus_lamberti,Passeriformes,Maluridae,Fairywrens,Malurus_lamberti,monogamy,yearly,variegated_fairywren,-27.2667,152.6833,no,SNPs,2016,2017,October,March,79.0,33.0,9.0,42.0,607,152.6833,2016,10.0,220.0,19.10000038,19.57241407,-0.472413688,20.32000084,-1.220000458,3.0,23.4333334,22.47241413,0.960919271,23.06333377,0.369999631,6.0,33.0,100.0655184,-67.06551844,41.46000051,-8.460000515,540.8000221,838.7103566,-297.9103345,809.2200198,-268.4199977,6.0,14.19999981,12.10000006,10.0,3.0,6.0,1.0,1.0,10.0,3.0,2016.0,-27.2667,152.6833,0.604753391,0.600655473,both,True,-27.27,152.68,27.2667,Malurus_lamberti_-27.27_152.68,43.60728422,2016.0,10.0,-27.2667,152.6833,2016-10-01,2016-10-31,ECMWF/ERA5_LAND/DAILY_AGGR,17.63547680945976,1.086591688362312,3.214456680067386,33.68434233923168,6.0,19.141147970384186,7.857997894287109,1.884326932362541
608,636Boersma2023,Malurus_lamberti,Malurus_lamberti,Passeriformes,Maluridae,Fairywrens,Malurus_lamberti,monogamy,yearly,variegated_fairywren,-27.2667,152.6833,no,SNPs,2017,2018,November,April,80.0,20.0,5.0,25.0,608,152.6833,2017,11.0,220.0,21.20000076,21.73793135,-0.537930587,23.07999992,-1.879999161,4.0,23.61666711,22.52356357,1.09310354,23.29000028,0.326666832,6.0,88.80000305,103.9793105,-15.17930748,114.4400024,-25.63999939,717.4000206,845.3103563,-127.9103357,801.1400219,-83.7400013,6.0,11.60000038,11.05000019,11.0,4.0,6.0,1.0,1.0,11.0,4.0,2017.0,-27.2667,152.6833,0.62299492,0.648889386,both,True,-27.27,152.68,27.2667,Malurus_lamberti_-27.27_152.68,43.60728422,2017.0,11.0,-27.2667,152.6833,2017-11-01,2017-11-30,ECMWF/ERA5_LAND/DAILY_AGGR,48.33211004728355,4.416744107734634,9.216125515544343,132.50232323203903,20.0,19.63092193603518,6.363326390584291,1.8271011672022432
609,544Kleven2020,Poecile_cinctus,Poecile_cinctus,Passeriformes,Paridae,"Tits, Chickadees, and Titmice",Parus_cinctus,monogamy,yearly,grey-headed_chickadee,69.4667,-29.8333,yes,microsatellite,2013,2013,June,June,0.0,0.0,4.0,4.0,609,-29.8333,2013,6.0,221.0,-6.5,-8.034482956,1.534482956,-7.520000172,1.020000172,6.0,-6.5,-8.034482956,1.534482956,-7.520000172,1.020000172,1.0,38.79999924,37.7103457,1.089653541,35.53999977,3.259999466,38.79999924,37.7103457,1.089653541,35.53999977,3.259999466,1.0,5.900000095,5.900000095,6.0,6.0,1.0,1.0,1.0,6.0,6.0,2013.0,69.4667,-29.8333,,,both,True,69.47,-29.83,69.4667,Poecile_cinctus_69.47_-29.83,105.3387176,2013.0,6.0,69.4667,-29.8333,2013-06-01,2013-06-30,ECMWF/ERA5_LAND/DAILY_AGGR,9.529680013656616,0.962131035552242,2.203688243214039,28.86393106656726,5.0,-10.186292394002251,8.464663187662723,2.069958507406273
610,544Kleven2020,Poecile_cinctus,Poecile_cinctus,Passeriformes,Paridae,"Tits, Chickadees, and Titmice",Parus_cinctus,monogamy,yearly,grey-headed_chickadee,69.4667,-29.8333,yes,microsatellite,2014,2014,June,June,50.0,2.0,2.0,4.0,610,-29.8333,2014,6.0,221.0,-6.200000286,-8.034482956,1.83448267,-7.380000114,1.179999828,6.0,-6.200000286,-8.034482956,1.83448267,-7.380000114,1.179999828,1.0,38.79999924,37.7103457,1.089653541,36.97999954,1.819999695,38.79999924,37.7103457,1.089653541,36.97999954,1.819999695,1.0,5.700000286,5.700000286,6.0,6.0,1.0,1.0,1.0,6.0,6.0,2014.0,69.4667,-29.8333,,,both,True,69.47,-29.83,69.4667,Poecile_cinctus_69.47_-29.83,105.3387176,2014.0,6.0,69.4667,-29.8333,2014-06-01,2014-06-30,ECMWF/ERA5_LAND/DAILY_AGGR,6.476521491947551,0.609350393310019,1.6117846031990697,18.28051179930057,4.0,-8.35802016788057,9.866114934285465,2.5566069669847704
611,544Kleven2020,Poecile_cinctus,Poecile_cinctus,Passeriformes,Paridae,"Tits, Chickadees, and Titmice",Parus_cinctus,monogamy,yearly,grey-headed_chickadee,69.4667,-29.8333,yes,microsatellite,2015,2015,June,June,66.7,2.0,1.0,3.0,611,-29.8333,2015,6.0,221.0,-8.0,-8.034482956,0.034482956,-7.120000172,-0.879999828,6.0,-8.0,-8.034482956,0.034482956,-7.120000172,-0.879999828,1.0,26.70000076,37.7103457,-11.01034493,36.97999954,-10.27999878,26.70000076,37.7103457,-11.01034493,36.97999954,-10.27999878,1.0,5.900000095,5.900000095,6.0,6.0,1.0,1.0,1.0,6.0,6.0,2015.0,69.4667,-29.8333,,,both,True,69.47,-29.83,69.4667,Poecile_cinctus_69.47_-29.83,105.3387176,2015.0,6.0,69.4667,-29.8333,2015-06-01,2015-06-30,ECMWF/ERA5_LAND/DAILY_AGGR,6.121480464933882,0.3305530181446414,1.1249862777688129,9.916590544339243,2.0,-10.890627818637403,8.857772191365598,3.1112326345923864
612,544Kleven2020,Poecile_cinctus,Poecile_cinctus,Passeriformes,Paridae,"Tits, Chickadees, and Titmice",Parus_cinctus,monogamy,yearly,grey-headed_chickadee,69.4667,-29.8333,yes,microsatellite,2016,2016,June,June,40.0,2.0,3.0,5.0,612,-29.8333,2016,6.0,221.0,-6.0,-8.034482956,2.034482956,-7.460000134,1.460000134,6.0,-6.0,-8.034482956,2.034482956,-7.460000134,1.460000134,1.0,30.5,37.7103457,-7.210345696,36.11999969,-5.619999695,30.5,37.7103457,-7.210345696,36.11999969,-5.619999695,1.0,5.900000095,5.900000095,6.0,6.0,1.0,1.0,1.0,6.0,6.0,2016.0,69.4667,-29.8333,,,both,True,69.47,-29.83,69.4667,Poecile_cinctus_69.47_-29.83,105.3387176,2016.0,6.0,69.4667,-29.8333,2016-06-01,2016-06-30,ECMWF/ERA5_LAND/DAILY_AGGR,7.671046256973568,0.4954481249302015,1.4374491772155062,14.863443747906048,4.0,-7.713446617126444,8.662783940633119,2.359866784771907
613,544Kleven2020,Poecile_cinctus,Poecile_cinctus,Passeriformes,Paridae,"Tits, Chickadees, and Titmice",Parus_cinctus,monogamy,yearly,grey-headed_chickadee,69.4667,-29.8333,yes,microsatellite,2017,2017,June,June,40.0,2.0,3.0,5.0,613,-29.8333,2017,6.0,221.0,-7.5,-8.034482956,0.534482956,-6.940000057,-0.559999943,6.0,-7.5,-8.034482956,0.534482956,-6.940000057,-0.559999943,1.0,40.79999924,37.7103457,3.089653541,34.71999969,6.079999542,40.79999924,37.7103457,3.089653541,34.71999969,6.079999542,1.0,5.900000095,5.900000095,6.0,6.0,1.0,1.0,1.0,6.0,6.0,2017.0,69.4667,-29.8333,,,both,True,69.47,-29.83,69.4667,Poecile_cinctus_69.47_-29.83,105.3387176,2017.0,6.0,69.4667,-29.8333,2017-06-01,2017-06-30,ECMWF/ERA5_LAND/DAILY_AGGR,5.595788359642029,0.5227054323396393,1.2224560701935714,15.681162970189176,4.0,-10.009918573167564,6.199384689331055,1.8611120300230768
614,544Kleven2020,Poecile_cinctus,Poecile_cinctus,Passeriformes,Paridae,"Tits, Chickadees, and Titmice",Parus_cinctus,monogamy,yearly,grey-headed_chickadee,69.4667,-29.8333,yes,microsatellite,2018,2018,June,June,50.0,3.0,3.0,6.0,614,-29.8333,2018,6.0,221.0,-7.800000191,-8.034482956,0.234482765,-6.840000057,-0.960000134,6.0,-7.800000191,-8.034482956,0.234482765,-6.840000057,-0.960000134,1.0,28.30000114,37.7103457,-9.410344551,35.11999969,-6.81999855,28.30000114,37.7103457,-9.410344551,35.11999969,-6.81999855,1.0,5.800000191,5.800000191,6.0,6.0,1.0,1.0,1.0,6.0,6.0,2018.0,69.4667,-29.8333,,,both,True,69.47,-29.83,69.4667,Poecile_cinctus_69.47_-29.83,105.3387176,2018.0,6.0,69.4667,-29.8333,2018-06-01,2018-06-30,ECMWF/ERA5_LAND/DAILY_AGGR,5.08006931215732,0.6434846662247177,1.1204546134925268,19.30453998674153,6.0,-8.437047894795713,14.54118537902832,3.710407171115053
615,548Bao2019,Passer_ammodendri,Passer_ammodendri,Passeriformes,Passeridae,Old World Sparrows,Passer_ammodendri,monogamy,yearly,saxaul_sparrow,40.3667,96.2333,yes,microsatellite,2014,2014,,,38.82,33.0,52.0,85.0,615,96.2333,2014,,222.0,,,,,,,,,,,,,,,,,,,,,,,,,,,,,,,,,,,,,,left_only,,40.37,96.23,40.3667,96.2333_40.37_96.23,1833.535041,,,,,,,,,,,,,,,
616,548Bao2019,Lanius_isabellinus,Lanius_isabellinus,Passeriformes,Laniidae,Shrikes,Lanius_isabellinus,monogamy,yearly,Isabelline_shrike,40.3667,96.2333,yes,microsatellite,2012,2012,,,5.56,1.0,17.0,18.0,616,96.2333,2012,,222.0,,,,,,,,,,,,,,,,,,,,,,,,,,,,,,,,,,,,,,left_only,,40.37,96.23,40.3667,Lanius_isabellinus_40.37_96.23,1833.535041,,,,,,,,,,,,,,,
617,548Bao2019,Lanius_isabellinus,Lanius_isabellinus,Passeriformes,Laniidae,Shrikes,Lanius_isabellinus,monogamy,yearly,Isabelline_shrike,40.3667,96.2333,yes,microsatellite,2013,2013,,,0.0,0.0,20.0,20.0,617,96.2333,2013,,222.0,,,,,,,,,,,,,,,,,,,,,,,,,,,,,,,,,,,,,,left_only,,40.37,96.23,40.3667,Lanius_isabellinus_40.37_96.23,1833.535041,,,,,,,,,,,,,,,
618,548Bao2019,Lanius_isabellinus,Lanius_isabellinus,Passeriformes,Laniidae,Shrikes,Lanius_isabellinus,monogamy,yearly,Isabelline_shrike,40.3667,96.2333,yes,microsatellite,2014,2014,,,4.92,1.0,22.0,23.0,618,96.2333,2014,,222.0,,,,,,,,,,,,,,,,,,,,,,,,,,,,,,,,,,,,,,left_only,,40.37,96.23,40.3667,Lanius_isabellinus_40.37_96.23,1833.535041,,,,,,,,,,,,,,,
619,616Marasco2020,Spheniscus_magellanicus,Spheniscus_magellanicus,Sphenisciformes,Spheniscidae,Penguins,Spheniscus_magellanicus,monogamy,yearly,Magellanic_penguin,-47.75,-65.8833,no,microsatellite,2010,2011,September,April,42.0,10.0,14.0,24.0,619,-65.8833,2010,9.0,223.0,7.700000286,7.796551885,-0.096551599,8.320000076,-0.61999979,4.0,13.02500027,12.98922438,0.035775896,13.32250021,-0.297499931,8.0,2.900000095,12.5034485,-9.603448409,11.96000032,-9.060000229,111.5000021,120.4206919,-8.920689801,100.2800022,11.21999993,8.0,10.69999981,11.20000005,9.0,4.0,8.0,1.0,1.0,9.0,4.0,2010.0,-47.75,-65.8833,0.126049152,0.083633735,both,True,-47.75,-65.88,47.75,Spheniscus_magellanicus_-47.75_-65.88,4.36784871,2010.0,9.0,-47.75,-65.8833,2010-09-01,2010-09-30,ECMWF/ERA5_LAND/DAILY_AGGR,2.147233486084588,0.2645103456877962,0.5267582842748841,7.935310370633886,2.0,8.015133052402094,8.154938379923465,1.8665867445724589
620,616Marasco2020,Spheniscus_magellanicus,Spheniscus_magellanicus,Sphenisciformes,Spheniscidae,Penguins,Spheniscus_magellanicus,monogamy,yearly,Magellanic_penguin,-47.75,-65.8833,no,microsatellite,2011,2012,September,April,55.0,11.0,9.0,20.0,620,-65.8833,2011,9.0,223.0,8.5,7.796551885,0.703448115,8.060000134,0.439999866,4.0,13.87500024,12.98922438,0.88577586,13.29750024,0.577499998,8.0,17.0,12.5034485,4.496551495,11.16000032,5.839999676,108.4000022,120.4206919,-12.02068971,100.1000021,8.300000191,8.0,10.30000019,11.46250021,9.0,4.0,8.0,1.0,1.0,9.0,4.0,2011.0,-47.75,-65.8833,0.087307373,0.078720304,both,True,-47.75,-65.88,47.75,Spheniscus_magellanicus_-47.75_-65.88,4.36784871,2011.0,9.0,-47.75,-65.8833,2011-09-01,2011-09-30,ECMWF/ERA5_LAND/DAILY_AGGR,5.604073405265808,0.5900999009041877,1.2973014047343634,17.702997027125633,4.0,7.954833793640161,11.003082275390623,2.7560873624174524
621,131Kudernatsch2010,Oenanthe_oenanthe,Oenanthe_oenanthe,Passeriformes,Muscicapidae,Old World Flycatchers,Oenanthe_oenanthe,monogamy,yearly,Northern_wheatear,49.5,8.17,,microsatellite,2005,2005,April,September,50.0,10.0,10.0,20.0,621,8.17,2005,4.0,118.0,11.69999981,9.810344943,1.889654867,11.06000023,0.63999958,9.0,17.08333365,15.74482783,1.338505819,16.96666686,0.116666794,6.0,65.70000458,52.2310351,13.46896948,41.33999977,24.36000481,366.0000076,383.9551795,-17.95517185,374.2800041,-8.27999649,6.0,10.5,11.25000032,4.0,9.0,6.0,1.0,1.0,4.0,9.0,2005.0,49.5,8.17,0.473535874,0.538327354,both,True,49.5,8.17,49.5,Oenanthe_oenanthe_49.5_8.17,349.2012828,2005.0,4.0,49.5,8.17,2005-04-01,2005-04-30,ECMWF/ERA5_LAND/DAILY_AGGR,16.03252589702464,2.7807343674030705,4.028752617361956,83.42203102209211,13.0,10.535676617092578,12.593998591105162,2.666705628769734
622,131Kudernatsch2010,Oenanthe_oenanthe,Oenanthe_oenanthe,Passeriformes,Muscicapidae,Old World Flycatchers,Oenanthe_oenanthe,monogamy,yearly,Northern_wheatear,49.5,8.17,,microsatellite,2006,2006,April,September,38.0,3.0,5.0,8.0,622,8.17,2006,4.0,118.0,10.5,9.810344943,0.689655057,11.06000023,-0.560000229,9.0,17.56666708,15.74482783,1.821839248,16.99333359,0.573333486,6.0,58.29999924,52.2310351,6.068964136,46.90000038,11.39999886,435.4000053,383.9551795,51.44482586,362.5200035,72.88000183,6.0,10.0,11.3499999,4.0,9.0,6.0,1.0,1.0,4.0,9.0,2006.0,49.5,8.17,0.409718967,0.53329822,both,True,49.5,8.17,49.5,Oenanthe_oenanthe_49.5_8.17,349.2012828,2006.0,4.0,49.5,8.17,2006-04-01,2006-04-30,ECMWF/ERA5_LAND/DAILY_AGGR,7.814131435907257,1.697978870562622,1.8956332520287205,50.93936611687866,15.0,9.400746112399652,10.595917383829716,2.913523363604607
623,440Anker-Nilssen2008,Fratercula_arctica,Fratercula_arctica,Charadriiformes,Alcidae,"Auks, Murres, and Puffins",Fratercula_arctica,monogamy,yearly,Atlantic_puffin,67.43,11.88,no,microsatellite,2003,2003,June,July,0.0,0.0,12.0,12.0,623,11.88,2003,6.0,224.0,,,,,,7.0,,,,,,2.0,,,,,,,,,,,2.0,,,6.0,7.0,2.0,1.0,1.0,6.0,7.0,2003.0,67.43,11.88,,0.103,both,True,67.43,11.88,67.43,Fratercula_arctica_67.43_11.88,59.06844355,2003.0,6.0,67.43,11.88,2003-06-01,2003-06-30,ECMWF/ERA5_LAND/DAILY_AGGR,,,,,,,,
624,440Anker-Nilssen2008,Fratercula_arctica,Fratercula_arctica,Charadriiformes,Alcidae,"Auks, Murres, and Puffins",Fratercula_arctica,monogamy,yearly,Atlantic_puffin,67.43,11.88,no,microsatellite,2004,2004,June,July,0.0,0.0,26.0,26.0,624,11.88,2004,6.0,224.0,,,,,,7.0,,,,,,2.0,,,,,,,,,,,2.0,,,6.0,7.0,2.0,1.0,1.0,6.0,7.0,2004.0,67.43,11.88,0.03895,0.03895,both,True,67.43,11.88,67.43,Fratercula_arctica_67.43_11.88,59.06844355,2004.0,6.0,67.43,11.88,2004-06-01,2004-06-30,ECMWF/ERA5_LAND/DAILY_AGGR,,,,,,,,
625,512Ding2021,Prinia_flaviventris,Prinia_flaviventris,Passeriformes,Cisticolidae,Cisticolas and Allies,Prinia_flaviventris,monogamy,yearly,yellow-bellied_prinia,23.65,107.0667,no,SNPs,2013,2013,May,July,23.0,3.0,10.0,13.0,625,107.0667,2013,5.0,225.0,25.60000038,25.78275911,-0.182758726,25.52000008,0.080000305,7.0,27.23333359,27.0896556,0.143677986,26.88000031,0.353333282,3.0,191.1000061,188.4620711,2.637934981,168.8599991,22.24000702,495.9000092,616.6275966,-120.7275875,624.7200073,-128.8199982,3.0,8.699999809,8.53333346,5.0,7.0,3.0,1.0,1.0,5.0,7.0,2013.0,23.65,107.0667,0.428465989,0.563803175,both,True,23.65,107.07,23.65,Prinia_flaviventris_23.65_107.07,242.1864984,2013.0,5.0,23.65,107.0667,2013-05-01,2013-05-31,ECMWF/ERA5_LAND/DAILY_AGGR,45.87036669244071,7.653581929801933,10.959345753917976,237.26103982386,20.0,25.18626952222601,9.393556594848633,2.398230828449732
626,402McRae1996,Gallinula_chloropus,Gallinula_chloropus,Gruiformes,Rallidae,"Rails, Gallinules, and Coots",Gallinula_chloropus,monogamy,yearly,moorhen,52.63,-0.27,no,DNA fingerprinting,1991,1991,March,July,0.0,0.0,7.0,7.0,626,-0.27,1991,3.0,226.0,7.700000286,5.617241465,2.082758821,6.320000076,1.38000021,7.0,11.34000025,10.9965519,0.343448346,11.36800018,-0.027999935,5.0,31.39999962,47.16896636,-15.76896674,47.73999996,-16.34000034,184.7000036,245.544832,-60.84482833,247.5200033,-62.81999969,5.0,7.5,8.600000191,3.0,7.0,5.0,1.0,1.0,3.0,7.0,1991.0,52.63,-0.27,0.423488577,0.573225326,both,True,52.63,-0.27,52.63,Gallinula_chloropus_52.63_-0.27,37.29517287,1991.0,3.0,52.63,-0.27,1991-03-01,1991-03-31,ECMWF/ERA5_LAND/DAILY_AGGR,9.174749255066672,1.8294693350180484,2.248572895085472,56.7135493855595,16.0,8.062681534469789,10.691013971964535,2.5983514575137727
627,402McRae1996,Gallinula_chloropus,Gallinula_chloropus,Gruiformes,Rallidae,"Rails, Gallinules, and Coots",Gallinula_chloropus,monogamy,yearly,moorhen,52.63,-0.27,no,DNA fingerprinting,1992,1992,March,July,0.0,0.0,6.0,6.0,627,-0.27,1992,3.0,226.0,7.400000095,5.617241465,1.782758631,6.860000134,0.539999962,7.0,12.42000036,10.9965519,1.423448461,11.50400017,0.916000195,5.0,59.70000076,47.16896636,12.5310344,43.91999989,15.78000088,251.7000008,245.544832,6.155168813,229.6800041,22.01999664,5.0,7.300000191,9.340000343,3.0,7.0,5.0,1.0,1.0,3.0,7.0,1992.0,52.63,-0.27,0.392227586,0.629328236,both,True,52.63,-0.27,52.63,Gallinula_chloropus_52.63_-0.27,37.29517287,1992.0,3.0,52.63,-0.27,1992-03-01,1992-03-31,ECMWF/ERA5_LAND/DAILY_AGGR,10.222489814907476,2.3523852162771304,2.523444940779485,72.92394170459104,16.0,7.375793075561548,7.426891326904297,1.7120512636536471
628,480Hsu2006,Otus_elegans,Otus_elegans,Strigiformes,Strigidae,Owls,Otus_elegans,monogamy,yearly,elegant_scops-owl,22.0,121.08,both,microsatellite,1999,1999,January,April,0.0,,,,628,121.08,1999,1.0,227.0,,,,,,4.0,,,,,,4.0,,,,,,,,,,,4.0,,,1.0,4.0,4.0,1.0,1.0,1.0,4.0,1999.0,22.0,121.08,,0.130669565,both,True,22.0,121.08,22.0,Otus_elegans_22_121.08,22.53475404,1999.0,1.0,22.0,121.08,1999-01-01,1999-01-31,ECMWF/ERA5_LAND/DAILY_AGGR,,,,,,,,
629,480Hsu2006,Otus_elegans,Otus_elegans,Strigiformes,Strigidae,Owls,Otus_elegans,monogamy,yearly,elegant_scops-owl,22.0,121.08,both,microsatellite,2000,2000,January,April,0.0,,,,629,121.08,2000,1.0,227.0,,,,,,4.0,,,,,,4.0,,,,,,,,,,,4.0,,,1.0,4.0,4.0,1.0,1.0,1.0,4.0,2000.0,22.0,121.08,,,both,True,22.0,121.08,22.0,Otus_elegans_22_121.08,22.53475404,2000.0,1.0,22.0,121.08,2000-01-01,2000-01-31,ECMWF/ERA5_LAND/DAILY_AGGR,,,,,,,,
630,480Hsu2006,Otus_elegans,Otus_elegans,Strigiformes,Strigidae,Owls,Otus_elegans,monogamy,yearly,elegant_scops-owl,22.0,121.08,both,microsatellite,2001,2001,January,April,1.0,,,,630,121.08,2001,1.0,227.0,,,,,,4.0,,,,,,4.0,,,,,,,,,,,4.0,,,1.0,4.0,4.0,1.0,1.0,1.0,4.0,2001.0,22.0,121.08,,0.56685,both,True,22.0,121.08,22.0,Otus_elegans_22_121.08,22.53475404,2001.0,1.0,22.0,121.08,2001-01-01,2001-01-31,ECMWF/ERA5_LAND/DAILY_AGGR,,,,,,,,
631,480Hsu2006,Otus_elegans,Otus_elegans,Strigiformes,Strigidae,Owls,Otus_elegans,monogamy,yearly,elegant_scops-owl,22.0,121.08,both,microsatellite,2002,2002,January,April,0.0,,,,631,121.08,2002,1.0,227.0,,,,,,4.0,,,,,,4.0,,,,,,,,,,,4.0,,,1.0,4.0,4.0,1.0,1.0,1.0,4.0,2002.0,22.0,121.08,,0.525325,both,True,22.0,121.08,22.0,Otus_elegans_22_121.08,22.53475404,2002.0,1.0,22.0,121.08,2002-01-01,2002-01-31,ECMWF/ERA5_LAND/DAILY_AGGR,,,,,,,,
632,480Hsu2006,Otus_elegans,Otus_elegans,Strigiformes,Strigidae,Owls,Otus_elegans,monogamy,yearly,elegant_scops-owl,22.0,121.08,both,microsatellite,2003,2003,January,April,0.0,,,,632,121.08,2003,1.0,227.0,,,,,,4.0,,,,,,4.0,,,,,,,,,,,4.0,,,1.0,4.0,4.0,1.0,1.0,1.0,4.0,2003.0,22.0,121.08,0.5696,0.5591,both,True,22.0,121.08,22.0,Otus_elegans_22_121.08,22.53475404,2003.0,1.0,22.0,121.08,2003-01-01,2003-01-31,ECMWF/ERA5_LAND/DAILY_AGGR,,,,,,,,
633,480Hsu2006,Otus_elegans,Otus_elegans,Strigiformes,Strigidae,Owls,Otus_elegans,monogamy,yearly,elegant_scops-owl,22.0,121.08,both,microsatellite,2004,2004,January,April,0.0,,,,633,121.08,2004,1.0,227.0,,,,,,4.0,,,,,,4.0,,,,,,,,,,,4.0,,,1.0,4.0,4.0,1.0,1.0,1.0,4.0,2004.0,22.0,121.08,,,both,True,22.0,121.08,22.0,Otus_elegans_22_121.08,22.53475404,2004.0,1.0,22.0,121.08,2004-01-01,2004-01-31,ECMWF/ERA5_LAND/DAILY_AGGR,,,,,,,,
634,131Kudernatsch2010,Oenanthe_oenanthe,Oenanthe_oenanthe,Passeriformes,Muscicapidae,Old World Flycatchers,Oenanthe_oenanthe,monogamy,yearly,Northern_wheatear,49.5,8.17,no,microsatellite,2005,2005,April,September,50.0,10.0,10.0,20.0,634,8.17,2005,4.0,118.0,11.69999981,9.810344943,1.889654867,11.06000023,0.63999958,9.0,17.08333365,15.74482783,1.338505819,16.96666686,0.116666794,6.0,65.70000458,52.2310351,13.46896948,41.33999977,24.36000481,366.0000076,383.9551795,-17.95517185,374.2800041,-8.27999649,6.0,10.5,11.25000032,4.0,9.0,6.0,1.0,1.0,4.0,9.0,2005.0,49.5,8.17,0.473535874,0.538327354,both,True,49.5,8.17,49.5,Oenanthe_oenanthe_49.5_8.17,349.2012828,2005.0,4.0,49.5,8.17,2005-04-01,2005-04-30,ECMWF/ERA5_LAND/DAILY_AGGR,16.03252589702464,2.7807343674030705,4.028752617361956,83.42203102209211,13.0,10.535676617092578,12.593998591105162,2.666705628769734
635,131Kudernatsch2010,Oenanthe_oenanthe,Oenanthe_oenanthe,Passeriformes,Muscicapidae,Old World Flycatchers,Oenanthe_oenanthe,monogamy,yearly,Northern_wheatear,49.5,8.17,no,microsatellite,2006,2006,April,September,38.0,3.0,5.0,8.0,635,8.17,2006,4.0,118.0,10.5,9.810344943,0.689655057,11.06000023,-0.560000229,9.0,17.56666708,15.74482783,1.821839248,16.99333359,0.573333486,6.0,58.29999924,52.2310351,6.068964136,46.90000038,11.39999886,435.4000053,383.9551795,51.44482586,362.5200035,72.88000183,6.0,10.0,11.3499999,4.0,9.0,6.0,1.0,1.0,4.0,9.0,2006.0,49.5,8.17,0.409718967,0.53329822,both,True,49.5,8.17,49.5,Oenanthe_oenanthe_49.5_8.17,349.2012828,2006.0,4.0,49.5,8.17,2006-04-01,2006-04-30,ECMWF/ERA5_LAND/DAILY_AGGR,7.814131435907257,1.697978870562622,1.8956332520287205,50.93936611687866,15.0,9.400746112399652,10.595917383829716,2.913523363604607
636,175Maguire2008,Stipiturus_malachurus,Stipiturus_malachurus,Passeriformes,Maluridae,Fairywrens,Stipiturus_malachurus,monogamy,yearly,Southern_emu-wren,-38.38,141.6,no,microsatellite,2000,2001,August,March,20.0,1.0,4.0,5.0,636,141.6,2000,8.0,228.0,10.0,10.32068989,-0.320689892,10.56000023,-0.560000229,3.0,15.73750019,15.05646581,0.681034376,15.00750031,0.729999876,8.0,82.09999847,103.0000024,-20.90000396,89.44000168,-7.340003204,473.1000137,465.2310437,7.868970016,436.0400074,37.06000633,8.0,8.5,10.16250026,8.0,3.0,8.0,1.0,1.0,8.0,3.0,2000.0,-38.38,141.6,,0.272531765,both,True,-38.38,141.6,38.38,Stipiturus_malachurus_-38.38_141.6,0.178737257,2000.0,8.0,-38.38,141.6,2000-08-01,2000-08-31,ECMWF/ERA5_LAND/DAILY_AGGR,,,,,,,,
637,175Maguire2008,Stipiturus_malachurus,Stipiturus_malachurus,Passeriformes,Maluridae,Fairywrens,Stipiturus_malachurus,monogamy,yearly,Southern_emu-wren,-38.38,141.6,no,microsatellite,2001,2002,August,March,14.29,1.0,6.0,7.0,637,141.6,2001,8.0,228.0,11.0,10.32068989,0.679310108,10.34000015,0.659999847,3.0,15.26250005,15.05646581,0.206034233,15.19500029,0.067499757,8.0,174.1000061,103.0000024,71.10000367,91.12000046,82.98000565,632.600008,465.2310437,167.3689643,455.6200077,176.9800003,8.0,7.400000095,9.762500226,8.0,3.0,8.0,1.0,1.0,8.0,3.0,2001.0,-38.38,141.6,0.643803208,0.324326435,both,True,-38.38,141.6,38.38,Stipiturus_malachurus_-38.38_141.6,0.178737257,2001.0,8.0,-38.38,141.6,2001-08-01,2001-08-31,ECMWF/ERA5_LAND/DAILY_AGGR,,,,,,,,
638,175Maguire2008,Stipiturus_malachurus,Stipiturus_malachurus,Passeriformes,Maluridae,Fairywrens,Stipiturus_malachurus,monogamy,yearly,Southern_emu-wren,-38.38,141.6,no,microsatellite,2002,2003,August,March,8.33,1.0,11.0,12.0,638,141.6,2002,8.0,228.0,10.19999981,10.32068989,-0.120690083,10.44000015,-0.240000343,3.0,14.80000031,15.05646581,-0.256465505,15.37000027,-0.569999957,8.0,66.09999847,103.0000024,-36.90000396,95.48000107,-29.38000259,397.2000055,465.2310437,-68.03103819,477.2400078,-80.04000225,8.0,9.300000191,10.57500017,8.0,3.0,8.0,1.0,1.0,8.0,3.0,2002.0,-38.38,141.6,0.519066124,0.448671138,both,True,-38.38,141.6,38.38,Stipiturus_malachurus_-38.38_141.6,0.178737257,2002.0,8.0,-38.38,141.6,2002-08-01,2002-08-31,ECMWF/ERA5_LAND/DAILY_AGGR,,,,,,,,
639,554Lifjeld2025,Periparus_ater,Periparus_ater,Passeriformes,Paridae,"Tits, Chickadees, and Titmice",Parus_ater,monogamy,single-year study,coal_tit,59.9833,10.6,yes,microsatellite,1989,1989,April,July,84.0,21.0,4.0,25.0,639,10.6,1989,4.0,229.0,4.700000286,3.948275916,0.751724371,3.54000001,1.160000277,7.0,11.87500012,11.18793118,0.687068938,11.02999998,0.845000136,4.0,72.0,43.59655254,28.40344746,42.06000023,29.93999977,232.2999992,251.8620729,-19.56207366,274.580003,-42.28000374,4.0,8.0,10.4000001,4.0,7.0,4.0,1.0,1.0,4.0,7.0,1989.0,59.9833,10.6,0.223199439,0.500226306,both,True,59.98,10.6,59.9833,Periparus_ater_59.98_10.6,24.32524826,1989.0,4.0,59.9833,10.6,1989-04-01,1989-04-30,ECMWF/ERA5_LAND/DAILY_AGGR,17.421147529148584,3.78380901087129,4.4621040116093615,113.5142703261387,16.0,3.7197541342841474,13.377354303995787,3.143159718790985
640,569Hauber2018,Morus_serrator,Morus_serrator,Suliformes,Sulidae,Boobies and Gannets,Morus_serrator,monogamy,single-year study,Australasian_gannet,-39.6333,177.0833,no,DNA fingerprinting,2005,2005,November,December,1.33,0.0,30.0,30.0,640,177.0833,2005,11.0,230.0,,,,,,12.0,,,,,,2.0,,,,,,,,,,,2.0,,,11.0,12.0,2.0,1.0,1.0,11.0,12.0,2005.0,-39.6333,177.0833,0.602023319,0.574183693,both,True,-39.63,177.08,39.6333,Morus_serrator_-39.63_177.08,2.582012432,2005.0,11.0,-39.6333,177.0833,2005-11-01,2005-11-30,ECMWF/ERA5_LAND/DAILY_AGGR,,,,,,,,
641,573LaBarbera2017,Troglodytes_aedon,Troglodytes_aedon,Passeriformes,Troglodytidae,Wrens,Troglodytes_aedon,monogamy,single-year study,house_wren,42.4686,-76.4492,yes,microsatellite,2009,2009,April,August,2.0,0.0,23.0,23.0,641,-76.4492,2009,4.0,231.0,8.199999809,6.844827751,1.355172059,7.820000267,0.379999542,8.0,15.46000023,15.54620718,-0.086206956,16.18000042,-0.720000191,5.0,59.20000076,81.81724285,-22.61724209,93.31999969,-34.11999893,551.2000084,437.3172502,113.8827582,517.7200024,33.48000603,5.0,11.69999981,11.33999996,4.0,8.0,5.0,1.0,1.0,4.0,8.0,2009.0,42.4686,-76.4492,0.389026978,0.707225157,both,True,42.47,-76.45,42.4686,Troglodytes_aedon_42.47_-76.45,246.0081307,2009.0,4.0,42.4686,-76.4492,2009-04-01,2009-04-30,ECMWF/ERA5_LAND/DAILY_AGGR,11.866524815502544,2.019923488772809,3.019974298451024,60.59770466318426,14.0,8.351903173658606,21.15720113118488,5.433233924108988
642,641nomano2023,Lanius_bucephalus,Lanius_bucephalus,Passeriformes,Laniidae,Shrikes,Lanius_bucephalus,monogamy,single-year study,bull-headed_shrike,25.8333,131.2333,no,microsatellite,2008,2008,February,August,,,,52.0,642,131.2333,2008,2.0,232.0,16.89999962,17.2448279,-0.344828277,18.62000046,-1.720000839,8.0,23.97142901,23.5527097,0.41871931,24.25714335,-0.28571434,7.0,323.1000061,113.3862103,209.7137958,96.9400013,226.1600048,1160.500008,1286.510367,-126.0103593,1058.180014,102.3199932,7.0,6.0,6.000000068,2.0,8.0,7.0,1.0,1.0,2.0,8.0,2008.0,25.8333,131.2333,,-0.05035,both,True,25.83,131.23,25.8333,Lanius_bucephalus_25.83_131.23,305.4088023,2008.0,2.0,25.8333,131.2333,2008-02-01,2008-02-29,ECMWF/ERA5_LAND/DAILY_AGGR,,,,,,,,
643,672Grinkov2022,Ficedula_hypoleuca,Ficedula_hypoleuca,Passeriformes,Muscicapidae,Old World Flycatchers,Ficedula_hypoleuca,monogamy,single-year study,European_pied_flycatcher,56.35,84.9333,yes,microsatellite,2005,2005,April,June,21.2,53.0,197.0,250.0,643,84.9333,2005,4.0,202.0,3.200000048,1.751724165,1.448275883,2.260000062,0.939999986,6.0,10.63333329,9.416092117,1.217241168,10.99333351,-0.360000221,3.0,26.70000076,27.87931077,-1.179310009,29.80000038,-3.099999619,118.2000008,130.9551747,-12.75517395,140.9200027,-22.72000198,3.0,10.69999981,11.73333327,4.0,6.0,3.0,1.0,1.0,4.0,6.0,2005.0,56.35,84.9333,0.256793803,0.540691382,both,True,56.35,84.93,56.35,Ficedula_hypoleuca_56.35_84.93,1287.147281,2005.0,4.0,56.35,84.9333,2005-04-01,2005-04-30,ECMWF/ERA5_LAND/DAILY_AGGR,12.220844626426697,1.24400592568783,2.516974936470158,37.3201777706349,7.0,1.01935174730091,22.20378875732422,5.36090161754157
644,673Stermin2026,Rallus_aquaticus,Rallus_aquaticus,Gruiformes,Rallidae,"Rails, Gallinules, and Coots",Rallus_aquaticus,monogamy,single-year study,water_rail,46.91,23.91,no,microsatellite,2012,2012,May,October,16.7,1.0,5.0,6.0,644,23.91,2012,5.0,203.0,15.69999981,14.40344857,1.296551244,15.56000023,0.13999958,10.0,17.98333359,15.43333363,2.549999958,16.65666706,1.32666653,6.0,96.59999847,77.82069094,18.77930753,87.04000092,9.559997559,322.5,394.2275938,-71.72759378,439.3600094,-116.8600094,6.0,12.80000019,13.20000029,5.0,10.0,6.0,1.0,1.0,5.0,10.0,2012.0,46.91,23.91,0.639838665,0.614276121,both,True,46.91,23.91,46.91,Rallus_aquaticus_46.91_23.91,444.2434657,2012.0,5.0,46.91,23.91,2012-05-01,2012-05-31,ECMWF/ERA5_LAND/DAILY_AGGR,18.682006001370155,4.250386813503215,4.737023226365538,131.76199121859966,23.0,15.389094945435904,10.77458953857422,2.916900356546229
645,674Mino2017,Bubulcus_ibis,Ardea_ibis,Pelecaniformes,Ardeidae,"Herons, Egrets, and Bitterns",Bubulcus_ibis,monogamy,single-year study,cattle_egret,-22.5,-47.5833,no,microsatellite,2011,2011,October,December,61.3,19.0,12.0,31.0,645,-47.5833,2011,10.0,233.0,21.39999962,20.75517266,0.644826955,21.74000015,-0.340000534,12.0,22.03333346,21.87931074,0.154022721,22.78666712,-0.753333664,3.0,141.5,119.031037,22.46896303,104.0200043,37.47999573,406.0000076,436.2827663,-30.28275871,426.3000076,-20.3,3.0,10.90000057,11.20000013,10.0,12.0,3.0,1.0,1.0,10.0,12.0,2011.0,-22.5,-47.5833,0.344531782,0.4518239,both,True,-22.5,-47.58,22.5,Bubulcus_ibis_-22.5_-47.58,203.7773714,2011.0,10.0,-22.5,-47.5833,2011-10-01,2011-10-31,ECMWF/ERA5_LAND/DAILY_AGGR,32.36642941709533,4.671238008822205,7.088729932190996,144.80837827348836,17.0,22.28204323963456,10.112911224365234,2.4227317853843044
646,678Beck2020,Cyanistes_caeruleus,Cyanistes_caeruleus,Passeriformes,Paridae,"Tits, Chickadees, and Titmice",Parus_caeruleus,monogamy,single-year study,blue_tit,48.1333,10.8833,yes,microsatellite,2018,2018,March,June,41.0,51.0,73.0,124.0,646,10.8833,2018,3.0,206.0,3.400000095,3.675862127,-0.275862031,5.560000086,-2.15999999,6.0,12.50000012,9.675862229,2.82413789,11.29000021,1.209999907,4.0,29.0,47.84137995,-18.84137995,37.28000145,-8.28000145,234.7000046,321.4000044,-86.69999984,314.9200069,-80.22000237,4.0,8.400000572,11.22500014,3.0,6.0,4.0,1.0,1.0,3.0,6.0,2018.0,48.1333,10.8833,0.435800055,0.575039917,both,True,48.13,10.88,48.1333,Cyanistes_caeruleus_48.13_10.88,312.5806009,2018.0,3.0,48.1333,10.8833,2018-03-01,2018-03-31,ECMWF/ERA5_LAND/DAILY_AGGR,11.015521065417031,1.6228736504887038,2.2033793575386267,50.309083165149815,15.0,3.1557293020269137,16.295881907145144,3.919119943939835
647,587Badás2020,Cyanistes_caeruleus,Cyanistes_caeruleus,Passeriformes,Paridae,"Tits, Chickadees, and Titmice",Parus_caeruleus,monogamy,single-year study,blue_tit,40.9,-4.0167,yes,microsatellite,2013,2013,April,June,55.0,43.0,35.0,78.0,647,-4.0167,2013,4.0,199.0,8.5,7.913793301,0.586206699,9.300000191,-0.800000191,6.0,12.16666698,12.17126463,-0.004597642,13.65333366,-1.486666679,3.0,62.10000229,63.31379398,-1.213791691,75.66000137,-13.55999908,128.7000017,173.0137954,-44.3137937,176.0200038,-47.32000213,3.0,9.900000572,11.00000032,4.0,6.0,3.0,1.0,1.0,4.0,6.0,2013.0,40.9,-4.0167,0.518856201,0.587561925,both,True,40.9,-4.02,40.9,Cyanistes_caeruleus_40.9_-4.02,280.6899844,2013.0,4.0,40.9,-4.0167,2013-04-01,2013-04-30,ECMWF/ERA5_LAND/DAILY_AGGR,21.14306688298484,2.6382682031350413,4.346829813450716,79.14804609405124,15.0,7.327255694071469,15.390576044718443,4.151382919303535
648,497Harnandez2021,Tachycineta_bicolor,Tachycineta_bicolor,Passeriformes,Hirundinidae,Swallows,Tachycineta_bicolor,monogamy,single-year study,tree_swallow,37.1833,-80.5667,yes,microsatellite,2017,2017,March,August,,,,71.0,648,-80.5667,2017,3.0,234.0,6.599999905,5.817241488,0.782758417,6.8,-0.200000095,8.0,16.68333379,15.5867819,1.096551898,16.55000035,0.133333445,6.0,86.80000305,92.57241479,-5.772411741,85.18000183,1.620001221,695.0000076,569.486216,125.5137916,636.4000099,58.59999771,6.0,12.10000038,11.95000013,3.0,8.0,6.0,1.0,1.0,3.0,8.0,2017.0,37.1833,-80.5667,0.43270187,0.656011958,both,True,37.18,-80.57,37.1833,Tachycineta_bicolor_37.18_-80.57,293.8969114,2017.0,3.0,37.1833,-80.5667,2017-03-01,2017-03-31,ECMWF/ERA5_LAND/DAILY_AGGR,23.09333682057968,3.234625872289438,5.129737731835842,100.27340204097256,13.0,6.27299369073686,22.31985727945965,6.044151890818
