Study_ID,level,Scientific_name,Common_name,Breeding_system,N_offspring_sampled,EPY_percent,N_broods_sampled,EPP_percent,Lat,Long,nest_box,marker_type,year_of_study_START,year_of_study_END,study_duration,breeding_start,breeding_end,yearly_data,No,Scientific_name_amended,Jetz_name,Clements_name,BIRDBASE_clements_names,fam_sys_known,fam_sys_inferred,breedsys_known,breedsys_inferred,breedsys_cat,breedsys_cat1,breedsys_cat2,Female.MinMass,Female.MaxMass,,Male.MinMass,Male.MaxMass,Average.Mass,Social_1,Social_2,Social_3,Social_4,Social_5,Social_6,Mono,Poly,mono_poly_model,BS_Birdbase,Coop,Nest_type,CS_min,CS_max,cooperative_breeding,max_pa,match_source,MG_comments,Sexual selection,Data certainty,Sex-role_reversal,Territoriality,Migration,Lat_round,Long_round,population_id,breeding_system_cat,nest_type_model,breeding_system_3cat,breeding_system_model,marker_type_model,study_duration_num,nest_box_model,population_id_source,n_mixed_broods,n_non_mixed_broods,n_EPY_offspring,n_WPY_offspring,parental_care_model,parental_care_binary
128Green2002,total,Acanthiza_pusilla,brown_thornbill,monogamy,178,6.2,67,11.9,-35.27,149.1,no,DNA_fingerprinting,1995,1997,3,July,December,yes,1,Acanthiza_pusilla,Acanthiza_pusilla,Acanthiza_pusilla,Acanthiza_pusilla,family,family,Pair,Pair,biparental,biparental,biparental,6.2,NA,,NA,NA,7.733333333,0,0,1,0,0,0,NA,NA,NA,NA,0,DM,2,4,no,0,Clements_name,NA,1,4,0,Territorial,Weak,-35.27,149.1,Acanthiza_pusilla_-35.27_149.1,monogamy,ground,monogamy,monogamy,DNA_fingerprinting,3,no,species_coordinates,8,59,11,167,biparental,biparental
389Rosenfield2015,total,Accipiter_cooperii,Cooper’s_hawk,monogamy,140,19.3,44,34.1,44.97,-90.05,no,microsatellite,2003,2007,5,February,April,yes,2,Accipiter_cooperii,Accipiter_cooperii,Astur_cooperii,Astur_cooperii,no_fam,no_fam,pair,Pair,biparental,biparental,biparental,399,588,,269,380,429.6666667,0,0,0,0,1,0,NA,NA,NA,NA,0,PL,3,6,NA,NA,NA,NA,1,4,0,Territorial,Strong,44.97,-90.05,Accipiter_cooperii_44.97_-90.05,monogamy,open,monogamy,monogamy,microsatellite,5,no,species_coordinates,15,29,27,113,biparental,biparental
52Leisler2000,total,Acrocephalus_arundinaceus,great_reed_warbler,monogamy,194,9.8,48,10.4,49.67,10.85,no,DNA_fingerprinting,1992,1997,6,May,July,yes,3,Acrocephalus_arundinaceus,Acrocephalus_arundinaceus,Acrocephalus_arundinaceus,Acrocephalus_arundinaceus,no_fam,no_fam,Pair,Pair,biparental,biparental,biparental,NA,NA,,NA,NA,33.75,0,0,0,0,0,0,Mono,Poly,mixed,MonoPoly,0,CP,3,6,NA,NA,NA,NA,2,4,0,Territorial,Strong,49.67,10.85,Acrocephalus_arundinaceus_49.67_10.85,monogamy,open,monogamy,monogamy,DNA_fingerprinting,6,no,species_coordinates,5,43,19,175,biparental,biparental
123Hasselquist1996,total,Acrocephalus_arundinaceus,great_reed_warbler,monogamy,678,3.4,NA,NA,59.17,15.42,no,DNA_fingerprinting,1987,1993,7,May,July,no,3,Acrocephalus_arundinaceus,Acrocephalus_arundinaceus,Acrocephalus_arundinaceus,Acrocephalus_arundinaceus,no_fam,no_fam,Pair,Pair,biparental,biparental,biparental,NA,NA,,NA,NA,33.75,0,0,0,0,0,0,Mono,Poly,mixed,MonoPoly,0,CP,3,6,NA,NA,NA,NA,2,4,0,Territorial,Strong,59.17,15.42,Acrocephalus_arundinaceus_59.17_15.42,monogamy,open,monogamy,monogamy,DNA_fingerprinting,7,no,species_coordinates,NA,NA,23,655,biparental,biparental
36Arlt2004,total,Acrocephalus_arundinaceus,great_reed_warbler,monogamy,543,3.13,132,6.06,59.1,15.25,no,microsatellite,1994,1998,5,May,July,yes,3,Acrocephalus_arundinaceus,Acrocephalus_arundinaceus,Acrocephalus_arundinaceus,Acrocephalus_arundinaceus,no_fam,no_fam,Pair,Pair,biparental,biparental,biparental,NA,NA,,NA,NA,33.75,0,0,0,0,0,0,Mono,Poly,mixed,MonoPoly,0,CP,3,6,NA,NA,NA,NA,2,4,0,Territorial,Strong,59.1,15.25,Acrocephalus_arundinaceus_59.1_15.25,monogamy,open,monogamy,monogamy,microsatellite,5,no,species_coordinates,8,124,17,526,biparental,biparental
412Hamao2005,total,Acrocephalus_bistrigiceps,black-browed_reed-warbler,monogamy,140,6.4,37,13.5,36.87,139.05,no,microsatellite,1993,1997,5,May,July,no,4,Acrocephalus_bistrigiceps,Acrocephalus_bistrigiceps,Acrocephalus_bistrigiceps,Acrocephalus_bistrigiceps,NA,NA,Pair,Pair,biparental,biparental,biparental,7,10,,8,11,9.65,0,0,0,0,0,0,Mono,Poly,mixed,MonoPoly,0,CP,3,6,NA,NA,NA,NA,1,4,0,Territorial,Strong,36.87,139.05,Acrocephalus_bistrigiceps_36.87_139.05,monogamy,open,monogamy,monogamy,microsatellite,5,no,species_coordinates,5,32,9,131,biparental,biparental
51Leisler2000,total,Acrocephalus_palustris,marsh_warbler,monogamy,131,3.1,33,9.1,50.37,10.75,no,DNA_fingerprinting,1994,1996,3,NA,NA,no,5,Acrocephalus_palustris,Acrocephalus_palustris,Acrocephalus_palustris,Acrocephalus_palustris,no_fam,no_fam,Pair,Pair,biparental,biparental,biparental,11.2,16.5,,11.5,14.8,13.4,0,0,0,0,0,0,Mono,Poly,mixed,MonoPoly,0,CP,3,6,NA,NA,NA,NA,2,4,0,Territorial,Strong,50.37,10.75,Acrocephalus_palustris_50.37_10.75,monogamy,open,monogamy,monogamy,DNA_fingerprinting,3,no,species_coordinates,3,30,4,127,biparental,biparental
20Langefors1998,total,Acrocephalus_schoenobaenus,sedge_warbler,monogamy,201,7.5,44,22.7,59.17,15.42,no,DNA_fingerprinting,1990,1992,3,May,July,yes,6,Acrocephalus_schoenobaenus,Acrocephalus_schoenobaenus,Acrocephalus_schoenobaenus,Acrocephalus_schoenobaenus,no_fam,no_fam,Pair,Pair,biparental,biparental,biparental,NA,NA,,NA,NA,13,0,0,0,0,0,0,Mono,Poly,mixed,MonoPoly,0,CP,4,8,NA,NA,NA,NA,2,4,0,Territorial,Strong,59.17,15.42,Acrocephalus_schoenobaenus_59.17_15.42,monogamy,open,monogamy,monogamy,DNA_fingerprinting,3,no,species_coordinates,10,34,15,186,biparental,biparental
380Marshall2007,total,Acrocephalus_schoenobaenus,sedge_warbler,monogamy,403,8.4,85,18.8,51.45,-0.55,no,microsatellite,1993,1998,6,May,July,yes,6,Acrocephalus_schoenobaenus,Acrocephalus_schoenobaenus,Acrocephalus_schoenobaenus,Acrocephalus_schoenobaenus,no_fam,no_fam,Pair,Pair,biparental,biparental,biparental,NA,NA,,NA,NA,13,0,0,0,0,0,0,Mono,Poly,mixed,MonoPoly,0,CP,4,8,NA,NA,NA,NA,2,4,0,Territorial,Strong,51.45,-0.55,Acrocephalus_schoenobaenus_51.45_-0.55,monogamy,open,monogamy,monogamy,microsatellite,6,no,species_coordinates,16,69,34,369,biparental,biparental
334Davies2003,total,Acrocephalus_scirpaceus,Eurasian_reed-warbler,monogamy,186,6.5,52,15.4,52.3,0.3,no,microsatellite,2000,2001,2,May,July,no,7,Acrocephalus_scirpaceus,Acrocephalus_scirpaceus,Acrocephalus_scirpaceus,Acrocephalus_scirpaceus,no_fam,no_fam,Pair,Pair,biparental,biparental,biparental,7,16.1,,7,14,12.88333333,1,1,0,0,0,0,NA,NA,NA,NA,3,CP,3,5,no,0,Clements_name,NA,1,4,0,Territorial,Strong,52.3,0.3,Acrocephalus_scirpaceus_52.3_0.3,monogamy,open,monogamy,monogamy,microsatellite,2,no,species_coordinates,8,44,12,174,biparental,biparental
25Mee2004,total,Actitis_hypoleucos,common_sandpiper,monogamy,83,15.7,27,18.5,54.75,-3.02,no,DNA_fingerprinting,1998,1999,2,April,June,yes,8,Actitis_hypoleucos,Actitis_hypoleucos,Actitis_hypoleucos,Actitis_hypoleucos,no_fam,no_fam,Pair,Pair,biparental,biparental,biparental,NA,NA,,NA,NA,63,0,0,0,1,0,0,Mono,Poly,mixed,MonoPoly,0,SC,3,5,NA,NA,NA,NA,1,4,0,Territorial,Strong,54.75,-3.02,Actitis_hypoleucos_54.75_-3.02,monogamy,ground,monogamy,monogamy,DNA_fingerprinting,2,no,species_coordinates,5,22,13,70,biparental,biparental
114Blomqvist2002,total,Actitis_hypoleucos,common_sandpiper,monogamy,53,7.5,15,20,57.78,12.32,no,DNA_fingerprinting,1998,2000,3,May,June,no,8,Actitis_hypoleucos,Actitis_hypoleucos,Actitis_hypoleucos,Actitis_hypoleucos,no_fam,no_fam,Pair,Pair,biparental,biparental,biparental,NA,NA,,NA,NA,63,0,0,0,1,0,0,Mono,Poly,mixed,MonoPoly,0,SC,3,5,NA,NA,NA,NA,1,4,0,Territorial,Strong,57.78,12.32,Actitis_hypoleucos_57.78_12.32,monogamy,ground,monogamy,monogamy,DNA_fingerprinting,3,no,species_coordinates,3,12,4,49,biparental,biparental
301Koopman2007,total,Aegolius_funereus,boreal_owl,monogamy,109,0,32,0,NA,39.9,no,microsatellite,1995,2001,7,NA,NA,no,9,Aegolius_funereus,Aegolius_funereus,Aegolius_funereus,Aegolius_funereus,no_fam,no_fam,Pair,Pair,biparental,biparental,biparental,100,215,,90,146,137.75,0,0,0,0,0,0,Mono,Poly,mixed,MonoPoly,0,CV,3,6,NA,NA,NA,NA,1,4,0,Territorial,Weak,NA,39.9,Aegolius_funereus_301Koopman2007,monogamy,cavity,monogamy,monogamy,microsatellite,7,no,species_study_id_missing_coordinates,0,32,0,109,biparental,biparental
191Liu2015,total,Agelaius_phoeniceus,red-winged_blackbird,monogamy,125,25.6,40,50,42.4,-85.4,no,microsatellite,2004,2005,2,March,June,no,10,Agelaius_phoeniceus,Agelaius_phoeniceus,Agelaius_phoeniceus,Agelaius_phoeniceus,no_fam,no_fam,Pair,Pair,biparental,biparental,biparental,34.5,63.6,,55.4,72.1,56.4,0,0,0,0,0,0,NA,Poly,polygamy,Poly,0,CP,2,4,no,0,Clements_name,NA,3,4,0,Territorial,Strong,42.4,-85.4,Agelaius_phoeniceus_42.4_-85.4,monogamy,open,monogamy,monogamy,microsatellite,2,no,species_coordinates,20,20,32,93,biparental,biparental
191Liu2015,single-year,Agelaius_phoeniceus,red-winged_blackbird,monogamy,87,26.4,27,48.1,41.55,-80.18,no,microsatellite,2009,2009,1,NA,NA,single-year study,10,Agelaius_phoeniceus,Agelaius_phoeniceus,Agelaius_phoeniceus,Agelaius_phoeniceus,no_fam,no_fam,Pair,Pair,biparental,biparental,biparental,34.5,63.6,,55.4,72.1,56.4,0,0,0,0,0,0,NA,Poly,polygamy,Poly,0,CP,2,4,no,0,Clements_name,NA,3,4,0,Territorial,Strong,41.55,-80.18,Agelaius_phoeniceus_41.55_-80.18,monogamy,open,monogamy,monogamy,microsatellite,1,no,species_coordinates,13,14,23,64,biparental,biparental
191Liu2015,single-year,Agelaius_phoeniceus,red-winged_blackbird,monogamy,56,28.6,20,50,26.53,-78.53,no,microsatellite,2011,2011,1,NA,NA,single-year study,10,Agelaius_phoeniceus,Agelaius_phoeniceus,Agelaius_phoeniceus,Agelaius_phoeniceus,no_fam,no_fam,Pair,Pair,biparental,biparental,biparental,34.5,63.6,,55.4,72.1,56.4,0,0,0,0,0,0,NA,Poly,polygamy,Poly,0,CP,2,4,no,0,Clements_name,NA,3,4,0,Territorial,Strong,26.53,-78.53,Agelaius_phoeniceus_26.53_-78.53,monogamy,open,monogamy,monogamy,microsatellite,1,no,species_coordinates,10,10,16,40,biparental,biparental
121Westneat1993,total,Agelaius_phoeniceus,red-winged_blackbird,monogamy,235,24.7,68,41.2,42.5,-76.47,no,DNA_fingerprinting,1988,1989,2,April,June,no,10,Agelaius_phoeniceus,Agelaius_phoeniceus,Agelaius_phoeniceus,Agelaius_phoeniceus,no_fam,no_fam,Pair,Pair,biparental,biparental,biparental,34.5,63.6,,55.4,72.1,56.4,0,0,0,0,0,0,NA,Poly,polygamy,Poly,0,CP,2,4,no,0,Clements_name,NA,3,4,0,Territorial,Strong,42.5,-76.47,Agelaius_phoeniceus_42.5_-76.47,monogamy,open,monogamy,monogamy,DNA_fingerprinting,2,no,species_coordinates,28,40,58,177,biparental,biparental
361 Weatherhead1995,total,Agelaius_phoeniceus,red-winged_blackbird,monogamy,617,25.6,203,NA,44.52,-76.37,no,DNA_fingerprinting,1986,1991,6,April,June,no,10,Agelaius_phoeniceus,Agelaius_phoeniceus,Agelaius_phoeniceus,Agelaius_phoeniceus,no_fam,no_fam,Pair,Pair,biparental,biparental,biparental,34.5,63.6,,55.4,72.1,56.4,0,0,0,0,0,0,NA,Poly,polygamy,Poly,0,CP,2,4,no,0,Clements_name,NA,3,4,0,Territorial,Strong,44.52,-76.37,Agelaius_phoeniceus_44.52_-76.37,monogamy,open,monogamy,monogamy,DNA_fingerprinting,6,no,species_coordinates,NA,NA,158,459,biparental,biparental
152Gray1996,total,Agelaius_phoeniceus,red-winged_blackbird,monogamy,403,33.7,134,53.7,46.88,-119.25,no,DNA_fingerprinting,1990,1992,3,March,June,no,10,Agelaius_phoeniceus,Agelaius_phoeniceus,Agelaius_phoeniceus,Agelaius_phoeniceus,no_fam,no_fam,Pair,Pair,biparental,biparental,biparental,34.5,63.6,,55.4,72.1,56.4,0,0,0,0,0,0,NA,Poly,polygamy,Poly,0,CP,2,4,no,0,Clements_name,NA,3,4,0,Territorial,Strong,46.88,-119.25,Agelaius_phoeniceus_46.88_-119.25,monogamy,open,monogamy,monogamy,DNA_fingerprinting,3,no,species_coordinates,72,62,136,267,biparental,biparental
191Liu2015,total,Agelaius_xanthomus,yellow-shouldered_blackbird,monogamy,87,23,30,36.7,17.93,-67.1,yes,microsatellite,2012,2012,1,May,June,single-year study,11,Agelaius_xanthomus,Agelaius_xanthomus,Agelaius_xanthomus,Agelaius_xanthomus,no_fam,no_fam,Pair,Pair,biparental,biparental,biparental,32.7,38.3,,39.1,43.7,38.44,0,0,0,0,0,0,Mono,NA,monogamy,Mono,0,"PL,CV,CP",1,4,NA,NA,NA,NA,1,4,0,Territorial,Weak,17.93,-67.1,Agelaius_xanthomus_17.93_-67.1,monogamy,cavity,monogamy,monogamy,microsatellite,1,yes,species_coordinates,11,19,20,67,biparental,biparental
237Hutchinson2007,total,Alauda_arvensis,skylark,monogamy,171,20.5,52,26.9,51.17,-4.63,no,microsatellite,1997,2000,4,April,July,yes,12,Alauda_arvensis,Alauda_arvensis,Alauda_arvensis,Alauda_arvensis,no_fam,no_fam,Pair,Pair,biparental,biparental,biparental,17,47,,28,51,36.71666667,0,1,1,1,1,0,Mono,NA,monogamy,Mono,0,SC,1,7,no,0,Clements_name,NA,1,4,0,Territorial,Weak,51.17,-4.63,Alauda_arvensis_51.17_-4.63,monogamy,ground,monogamy,monogamy,microsatellite,4,no,species_coordinates,14,38,35,136,biparental,biparental
233Lifjeld2005,total,Alle_alle,little_auk,monogamy,26,0,26,0,77,15.37,no,microsatellite,2002,2002,1,June,August,single-year study,13,Alle_alle,Alle_alle,Alle_alle,Alle_alle,no_fam,no_fam,Pair,Pair,biparental,biparental,biparental,167,NA,,175,NA,170,1,0,0,0,0,0,Mono,NA,monogamy,Mono,0,"BU,CR",1,1,no,0,Clements_name,NA,0,4,0,Non-territorial,Strong,77,15.37,Alle_alle_77_15.37,monogamy,cavity,monogamy,monogamy,microsatellite,1,no,species_coordinates,0,26,0,26,biparental,biparental
266Wojczulanis-Jakubas2009,total,Alle_alle,little_auk,monogamy,62,3.2,64,3.1,77,15.55,no,microsatellite,2004,2006,3,June,July,no,13,Alle_alle,Alle_alle,Alle_alle,Alle_alle,no_fam,no_fam,Pair,Pair,biparental,biparental,biparental,167,NA,,175,NA,170,1,0,0,0,0,0,Mono,NA,monogamy,Mono,0,"BU,CR",1,1,no,0,Clements_name,NA,0,4,0,Non-territorial,Strong,77,15.55,Alle_alle_77_15.55,monogamy,cavity,monogamy,monogamy,microsatellite,3,no,species_coordinates,2,62,2,60,biparental,biparental
68Hill2005,total,Ammodramus_maritimus,seaside_sparrow,monogamy,47,10.6,18,16.7,32.77,-79.98,no,microsatellite,2000,2001,2,June,August,no,14,Ammodramus_maritimus,Ammodramus_maritimus,Ammospiza_maritima,Ammospiza_maritima,no_fam,no_fam,Pair,Pair,biparental,biparental,biparental,18.9,28.5,,19.1,30.4,24.225,0,0,0,0,0,0,Mono,NA,monogamy,Mono,0,CP,2,5,NA,NA,NA,NA,1,4,0,Territorial,Weak,32.77,-79.98,Ammodramus_maritimus_32.77_-79.98,monogamy,open,monogamy,monogamy,microsatellite,2,no,species_coordinates,3,15,5,42,biparental,biparental
232Kreisinger2010,total,Anas_platyrhynchos,mallard,monogamy,204,9.3,25,48,49.15,14.72,no,microsatellite,2004,2004,1,April,July,single-year study,15,Anas_platyrhynchos,Anas_platyrhynchos,Anas_platyrhynchos,Anas_platyrhynchos,no_fam,no_fam,Female only,Female only,uniparental,uniparental,uniparental,735,1320,,870,1800,1170.833333,0,0,1,0,0,0,Mono,Poly,mixed,MonoPoly,0,"CP,CV,O",4,18,NA,NA,NA,NA,1,4,0,Non-territorial,Weak,49.15,14.72,Anas_platyrhynchos_49.15_14.72,monogamy,cavity,monogamy,monogamy,microsatellite,1,no,species_coordinates,12,13,19,185,uniparental,uniparental
235Peters2003,total,Anas_strepera,gadwalls,monogamy,261,4.2,29,27.6,48.62,-99.08,no,microsatellite,1997,1997,1,May,August,single-year study,16,Anas_strepera,Anas_strepera,Mareca_strepera,Mareca_strepera,no_fam,no_fam,Female only,Female only,uniparental,uniparental,uniparental,550,980,,650,1250,857.5,0,0,1,0,0,0,Mono,NA,monogamy,Mono,0,SC,5,15,NA,NA,NA,NA,1,4,0,Non-territorial,Weak,48.62,-99.08,Anas_strepera_48.62_-99.08,monogamy,ground,monogamy,monogamy,microsatellite,1,no,species_coordinates,8,21,11,250,uniparental,uniparental
189Reyer1997,total,Anthus_spinoletta,water_pipit,monogamy,1052,5.2,258,12.4,46.78,9.85,no,DNA_fingerprinting,1990,1992,3,June,July,no,17,Anthus_spinoletta,Anthus_spinoletta,Anthus_spinoletta,Anthus_spinoletta,NA,no_fam,Pair,Pair,biparental,biparental,biparental,NA,NA,,NA,NA,21.35,0,0,1,1,0,0,Mono,Poly,mixed,MonoPoly,0,CP,4,6,NA,NA,NA,NA,1,4,0,Territorial,Strong,46.78,9.85,Anthus_spinoletta_46.78_9.85,monogamy,open,monogamy,monogamy,DNA_fingerprinting,3,no,species_coordinates,32,226,55,997,biparental,biparental
459Martins2002,total,Apus_apus,common_swift,monogamy,88,4.5,42,9.5,51.75,-1.25,yes,DNA_fingerprinting,1991,1992,2,May,June,no,18,Apus_apus,Apus_apus,Apus_apus,Apus_apus,no_fam,no_fam,Pair,Pair,biparental,biparental,biparental,NA,NA,,NA,NA,41.5,1,0,0,0,1,0,Mono,NA,monogamy,Mono,0,CP,1,4,NA,NA,NA,NA,1,3,0,Non-territorial,Strong,51.75,-1.25,Apus_apus_51.75_-1.25,monogamy,open,monogamy,monogamy,DNA_fingerprinting,2,yes,species_coordinates,4,38,4,84,biparental,biparental
210Rudnick2005,total,Aquila_heliaca,eastern_imperial_eagle,monogamy,166,0,86,0,53.48,63.62,no,microsatellite,1999,2002,4,April,August,no,19,Aquila_heliaca,Aquila_heliaca,Aquila_heliaca,Aquila_heliaca,family,family,Pair,Pair,biparental,biparental,biparental,3160,4530,,2450,2720,3215,0,0,0,0,1,0,Mono,NA,monogamy,Mono,0,CP,1,4,NA,NA,NA,NA,0,4,0,Territorial,Strong,53.48,63.62,Aquila_heliaca_53.48_63.62,monogamy,open,monogamy,monogamy,microsatellite,4,no,species_coordinates,0,86,0,166,biparental,biparental
74Miño2011b,total,Egretta_alba,great_egret,monogamy,50,0,25,0,NA,NA,no,microsatellite,2006,2008,3,September,January,no,20,Casmerodius_albus,Casmerodius_albus,Ardea_alba,Ardea_alba,no_fam,no_fam,Pair,Pair,biparental,biparental,biparental,812,883.3,,935,1048.3,1013.1,1,0,0,0,0,0,Mono,NA,monogamy,Mono,0,PL,1,6,NA,NA,NA,NA,0,4,0,Non-territorial,Weak,NA,NA,Egretta_alba_74Miño2011b,monogamy,open,monogamy,monogamy,microsatellite,3,no,species_study_id_missing_coordinates,0,25,0,50,biparental,biparental
230Marks1999,total,Asio_otus,long-eared_owl,monogamy,59,0,12,0,46.88,-114.12,no,DNA_fingerprinting,1997,1998,2,March,July,no,21,Asio_otus,Asio_otus,Asio_otus,Asio_otus,no_fam,no_fam,pair,Pair,biparental,biparental,biparental,252,435,,204,305,296.3333333,0,1,1,1,0,0,Mono,NA,monogamy,Mono,0,"CV,O",5,7,NA,NA,NA,NA,0,4,0,Territorial,Weak,46.88,-114.12,Asio_otus_46.88_-114.12,monogamy,cavity,monogamy,monogamy,DNA_fingerprinting,2,no,species_coordinates,0,12,0,59,biparental,biparental
430Rodriguez-Martínez2014,total,Athene_cunicularia,burrowing_owl,monogamy,121,1.7,68,1.5,-38.72,-62.27,no,microsatellite,2006,2012,7,November,February,no,22,Athene_cunicularia,Athene_cunicularia,Athene_cunicularia,Athene_cunicularia,no_fam,no_fam,pair,Pair,biparental,biparental,biparental,149.7,265,,110,285,193.2833333,1,0,0,0,0,0,Mono,Poly,mixed,MonoPoly,0,BU,6,11,NA,NA,NA,NA,1,3,0,Territorial,Weak,-38.72,-62.27,Athene_cunicularia_-38.72_-62.27,monogamy,cavity,monogamy,monogamy,microsatellite,7,no,species_coordinates,1,67,2,119,biparental,biparental
473Müller2001,total,Athene_noctua,little_owl,monogamy,53,0,16,0,51.27,6.37,yes,DNA_fingerprinting,1998,1999,2,March,June,no,23,Athene_noctua,Athene_noctua,Athene_noctua,Athene_noctua,no_fam,no_fam,Pair,Pair,biparental,biparental,biparental,166,206,,162,177,175,0,0,0,0,0,0,Mono,NA,monogamy,Mono,0,"SC,CV",3,6,NA,NA,NA,NA,0,4,0,Territorial,Weak,51.27,6.37,Athene_noctua_51.27_6.37,monogamy,cavity,monogamy,monogamy,DNA_fingerprinting,2,yes,species_coordinates,0,16,0,53,biparental,biparental
162Pravosudova2002,total,Baeolophus_bicolor,tufted_titmouse,monogamy,34,8.8,9,22.2,40,-82.88,yes,DNA_fingerprinting,1995,1998,4,May,June,no,24,Baeolophus_bicolor,Baeolophus_bicolor,Baeolophus_bicolor,Baeolophus_bicolor,coop_families,coop_families,Cooperation,Cooperation,cooperation,cooperation,cooperation,NA,NA,,NA,NA,21.8,0,0,0,1,0,0,Mono,NA,monogamy,Mono,2,CP,5,7,NA,NA,NA,NA,1,4,0,Territorial,Weak,40,-82.88,Baeolophus_bicolor_40_-82.88,monogamy,open,monogamy,monogamy,DNA_fingerprinting,4,yes,species_coordinates,2,7,3,31,NA,NA
10Casey2011,total,Bartramia_longicauda,upland_sandpiper,monogamy,177,18.1,56,30,39.08,-96.58,no,microsatellite,2003,2007,5,May,June,yes,25,Bartramia_longicauda,Bartramia_longicauda,Bartramia_longicauda,Bartramia_longicauda,no_fam,no_fam,Pair,Pair,biparental,biparental,biparental,127,218,,126,170,160.8333333,0,1,1,0,0,0,Mono,NA,monogamy,Mono,0,NA,2,5,NA,NA,NA,NA,1,4,1,Territorial,Strong,39.08,-96.58,Bartramia_longicauda_39.08_-96.58,monogamy,NA,monogamy,monogamy,microsatellite,5,no,species_coordinates,17,39,32,145,biparental,biparental
374Lemons2015,total,Branta_bernicla,black_brant,monogamy,374,5.6,NA,NA,61.25,-165.58,no,microsatellite,1996,2005,10,June,July,no,26,Branta_bernicla,Branta_bernicla,Branta_bernicla,Branta_bernicla,family,family,Pair,Pair,biparental,biparental,biparental,850,1770,,910,1810,1335,1,0,0,0,0,0,Mono,NA,monogamy,Mono,0,SC,1,10,NA,NA,NA,NA,1,4,0,Non-territorial,Strong,61.25,-165.58,Branta_bernicla_61.25_-165.58,monogamy,ground,monogamy,monogamy,microsatellite,10,no,species_coordinates,NA,NA,21,353,biparental,biparental
209Moore2012,total,Branta_canadensis,Canada_geese,monogamy,NA,NA,42,14.3,43,-84,no,microsatellite,2000,2002,3,March,June,yes,27,Branta_canadensis,Branta_canadensis,Branta_canadensis,Branta_canadensis,family,family,Pair,Pair,biparental,biparental,biparental,2640.1,5902,,3232.5,6265,4906.6,1,0,0,0,0,0,Mono,Poly,mixed,MonoPoly,0,SC,1,8,NA,NA,NA,NA,1,4,0,Non-territorial,Strong,43,-84,Branta_canadensis_43_-84,monogamy,ground,monogamy,monogamy,microsatellite,3,no,species_coordinates,6,36,NA,NA,biparental,biparental
408Choudhury1993,total,Branta_leucopsis,barnacle_goose,monogamy,16,0,9,0,78.92,11.9,no,DNA_fingerprinting,1989,1989,1,June,July,single-year study,28,Branta_leucopsis,Branta_leucopsis,Branta_leucopsis,Branta_leucopsis,family,family,Pair,Pair,biparental,biparental,biparental,1210,1950,,1350,2230,1685,1,0,0,0,0,0,Mono,Poly,mixed,MonoPoly,0,SC,2,9,NA,NA,NA,NA,1,4,0,Non-territorial,Strong,78.92,11.9,Branta_leucopsis_78.92_11.9,monogamy,ground,monogamy,monogamy,DNA_fingerprinting,1,no,species_coordinates,0,9,0,16,biparental,biparental
254Larsson1995,total,Branta_leucopsis,barnacle_goose,monogamy,137,0,63,0,57.28,18.75,no,DNA_fingerprinting,1989,1991,3,May,July,yes,28,Branta_leucopsis,Branta_leucopsis,Branta_leucopsis,Branta_leucopsis,family,family,Pair,Pair,biparental,biparental,biparental,1210,1950,,1350,2230,1685,1,0,0,0,0,0,Mono,Poly,mixed,MonoPoly,0,SC,2,9,NA,NA,NA,NA,1,4,0,Non-territorial,Strong,57.28,18.75,Branta_leucopsis_57.28_18.75,monogamy,ground,monogamy,monogamy,DNA_fingerprinting,3,no,species_coordinates,0,63,0,137,biparental,biparental
278Woolaver2013,total,Buteo_ridgwayi,Ridgway’s_hawk,monogamy,79,0,41,0,19,-70,no,microsatellite,2005,2009,5,January,April,no,29,Buteo_ridgwayi,Buteo_ridgwayi,Buteo_ridgwayi,Buteo_ridgwayi,NA,NA,Pair,Pair,biparental,biparental,biparental,352,450,,286,323,352.75,0,0,0,1,0,0,Mono,NA,monogamy,Mono,3,PL,2,2,no,0,Clements_name,NA,0,4,0,Territorial,Weak,19,-70,Buteo_ridgwayi_19_-70,monogamy,open,monogamy,monogamy,microsatellite,5,no,species_coordinates,0,41,0,79,biparental,biparental
109Briggs2012,total,Buteo_swainsoni,Swainson’s_hawk,monogamy,56,5.4,27,7.4,41.82,-122,no,microsatellite,2008,2010,3,May,August,no,30,Buteo_swainsoni,Buteo_swainsoni,Buteo_swainsoni,Buteo_swainsoni,no_fam,no_fam,nk-coop,nk-coop,nk_cooperation,nk_cooperation,nk_cooperation,590,1367,,540,936,847.1666667,0,0,0,0,1,0,NA,NA,NA,NA,3,CP,1,4,NA,NA,NA,NA,1,4,0,Territorial,Strong,41.82,-122,Buteo_swainsoni_41.82_-122,monogamy,open,monogamy,monogamy,microsatellite,3,no,species_coordinates,2,25,3,53,NA,NA
680Chaine2008,total,Calamospiza_melanocorys,lark_bunting,monogamy,455,25.1,153,52.3,41.35,-104.08,no,microsatellite,1996,1998,3,May,August,no,31,Calamospiza_melanocorys,Calamospiza_melanocorys,Calamospiza_melanocorys,Calamospiza_melanocorys,no_fam,no_fam,nk-coop,nk-coop,nk_cooperation,nk_cooperation,nk_cooperation,31.8,39.4,,36.9,42.3,38.56666667,0,0,0,0,0,0,Mono,Poly,mixed,MonoPoly,1,CP,2,6,NA,NA,NA,NA,2,4,0,Territorial,Strong,41.35,-104.08,Calamospiza_melanocorys_41.35_-104.08,monogamy,open,monogamy,monogamy,microsatellite,3,no,species_coordinates,80,73,114,341,NA,NA
229Reneerkens2014,total,Calidris_alba,sanderling,monogamy,342,2,48,6.2,74.5,-21,no,microsatellite,2003,2011,9,May,July,yes,32,Calidris_alba,Calidris_alba,Calidris_alba,Calidris_alba,no_fam,no_fam,Pair,Pair,biparental,biparental,biparental,51.3,66.4,,47.3,61,61,0,1,0,1,0,0,Mono,Poly,mixed,MonoPoly,0,CP,3,4,no,0,Clements_name,NA,2,4,1,Non-territorial,Strong,74.5,-21,Calidris_alba_74.5_-21,monogamy,open,monogamy,monogamy,microsatellite,9,no,species_coordinates,3,45,7,335,biparental,biparental
155Pierce1998,total,Calidris_maritima,purple_sandpiper,monogamy,82,1.2,27,3.7,78.22,15.58,no,DNA_fingerprinting,1994,1995,2,May,July,no,33,Calidris_maritima,Calidris_maritima,Calidris_maritima,Calidris_maritima,no_fam,no_fam,Pair,Pair,biparental,biparental,biparental,60,105,,52,95,76.66666667,0,0,0,0,1,0,Mono,NA,monogamy,Mono,0,SC,3,4,NA,NA,NA,NA,0,4,0,Territorial,Strong,78.22,15.58,Calidris_maritima_78.22_15.58,monogamy,ground,monogamy,monogamy,DNA_fingerprinting,2,no,species_coordinates,1,26,1,81,biparental,biparental
114Blomqvist2002,total,Calidris_mauri,western_sandpiper,monogamy,61,6.6,25,8,64.33,-164.93,no,DNA_fingerprinting,1996,1996,1,May,June,single-year study,34,Calidris_mauri,Calidris_mauri,Calidris_mauri,Calidris_mauri,no_fam,no_fam,Pair,Pair,biparental,biparental,biparental,23.3,29.1,,18,42,28.23333333,0,0,0,0,0,0,Mono,NA,monogamy,Mono,0,SC,3,5,NA,NA,NA,NA,1,4,0,Territorial,Strong,64.33,-164.93,Calidris_mauri_64.33_-164.93,monogamy,ground,monogamy,monogamy,DNA_fingerprinting,1,no,species_coordinates,2,23,4,57,biparental,biparental
60Davis2017,total,Callipepla_squamata,scaled_quail,monogamy,NA,NA,22,9.1,36,-100,no,microsatellite,2013,2014,2,May,August,no,35,Callipepla_squamata,Callipepla_squamata,Callipepla_squamata,Callipepla_squamata,NA,family,Pair,Pair,biparental,biparental,biparental,177,218,,191,234,195.5,1,1,0,0,0,0,NA,NA,NA,NA,0,NA,3,16,NA,NA,NA,NA,0,4,0,Territorial,Weak,36,-100,Callipepla_squamata_36_-100,monogamy,NA,monogamy,monogamy,microsatellite,2,no,species_coordinates,2,20,NA,NA,biparental,biparental
213Bried2010,total,Calonectris_diomedea,Cory’s_shearwater,monogamy,69,11.6,44,18.2,36.92,-25.17,no,microsatellite,2002,2003,2,March,October,yes,36,Calonectris_diomedea,Calonectris_diomedea,Calonectris_diomedea,Calonectris_diomedea,no_fam,no_fam,Pair,Pair,biparental,biparental,biparental,810,NA,,880,NA,707,1,0,0,0,0,0,Mono,NA,monogamy,Mono,0,"BU,CR",1,1,NA,NA,NA,NA,1,4,0,Non-territorial,Strong,36.92,-25.17,Calonectris_diomedea_36.92_-25.17,monogamy,cavity,monogamy,monogamy,microsatellite,2,no,species_coordinates,8,36,8,61,biparental,biparental
106Rabouam2000,total,Calonectris_diomedea,Cory’s_shearwater,monogamy,34,0,22,0,42,9,no,DNA_fingerprinting,1994,1996,3,March,October,no,36,Calonectris_diomedea,Calonectris_diomedea,Calonectris_diomedea,Calonectris_diomedea,no_fam,no_fam,Pair,Pair,biparental,biparental,biparental,810,NA,,880,NA,707,1,0,0,0,0,0,Mono,NA,monogamy,Mono,0,"BU,CR",1,1,NA,NA,NA,NA,1,4,0,Non-territorial,Strong,42,9,Calonectris_diomedea_42_9,monogamy,cavity,monogamy,monogamy,DNA_fingerprinting,3,no,species_coordinates,0,22,0,34,biparental,biparental
207Swatschek1994,total,Calonectris_diomedea,Cory’s_shearwater,monogamy,46,0,29,0,35,24,no,DNA_fingerprinting,1989,1993,5,March,October,no,36,Calonectris_diomedea,Calonectris_diomedea,Calonectris_diomedea,Calonectris_diomedea,no_fam,no_fam,Pair,Pair,biparental,biparental,biparental,810,NA,,880,NA,707,1,0,0,0,0,0,Mono,NA,monogamy,Mono,0,"BU,CR",1,1,NA,NA,NA,NA,1,4,0,Non-territorial,Strong,35,24,Calonectris_diomedea_35_24,monogamy,cavity,monogamy,monogamy,DNA_fingerprinting,5,no,species_coordinates,0,29,0,46,biparental,biparental
174Ritchison1994,total,Cardinalis_cardinalis,Northern_cardinal,monogamy,37,13.5,19,15.8,37.65,-84.12,no,DNA_fingerprinting,1992,1992,1,April,August,single-year study,37,Cardinalis_cardinalis,Cardinalis_cardinalis,Cardinalis_cardinalis,Cardinalis_cardinalis,no_fam,no_fam,pair,Pair,biparental,biparental,biparental,27.7,64.9,,33.6,52.3,44.63333333,0,1,1,1,0,0,Mono,Poly,mixed,MonoPoly,3,CP,1,5,NA,NA,NA,NA,1,4,0,Territorial,Weak,37.65,-84.12,Cardinalis_cardinalis_37.65_-84.12,monogamy,open,monogamy,monogamy,DNA_fingerprinting,1,no,species_coordinates,3,16,5,32,biparental,biparental
212Bonlokke-Pedersen2002,total,Carduelis_cannabina,Eurasian_linnet,monogamy,106,3.8,22,9.1,56.5,10.83,no,microsatellite,1998,1999,2,April,August,yes,38,Carduelis_cannabina,Carduelis_cannabina,Linaria_cannabina,Linaria_cannabina,no_fam,no_fam,Pair,Pair,biparental,biparental,biparental,15.1,22.8,,15.9,25.7,20.08333333,1,1,1,0,1,0,Mono,Poly,mixed,MonoPoly,0,CP,4,6,NA,NA,NA,NA,1,4,0,Territorial,Weak,56.5,10.83,Carduelis_cannabina_56.5_10.83,monogamy,open,monogamy,monogamy,microsatellite,2,no,species_coordinates,2,20,4,102,biparental,biparental
172Gissing1998,total,Carduelis_tristis,American_goldfinch,monogamy,70,14.3,15,26.7,43.53,-80.23,no,DNA_fingerprinting,1992,1992,1,June,NA,single-year study,39,Carduelis_tristis,Carduelis_tristis,Spinus_tristis,Spinus_tristis,no_fam,no_fam,Pair,Pair,biparental,biparental,biparental,10,15.6,,9.7,16.5,12.95,0,0,0,0,0,0,Mono,Poly,mixed,MonoPoly,0,CP,2,7,no,0,Clements_name,NA,2,4,0,Territorial,Weak,43.53,-80.23,Carduelis_tristis_43.53_-80.23,monogamy,open,monogamy,monogamy,DNA_fingerprinting,1,no,species_coordinates,4,11,10,60,biparental,biparental
215Winternitz2015,total,Carpodacus_erythrinus,scarlet_rosefinch,monogamy,496,16.1,116,26.7,48.82,13.93,no,microsatellite,2000,2009,10,May,July,no,40,Carpodacus_erythrinus,Carpodacus_erythrinus,Carpodacus_erythrinus,Carpodacus_erythrinus,NA,no_fam,pair,Pair,biparental,biparental,biparental,19,33,,19.1,32,25.85,1,1,1,1,1,0,Mono,Poly,mixed,MonoPoly,3,CP,4,6,no,0,Clements_name,NA,1,4,0,Territorial,Strong,48.82,13.93,Carpodacus_erythrinus_48.82_13.93,monogamy,open,monogamy,monogamy,microsatellite,10,no,species_coordinates,31,85,80,416,biparental,biparental
159Lindstedt2007,total,Carpodacus_mexicanus,house_finch,monogamy,212,9,59,15.3,46.85,-114.02,no,microsatellite,1995,2004,10,March,August,no,41,Carpodacus_mexicanus,Carpodacus_mexicanus,Haemorhous_mexicanus,Haemorhous_mexicanus,no_fam,no_fam,Pair,Pair,biparental,biparental,biparental,21.4,NA,,21,NA,21.725,0,0,0,0,0,0,NA,NA,NA,NA,0,CP,2,7,NA,NA,NA,NA,1,4,0,Territorial,Weak,46.85,-114.02,Carpodacus_mexicanus_46.85_-114.02,monogamy,open,monogamy,monogamy,microsatellite,10,no,species_coordinates,9,50,19,193,biparental,biparental
170Hill1994,total,Carpodacus_mexicanus,house_finch,monogamy,119,8.4,35,14.3,42.27,-83.73,no,DNA_fingerprinting,1991,1991,1,February,July,single-year study,41,Carpodacus_mexicanus,Carpodacus_mexicanus,Haemorhous_mexicanus,Haemorhous_mexicanus,no_fam,no_fam,Pair,Pair,biparental,biparental,biparental,21.4,NA,,21,NA,21.725,0,0,0,0,0,0,NA,NA,NA,NA,0,CP,2,7,NA,NA,NA,NA,1,4,0,Territorial,Weak,42.27,-83.73,Carpodacus_mexicanus_42.27_-83.73,monogamy,open,monogamy,monogamy,DNA_fingerprinting,1,no,species_coordinates,5,30,10,109,biparental,biparental
89Millar1994,total,Catharacta_lonnbergi,brown_skua,monogamy,45,0,16,0,-43.8,-176.5,no,DNA_fingerprinting,1987,1991,5,November,January,no,42,Catharacta_lonnbergi,Catharacta_lonnbergi,Stercorarius_antarcticus,Stercorarius_antarcticus,no_fam,no_fam,nk-coop,nk-coop,nk_cooperation,nk_cooperation,nk_cooperation,1550,1800,,1300,1600,1591.666667,1,0,1,1,0,0,NA,NA,NA,NA,0,SC,2,2,NA,NA,NA,NA,2,4,0,Non-territorial,Strong,-43.8,-176.5,Catharacta_lonnbergi_-43.8_-176.5,monogamy,ground,monogamy,monogamy,DNA_fingerprinting,5,no,species_coordinates,0,16,0,45,NA,NA
65Millar1997,total,Catharacta_maccormicki,south_polar_skua,monogamy,14,7.1,13,7.7,-77.52,167.77,no,DNA_fingerprinting,1988,1989,2,December,February,single-year study,43,Catharacta_maccormicki,Catharacta_maccormicki,Stercorarius_maccormicki,Stercorarius_maccormicki,no_fam,no_fam,Pair,Pair,biparental,biparental,biparental,1280,1550,,1120,1440,1315,1,1,0,0,0,0,NA,NA,NA,NA,0,SC,1,2,NA,NA,NA,NA,1,4,0,Non-territorial,Strong,-77.52,167.77,Catharacta_maccormicki_-77.52_167.77,monogamy,ground,monogamy,monogamy,DNA_fingerprinting,2,no,species_coordinates,1,12,1,13,biparental,biparental
173Maurer2011,total,Centropus_phasianinus,pheasant_coucal,monogamy,59,18.6,21,47.6,-12.43,131,no,microsatellite,2003,2006,4,November,March,no,44,Centropus_phasianinus,Centropus_phasianinus,Centropus_phasianinus,Centropus_phasianinus,family,family,Pair,Pair,biparental,biparental,biparental,242,520,,200,364,331.5,0,0,0,0,0,0,NA,NA,NA,NA,0,DM,3,5,no,0,Clements_name,NA,1,4,0,Territorial,Weak,-12.43,131,Centropus_phasianinus_-12.43_131,monogamy,ground,monogamy,monogamy,microsatellite,4,no,species_coordinates,10,11,11,48,biparental,biparental
439Anker-Nilssen2010,total,Cepphus_grylle,black_guillemot,monogamy,46,0,32,0,67.43,11.88,no,microsatellite,2000,2007,8,June,July,no,45,Cepphus_grylle,Cepphus_grylle,Cepphus_grylle,Cepphus_grylle,no_fam,no_fam,Pair,Pair,biparental,biparental,biparental,380.1,450,,376.1,550,421.8666667,1,0,0,1,1,0,Mono,NA,monogamy,Mono,0,"CR,CV,SC",1,2,NA,NA,NA,NA,0,4,0,Non-territorial,Strong,67.43,11.88,Cepphus_grylle_67.43_11.88,monogamy,cavity,monogamy,monogamy,microsatellite,8,no,species_coordinates,0,32,0,46,biparental,biparental
378Fleischer1997,total,Cercomacra_tyrannina,dusky_antbird,monogamy,15,0,9,0,9.12,-79.7,no,DNA_fingerprinting,1993,1994,2,April,September,no,46,Cercomacra_tyrannina,Cercomacra_tyrannina,Cercomacroides_tyrannina,Cercomacroides_tyrannina,family,family,Pair,Pair,biparental,biparental,biparental,18,NA,,17,NA,16.5,0,0,1,1,0,0,NA,NA,NA,NA,0,PN,2,2,NA,NA,NA,NA,0,4,0,Territorial,Weak,9.12,-79.7,Cercomacra_tyrannina_9.12_-79.7,monogamy,other_enclosed,monogamy,monogamy,DNA_fingerprinting,2,no,species_coordinates,0,9,0,15,biparental,biparental
247Maher2017,total,Charadrius_alexandrinus,kentish_plover,monogamy,46,0,19,0,38.4,-26.96,no,microsatellite,2009,2012,4,NA,NA,no,47,Charadrius_alexandrinus,Charadrius_alexandrinus,Anarhynchus_alexandrinus,Anarhynchus_alexandrinus,no_fam,no_fam,Pair,Pair,biparental,biparental,biparental,51.6,NA,,49.3,NA,47.725,0,0,0,1,1,0,Mono,Poly,mixed,MonoPoly,0,SC,2,3,no,0,Scientific_name_amended,NA,2,4,0,Territorial,Weak,38.4,-26.96,Charadrius_alexandrinus_38.4_-26.96,monogamy,ground,monogamy,monogamy,microsatellite,4,no,species_coordinates,0,19,0,46,biparental,biparental
247Maher2017,total,Charadrius_alexandrinus,kentish_plover,monogamy,120,0.8,63,1.6,15.9,-23.98,no,microsatellite,2007,2013,7,October,November,no,47,Charadrius_alexandrinus,Charadrius_alexandrinus,Anarhynchus_alexandrinus,Anarhynchus_alexandrinus,no_fam,no_fam,Pair,Pair,biparental,biparental,biparental,51.6,NA,,49.3,NA,47.725,0,0,0,1,1,0,Mono,Poly,mixed,MonoPoly,0,SC,2,3,no,0,Scientific_name_amended,NA,2,4,0,Territorial,Weak,15.9,-23.98,Charadrius_alexandrinus_15.9_-23.98,monogamy,ground,monogamy,monogamy,microsatellite,7,no,species_coordinates,1,62,1,119,biparental,biparental
247Maher2017,total,Charadrius_alexandrinus,kentish_plover,monogamy,184,1.6,73,4.1,36.72,35.05,no,microsatellite,1998,1999,2,May,June,no,47,Charadrius_alexandrinus,Charadrius_alexandrinus,Anarhynchus_alexandrinus,Anarhynchus_alexandrinus,no_fam,no_fam,Pair,Pair,biparental,biparental,biparental,51.6,NA,,49.3,NA,47.725,0,0,0,1,1,0,Mono,Poly,mixed,MonoPoly,0,SC,2,3,no,0,Scientific_name_amended,NA,2,4,0,Territorial,Weak,36.72,35.05,Charadrius_alexandrinus_36.72_35.05,monogamy,ground,monogamy,monogamy,microsatellite,2,no,species_coordinates,3,70,3,181,biparental,biparental
247Maher2017,total,Charadrius_alexandrinus,kentish_plover,monogamy,19,0,12,0,16.8,41.88,no,microsatellite,2011,2011,1,April,July,single-year study,47,Charadrius_alexandrinus,Charadrius_alexandrinus,Anarhynchus_alexandrinus,Anarhynchus_alexandrinus,no_fam,no_fam,Pair,Pair,biparental,biparental,biparental,51.6,NA,,49.3,NA,47.725,0,0,0,1,1,0,Mono,Poly,mixed,MonoPoly,0,SC,2,3,no,0,Scientific_name_amended,NA,2,4,0,Territorial,Weak,16.8,41.88,Charadrius_alexandrinus_16.8_41.88,monogamy,ground,monogamy,monogamy,microsatellite,1,no,species_coordinates,0,12,0,19,biparental,biparental
247Maher2017,total,Charadrius_alexandrinus,kentish_plover,monogamy,57,0,28,0,24.27,54.6,no,microsatellite,2005,2006,2,March,July,no,47,Charadrius_alexandrinus,Charadrius_alexandrinus,Anarhynchus_alexandrinus,Anarhynchus_alexandrinus,no_fam,no_fam,Pair,Pair,biparental,biparental,biparental,51.6,NA,,49.3,NA,47.725,0,0,0,1,1,0,Mono,Poly,mixed,MonoPoly,0,SC,2,3,no,0,Scientific_name_amended,NA,2,4,0,Territorial,Weak,24.27,54.6,Charadrius_alexandrinus_24.27_54.6,monogamy,ground,monogamy,monogamy,microsatellite,2,no,species_coordinates,0,28,0,57,biparental,biparental
247Maher2017,total,Charadrius_falklandicus,two-banded_plover,monogamy,15,0,6,0,-52.43,-59.08,no,microsatellite,2005,2008,4,September,February,no,48,Charadrius_falklandicus,Charadrius_falklandicus,Anarhynchus_falklandicus,Anarhynchus_falklandicus,no_fam,no_fam,NA,Pair,NA,NA,NA,NA,NA,,NA,NA,67,0,0,0,0,1,0,NA,NA,NA,NA,0,NA,2,4,NA,NA,NA,NA,0,4,0,Territorial,Strong,-52.43,-59.08,Charadrius_falklandicus_-52.43_-59.08,monogamy,NA,monogamy,monogamy,microsatellite,4,no,species_coordinates,0,6,0,15,NA,NA
238Wallander2001,total,Charadrius_hiaticula,ringed_plover,monogamy,50,0,18,0,57.13,12.21,no,DNA_fingerprinting,1995,1997,3,April,July,no,49,Charadrius_hiaticula,Charadrius_hiaticula,Charadrius_hiaticula,Charadrius_hiaticula,no_fam,no_fam,pair,Pair,biparental,biparental,biparental,55.4,74.5,,57.6,72,63.25,0,0,0,0,1,0,Mono,NA,monogamy,Mono,0,SC,3,4,NA,NA,NA,NA,0,4,0,Territorial,Weak,57.13,12.21,Charadrius_hiaticula_57.13_12.21,monogamy,ground,monogamy,monogamy,DNA_fingerprinting,3,no,species_coordinates,0,18,0,50,biparental,biparental
247Maher2017,total,Charadrius_marginatus,white-fronted_plover,monogamy,17,0,10,0,-24.05,43.73,no,microsatellite,2006,2013,8,August,December,no,50,Charadrius_marginatus,Charadrius_marginatus,Anarhynchus_marginatus,Anarhynchus_marginatus,NA,no_fam,Pair,Pair,biparental,biparental,biparental,46.8,NA,,45.4,NA,43.55,0,0,0,0,1,0,Mono,NA,monogamy,Mono,0,SC,1,4,NA,NA,NA,NA,0,4,0,Territorial,Weak,-24.05,43.73,Charadrius_marginatus_-24.05_43.73,monogamy,ground,monogamy,monogamy,microsatellite,8,no,species_coordinates,0,10,0,17,biparental,biparental
247Maher2017,total,Charadrius_modestus,rufous-chested_dotterel,monogamy,14,0,8,0,-52.43,-59.08,no,microsatellite,2005,2008,4,September,December,no,51,Charadrius_modestus,Charadrius_modestus,Zonibyx_modestus,Zonibyx_modestus,NA,NA,Pair,Pair,biparental,biparental,biparental,78,88.7,,77,87.9,82.76666667,0,1,0,0,0,0,Mono,NA,monogamy,Mono,0,CP,2,3,NA,NA,NA,NA,0,4,0,Territorial,Strong,-52.43,-59.08,Charadrius_modestus_-52.43_-59.08,monogamy,open,monogamy,monogamy,microsatellite,4,no,species_coordinates,0,8,0,14,biparental,biparental
247Maher2017,total,Charadrius_nivosus,snowy_plover,monogamy,201,0,93,0,20,-100,no,microsatellite,2006,2010,5,March,June,no,52,Charadrius_alexandrinus,Charadrius_alexandrinus,Anarhynchus_alexandrinus,Anarhynchus_alexandrinus,no_fam,no_fam,Pair,Pair,biparental,biparental,biparental,51.6,NA,,49.3,NA,47.725,0,0,0,1,1,0,Mono,Poly,mixed,MonoPoly,0,SC,2,3,no,0,Scientific_name_amended,NA,2,4,0,Territorial,Weak,20,-100,Charadrius_nivosus_20_-100,monogamy,ground,monogamy,monogamy,microsatellite,5,no,species_coordinates,0,93,0,201,biparental,biparental
247Maher2017,total,Charadrius_pecuarius,Kittlitz’s_plover,monogamy,18,0,15,0,-22.03,43.65,no,microsatellite,2006,2013,8,July,November,no,53,Charadrius_pecuarius,Charadrius_pecuarius,Anarhynchus_pecuarius,Anarhynchus_pecuarius,NA,no_fam,Pair,Pair,biparental,biparental,biparental,34,54,,26,34.5,36.91666667,1,1,0,0,1,0,Mono,NA,monogamy,Mono,0,SC,1,3,NA,NA,NA,NA,1,3,0,Territorial,Weak,-22.03,43.65,Charadrius_pecuarius_-22.03_43.65,monogamy,ground,monogamy,monogamy,microsatellite,8,no,species_coordinates,0,15,0,18,biparental,biparental
247Maher2017,total,Charadrius_ruficapillus,red-capped_plover,monogamy,7,0,4,0,-37.88,144.78,no,microsatellite,2010,2014,5,August,January,no,54,Charadrius_ruficapillus,Charadrius_ruficapillus,Anarhynchus_ruficapillus,Anarhynchus_ruficapillus,NA,NA,Pair,Pair,biparental,biparental,biparental,35.2,NA,,NA,NA,38.73333333,1,1,1,1,1,0,NA,NA,NA,NA,0,SC,2,2,NA,NA,NA,NA,0,4,0,Territorial,Weak,-37.88,144.78,Charadrius_ruficapillus_-37.88_144.78,monogamy,ground,monogamy,monogamy,microsatellite,5,no,species_coordinates,0,4,0,7,biparental,biparental
479Zharikov2000,total,Charadrius_semipalmatus,semipalmated_plover,monogamy,85,4.7,24,4.2,58.75,-95.07,no,DNA_fingerprinting,1996,1997,2,June,July,yes,55,Charadrius_semipalmatus,Charadrius_semipalmatus,Charadrius_semipalmatus,Charadrius_semipalmatus,no_fam,no_fam,Pair,Pair,biparental,biparental,biparental,39.2,56.5,,37.6,57.4,50.41666667,0,1,0,0,1,0,Mono,NA,monogamy,Mono,0,SC,2,5,no,0,Clements_name,NA,1,3,0,Territorial,Strong,58.75,-95.07,Charadrius_semipalmatus_58.75_-95.07,monogamy,ground,monogamy,monogamy,DNA_fingerprinting,2,no,species_coordinates,1,23,4,81,biparental,biparental
247Maher2017,total,Charadrius_thoracicus,madagascar_plover,monogamy,20,0,12,0,-20,46,no,microsatellite,2009,2013,5,August,December,no,56,Charadrius_thoracicus,Charadrius_thoracicus,Anarhynchus_thoracicus,Anarhynchus_thoracicus,NA,NA,NA,Pair,NA,NA,NA,28,43.5,,29.8,42,30.96,0,0,0,0,0,0,NA,NA,NA,NA,0,NA,1,2,NA,NA,NA,NA,0,4,0,Territorial,Weak,-20,46,Charadrius_thoracicus_-20_46,monogamy,NA,monogamy,monogamy,microsatellite,5,no,species_coordinates,0,12,0,20,NA,NA
367Dunn1999,total,Chen_caerulescens,lesser_snow_goose,monogamy,80,5,23,13,67.23,-100.27,no,DNA_fingerprinting,1995,1995,1,June,July,single-year study,57,Chen_caerulescens,Chen_caerulescens,Anser_caerulescens,Anser_caerulescens,family,family,Pair,Pair,biparental,biparental,biparental,1606,3065,,1773,3800,2561,1,1,1,1,0,0,Mono,NA,monogamy,Mono,3,SC,2,6,NA,NA,NA,NA,2,4,0,Non-territorial,Strong,67.23,-100.27,Chen_caerulescens_67.23_-100.27,monogamy,ground,monogamy,monogamy,DNA_fingerprinting,1,no,species_coordinates,3,20,4,76,biparental,biparental
367Dunn1999,total,Chen_rossii,Ross’s_goose,monogamy,83,2.4,24,8.3,67.23,-100.27,no,DNA_fingerprinting,1995,1995,1,June,July,single-year study,58,Chen_rossii,Chen_rossii,Anser_rossii,Anser_rossii,family,family,Pair,Pair,biparental,biparental,biparental,860,2040,,1134,2020,1513.5,1,0,0,0,0,0,Mono,Poly,mixed,MonoPoly,0,M,2,8,NA,NA,NA,NA,2,4,0,Non-territorial,Strong,67.23,-100.27,Chen_rossii_67.23_-100.27,monogamy,ground,monogamy,monogamy,DNA_fingerprinting,1,no,species_coordinates,2,22,2,81,biparental,biparental
366Minias2014,total,Chlidonias_hybrida,whiskered_tern,monogamy,37,8.1,17,11.8,51.73,18.63,no,microsatellite,2012,2012,1,May,August,single-year study,59,Chlidonias_hybrida,Chlidonias_hybrida,Chlidonias_hybrida,Chlidonias_hybrida,NA,no_fam,Pair,Pair,biparental,biparental,biparental,60,96,,80,110,84.5,1,0,0,0,0,0,Mono,NA,monogamy,Mono,0,"O,PL",2,3,NA,NA,NA,NA,1,4,0,Non-territorial,Strong,51.73,18.63,Chlidonias_hybrida_51.73_18.63,monogamy,open,monogamy,monogamy,microsatellite,1,no,species_coordinates,2,15,3,34,biparental,biparental
482Shealer2014,total,Chlidonias_niger,North_American_black_tern,monogamy,28,0,11,0,43.45,-88.92,no,microsatellite,2003,2008,6,May,July,no,60,Chlidonias_niger,Chlidonias_niger,Chlidonias_niger,Chlidonias_niger,NA,NA,Pair,Pair,biparental,biparental,biparental,NA,NA,,NA,NA,73.15,1,0,0,0,0,0,Mono,NA,monogamy,Mono,0,PL,2,3,NA,NA,NA,NA,0,4,0,Non-territorial,Strong,43.45,-88.92,Chlidonias_niger_43.45_-88.92,monogamy,open,monogamy,monogamy,microsatellite,6,no,species_coordinates,0,11,0,28,biparental,biparental
410Turjeman2016,total,Ciconia_ciconia,white_stork,monogamy,NA,NA,145,26.9,44,5,no,microsatellite,2012,2012,1,NA,NA,single-year study,61,Ciconia_ciconia,Ciconia_ciconia,Ciconia_ciconia,Ciconia_ciconia,NA,NA,pair,Pair,biparental,biparental,biparental,2275,3900,,2610,4400,3310,1,0,0,0,1,0,NA,Poly,polygamy,Poly,0,PL,1,7,NA,NA,NA,NA,2,4,0,Non-territorial,Strong,44,5,Ciconia_ciconia_44_5,monogamy,open,monogamy,monogamy,microsatellite,1,no,species_coordinates,39,106,NA,NA,biparental,biparental
449Øigarden2010,total,Cinclus_cinclus,white-throated_dipper,monogamy,185,1.6,40,5,60.38,10.52,yes,microsatellite,1998,1998,1,April,June,single-year study,62,Cinclus_cinclus,Cinclus_cinclus,Cinclus_cinclus,Cinclus_cinclus,no_fam,no_fam,Pair,Pair,biparental,biparental,biparental,46,72,,53,81,59.66666667,0,0,0,0,0,0,Mono,Poly,mixed,MonoPoly,0,"SP,CR",3,6,NA,NA,NA,NA,2,4,0,Territorial,Weak,60.38,10.52,Cinclus_cinclus_60.38_10.52,monogamy,cavity,monogamy,monogamy,microsatellite,1,yes,species_coordinates,2,38,3,182,biparental,biparental
392 Rutkowski2015,total,Circus_pygargus,Montagu’s_harrier,monogamy,32,3.1,10,10,52,22,no,other,2007,2011,5,May,August,no,63,Circus_pygargus,Circus_pygargus,Circus_pygargus,Circus_pygargus,no_fam,no_fam,pair,Pair,biparental,biparental,biparental,254,445,,227,305,307.75,1,1,0,0,1,0,Mono,Poly,mixed,MonoPoly,0,PL,1,6,NA,NA,NA,NA,2,4,0,Non-territorial,Strong,52,22,Circus_pygargus_52_22,monogamy,open,monogamy,monogamy,mixed_other,5,no,species_coordinates,1,9,1,31,biparental,biparental
252Wiebe2009,total,Colaptes_auratus,Northern_flicker,polyandry,326,0,46,0,51.87,-122.03,no,microsatellite,2001,2007,7,April,July,no,64,Colaptes_auratus,Colaptes_auratus,Colaptes_auratus,Colaptes_auratus,NA,no_fam,Pair,Pair,biparental,biparental,biparental,106,164,,114,160,136.1666667,0,1,1,0,0,0,Mono,Poly,mixed,MonoPoly,0,CV,3,17,no,0,Clements_name,NA,0,4,0,Territorial,Weak,51.87,-122.03,Colaptes_auratus_51.87_-122.03,polygamy,cavity,polygamy,polygamy,microsatellite,7,no,species_coordinates,0,46,0,326,biparental,biparental
60Davis2017,total,Colinus_virginianus,Northern_bobwhite,monogamy,NA,NA,34,85.3,36,-100,no,microsatellite,2013,2014,2,April,September,no,65,Colinus_virginianus,Colinus_virginianus,Colinus_virginianus,Colinus_virginianus,family,family,Pair,Pair,biparental,biparental,biparental,164,240,,155,255,196.0166667,0,1,0,0,0,0,Mono,Poly,mixed,MonoPoly,0,SC,10,15,NA,NA,NA,NA,3,4,0,Territorial,Weak,36,-100,Colinus_virginianus_36_-100,monogamy,ground,monogamy,monogamy,microsatellite,2,no,species_coordinates,29,5,NA,NA,biparental,biparental
34Sánchez-Tójar2015,total,Coracias_garrulus,European_roller,monogamy,169,1.2,49,4.6,37.3,-3.18,yes,microsatellite,2007,2011,5,May,July,yes,66,Coracias_garrulus,Coracias_garrulus,Coracias_garrulus,Coracias_garrulus,NA,NA,pair,Pair,biparental,biparental,biparental,130,154,,127,160,141.8333333,1,1,0,0,1,0,Mono,NA,monogamy,Mono,0,CV,3,6,no,0,Clements_name,NA,1,4,0,Territorial,Strong,37.3,-3.18,Coracias_garrulus_37.3_-3.18,monogamy,cavity,monogamy,monogamy,microsatellite,5,yes,species_coordinates,2,47,2,167,biparental,biparental
297Decker1993,total,Coragyps_atratus,black_vulture,monogamy,36,0,16,0,35.75,-78.92,no,DNA_fingerprinting,1987,1989,3,March,June,no,67,Coragyps_atratus,Coragyps_atratus,Coragyps_atratus,Coragyps_atratus,family,family,Pair,Pair,biparental,biparental,biparental,1232,2200,,1989,2100,1811.833333,0,0,1,0,0,0,Mono,NA,monogamy,Mono,0,NO,2,4,no,0,Clements_name,NA,0,4,0,Non-territorial,Weak,35.75,-78.92,Coragyps_atratus_35.75_-78.92,monogamy,ground,monogamy,monogamy,DNA_fingerprinting,3,no,species_coordinates,0,16,0,36,biparental,biparental
134Liebers1999,total,Corvus_monedula,Eurasian_jackdaw,monogamy,39,2.6,15,6.7,50.92,11.57,yes,DNA_fingerprinting,1992,1993,2,April,June,no,68,Corvus_monedula,Corvus_monedula,Coloeus_monedula,Coloeus_monedula,no_fam,no_fam,Pair,Pair,biparental,biparental,biparental,NA,NA,,NA,NA,200.5,1,1,0,0,0,0,Mono,NA,monogamy,Mono,0,CV,3,7,no,0,Scientific_name_amended,NA,0,4,0,Non-territorial,Weak,50.92,11.57,Corvus_monedula_50.92_11.57,monogamy,cavity,monogamy,monogamy,DNA_fingerprinting,2,yes,species_coordinates,1,14,1,38,biparental,biparental
196Henderson2000,total,Corvus_monedula,Eurasian_jackdaw,monogamy,74,0,20,0,52.63,-1.13,yes,DNA_fingerprinting,1991,1992,2,April,June,no,68,Corvus_monedula,Corvus_monedula,Coloeus_monedula,Coloeus_monedula,no_fam,no_fam,Pair,Pair,biparental,biparental,biparental,NA,NA,,NA,NA,200.5,1,1,0,0,0,0,Mono,NA,monogamy,Mono,0,CV,3,7,no,0,Scientific_name_amended,NA,0,4,0,Non-territorial,Weak,52.63,-1.13,Corvus_monedula_52.63_-1.13,monogamy,cavity,monogamy,monogamy,DNA_fingerprinting,2,yes,species_coordinates,0,20,0,74,biparental,biparental
260Overeem2014,total,Cyanocitta_stelleri,Steller’s_jay,monogamy,79,15.2,41,14.6,40.98,-124,no,microsatellite,2006,2008,3,March,August,yes,69,Cyanocitta_stelleri,Cyanocitta_stelleri,Cyanocitta_stelleri,Cyanocitta_stelleri,family,family,Pair,Pair,biparental,biparental,biparental,128,NA,,111,NA,119.75,1,1,1,1,0,0,Mono,NA,monogamy,Mono,0,PL,2,6,no,0,Clements_name,NA,1,4,0,Territorial,Weak,40.98,-124,Cyanocitta_stelleri_40.98_-124,monogamy,open,monogamy,monogamy,microsatellite,3,no,species_coordinates,6,35,12,67,biparental,biparental
218Masello2002,total,Cyanoliseus_patagonus,burrowing_parakeet,monogamy,166,0,49,0,-41.05,-62.8,no,DNA_fingerprinting,1998,2000,3,October,February,yes,70,Cyanoliseus_patagonus,Cyanoliseus_patagonus,Cyanoliseus_patagonus,Cyanoliseus_patagonus,NA,NA,Pair,Pair,biparental,biparental,biparental,227,304,,253,340,281.5,1,0,0,0,0,0,Mono,NA,monogamy,Mono,0,"BU,CV",2,5,NA,NA,NA,NA,0,4,0,Non-territorial,Weak,-41.05,-62.8,Cyanoliseus_patagonus_-41.05_-62.8,monogamy,cavity,monogamy,monogamy,DNA_fingerprinting,3,no,species_coordinates,0,49,0,166,biparental,biparental
249Kraaijeveld2004,total,Cygnus_atratus,black_swan,monogamy,332,15.1,85,37.6,-37.55,14.82,no,microsatellite,1999,2001,3,July,November,yes,71,Cygnus_atratus,Cygnus_atratus,Cygnus_atratus,Cygnus_atratus,family,family,Pair,Pair,biparental,biparental,biparental,3700,7200,,3800,8750,5862.5,1,0,0,0,0,0,Mono,NA,monogamy,Mono,0,M,4,6,NA,NA,NA,NA,1,4,0,Territorial,Weak,-37.55,14.82,Cygnus_atratus_-37.55_14.82,monogamy,ground,monogamy,monogamy,microsatellite,3,no,species_coordinates,32,53,50,282,biparental,biparental
188Riley1995,total,Delichon_urbicum,house_martin,monogamy,62,14.5,19,31.6,56.1,-3.93,no,DNA_fingerprinting,1987,1989,3,May,August,no,72,Delichon_urbicum,Delichon_urbicum,Delichon_urbicum,Delichon_urbicum,NA,no_fam,Pair,Pair,biparental,biparental,biparental,NA,NA,,NA,NA,16.65,1,1,0,0,0,0,Mono,Poly,mixed,MonoPoly,0,"DM,O",1,7,NA,NA,NA,NA,1,4,0,Non-territorial,Strong,56.1,-3.93,Delichon_urbicum_56.1_-3.93,monogamy,ground,monogamy,monogamy,DNA_fingerprinting,3,no,species_coordinates,6,13,9,53,biparental,biparental
269Whittingham1995,total,Delichon_urbicum,house_martin,monogamy,38,28.9,10,60,61.42,8.87,no,DNA_fingerprinting,1992,1992,1,July,July,single-year study,72,Delichon_urbicum,Delichon_urbicum,Delichon_urbicum,Delichon_urbicum,NA,no_fam,Pair,Pair,biparental,biparental,biparental,NA,NA,,NA,NA,16.65,1,1,0,0,0,0,Mono,Poly,mixed,MonoPoly,0,"DM,O",1,7,NA,NA,NA,NA,1,4,0,Non-territorial,Strong,61.42,8.87,Delichon_urbicum_61.42_8.87,monogamy,ground,monogamy,monogamy,DNA_fingerprinting,1,no,species_coordinates,6,4,11,27,biparental,biparental
268Klaus2001,total,Dendrocopos_major,great_spotted_woodpecker,monogamy,161,0,36,0,48.22,16.27,no,DNA_fingerprinting,1995,1996,2,April,June,no,73,Dendrocopos_major,Dendrocopos_major,Dendrocopos_major,Dendrocopos_major,NA,NA,pair,Pair,biparental,biparental,biparental,NA,NA,,NA,NA,82,0,0,0,1,0,0,Mono,Poly,mixed,MonoPoly,0,CV,4,8,no,0,Clements_name,NA,1,4,0,Territorial,Weak,48.22,16.27,Dendrocopos_major_48.22_16.27,monogamy,cavity,monogamy,monogamy,DNA_fingerprinting,2,no,species_coordinates,0,36,0,161,biparental,biparental
268Klaus2001,total,Dendrocopos_medius,middle_spotted_woodpecker,monogamy,61,0,13,0,48.22,16.27,no,DNA_fingerprinting,1995,1996,2,April,June,no,74,Dendrocopos_medius,Dendrocopos_medius,Dendrocoptes_medius,Dendrocoptes_medius,NA,NA,pair,Pair,biparental,biparental,biparental,NA,NA,,NA,NA,67.5,0,0,0,0,1,0,Mono,NA,monogamy,Mono,0,CV,4,8,no,NA,NA,NA,0,4,0,Territorial,Weak,48.22,16.27,Dendrocopos_medius_48.22_16.27,monogamy,cavity,monogamy,monogamy,DNA_fingerprinting,2,no,species_coordinates,0,13,0,61,biparental,biparental
325Webster2001,total,Dendroica_caerulescens,black-throated_blue_warbler,monogamy,413,23,117,34.2,43.93,-71.75,NA,DNA_fingerprinting/microsatellite,1995,1998,4,May,August,yes,75,Dendroica_caerulescens,Dendroica_caerulescens,Setophaga_caerulescens,Setophaga_caerulescens,no_fam,no_fam,Pair,Pair,biparental,biparental,biparental,8.1,12.1,,8.4,12.4,10.25,0,1,0,1,1,0,Mono,Poly,mixed,MonoPoly,0,CP,2,5,NA,NA,NA,NA,1,4,0,Territorial,Strong,43.93,-71.75,Dendroica_caerulescens_43.93_-71.75,monogamy,open,monogamy,monogamy,mixed_other,4,NA,species_coordinates,40,77,95,318,biparental,biparental
41Byers2004,total,Dendroica_pensylvanica,chestnut-sided_warbler,monogamy,95,47.4,33,60.6,42.67,-73.05,NA,microsatellite,1999,2000,2,May,July,no,76,Dendroica_pensylvanica,Dendroica_pensylvanica,Setophaga_pensylvanica,Setophaga_pensylvanica,no_fam,no_fam,Pair,Pair,biparental,biparental,biparental,7.9,13.9,,7.5,14.3,9.916666667,0,1,0,0,1,0,Mono,NA,monogamy,Mono,0,CP,3,5,NA,NA,NA,NA,2,4,0,Territorial,Strong,42.67,-73.05,Dendroica_pensylvanica_42.67_-73.05,monogamy,open,monogamy,monogamy,microsatellite,2,NA,species_coordinates,20,13,45,50,biparental,biparental
33Grunst2014,total,Dendroica_petechia,yellow_warbler,monogamy,150,30.7,57,49.1,37.6,-118.82,no,microsatellite,2010,2012,3,May,July,no,77,Dendroica_petechia,Dendroica_petechia,Setophaga_petechia,Setophaga_petechia,no_fam,no_fam,Pair,Pair,biparental,biparental,biparental,7.3,11.5,,8.5,13.5,10.2,0,1,1,0,0,0,Mono,Poly,mixed,MonoPoly,0,CP,4,5,no,0,Clements_name,NA,2,4,0,Territorial,Strong,37.6,-118.82,Dendroica_petechia_37.6_-118.82,monogamy,open,monogamy,monogamy,microsatellite,3,no,species_coordinates,28,29,46,104,biparental,biparental
426Yezerinac1999,total,Dendroica_petechia,yellow_warbler,monogamy,53,13.2,12,25,58.67,-94.42,no,microsatellite,1994,1994,1,May,July,single-year study,77,Dendroica_petechia,Dendroica_petechia,Setophaga_petechia,Setophaga_petechia,no_fam,no_fam,Pair,Pair,biparental,biparental,biparental,7.3,11.5,,8.5,13.5,10.2,0,1,1,0,0,0,Mono,Poly,mixed,MonoPoly,0,CP,4,5,no,0,Clements_name,NA,2,4,0,Territorial,Strong,58.67,-94.42,Dendroica_petechia_58.67_-94.42,monogamy,open,monogamy,monogamy,microsatellite,1,no,species_coordinates,3,9,7,46,biparental,biparental
427Yezerinac1997,total,Dendroica_petechia,yellow_warbler,monogamy,484,33.1,130,53.8,44.57,-76.33,no,DNA_fingerprinting,1992,1994,3,May,July,no,77,Dendroica_petechia,Dendroica_petechia,Setophaga_petechia,Setophaga_petechia,no_fam,no_fam,Pair,Pair,biparental,biparental,biparental,7.3,11.5,,8.5,13.5,10.2,0,1,1,0,0,0,Mono,Poly,mixed,MonoPoly,0,CP,4,5,no,0,Clements_name,NA,2,4,0,Territorial,Strong,44.57,-76.33,Dendroica_petechia_44.57_-76.33,monogamy,open,monogamy,monogamy,DNA_fingerprinting,3,no,species_coordinates,70,60,160,324,biparental,biparental
447Burg2006,total,Diomedea_exulans,wandering_albatross,monogamy,104,13.5,147,10.9,-54,-38,no,microsatellite,1998,1999,2,December,November,yes,78,Diomedea_exulans,Diomedea_exulans,Diomedea_exulans,Diomedea_exulans,no_fam,no_fam,Pair,Pair,biparental,biparental,biparental,5790,8700,,7240,11910,8410,1,0,0,0,0,0,Mono,NA,monogamy,Mono,0,M,1,1,no,0,Clements_name,NA,1,4,0,Non-territorial,Weak,-54,-38,Diomedea_exulans_-54_-38,monogamy,ground,monogamy,monogamy,microsatellite,2,no,species_coordinates,16,131,14,90,biparental,biparental
302 Jones2012,total,Diomedea_exulans,wandering_albatross,monogamy,247,18.2,194,20.1,-46.87,37.68,no,microsatellite,2007,2009,3,November,October,yes,78,Diomedea_exulans,Diomedea_exulans,Diomedea_exulans,Diomedea_exulans,no_fam,no_fam,Pair,Pair,biparental,biparental,biparental,5790,8700,,7240,11910,8410,1,0,0,0,0,0,Mono,NA,monogamy,Mono,0,M,1,1,no,0,Clements_name,NA,1,4,0,Non-territorial,Weak,-46.87,37.68,Diomedea_exulans_-46.87_37.68,monogamy,ground,monogamy,monogamy,microsatellite,3,no,species_coordinates,39,155,45,202,biparental,biparental
362Jouventin2006,total,Diomedea_exulans,wandering_albatross,monogamy,50,12,50,12,-46.42,51.75,no,microsatellite,2001,2002,2,November,October,single-year study,78,Diomedea_exulans,Diomedea_exulans,Diomedea_exulans,Diomedea_exulans,no_fam,no_fam,Pair,Pair,biparental,biparental,biparental,5790,8700,,7240,11910,8410,1,0,0,0,0,0,Mono,NA,monogamy,Mono,0,M,1,1,no,0,Clements_name,NA,1,4,0,Non-territorial,Weak,-46.42,51.75,Diomedea_exulans_-46.42_51.75,monogamy,ground,monogamy,monogamy,microsatellite,2,no,species_coordinates,6,44,6,44,biparental,biparental
362Jouventin2006,total,Diomedea_exulans,wandering_albatross,monogamy,24,8.3,24,8.3,-49.25,69.53,no,microsatellite,2002,2003,2,December,November,single-year study,78,Diomedea_exulans,Diomedea_exulans,Diomedea_exulans,Diomedea_exulans,no_fam,no_fam,Pair,Pair,biparental,biparental,biparental,5790,8700,,7240,11910,8410,1,0,0,0,0,0,Mono,NA,monogamy,Mono,0,M,1,1,no,0,Clements_name,NA,1,4,0,Non-territorial,Weak,-49.25,69.53,Diomedea_exulans_-49.25_69.53,monogamy,ground,monogamy,monogamy,microsatellite,2,no,species_coordinates,2,22,2,22,biparental,biparental
441Ryder2012,total,Dumetella_carolinensis,grey_catbird,monogamy,455,13,165,24.8,39,-76,no,microsatellite,2008,2009,2,May,August,yes,79,Dumetella_carolinensis,Dumetella_carolinensis,Dumetella_carolinensis,Dumetella_carolinensis,no_fam,no_fam,Pair,Pair,biparental,biparental,biparental,26.9,49.5,,28.8,45,38.31666667,0,0,0,0,0,0,NA,NA,NA,NA,0,CP,3,4,NA,NA,NA,NA,1,4,0,Territorial,Strong,39,-76,Dumetella_carolinensis_39_-76,monogamy,open,monogamy,monogamy,microsatellite,2,no,species_coordinates,41,124,59,396,biparental,biparental
46 Stutchbury2007,total,Elaenia_chiriquensis,lesser_elaenia,monogamy,38,36.8,15,66.7,9.12,-79.68,no,microsatellite,1998,1999,2,January,March,no,80,Elaenia_chiriquensis,Elaenia_chiriquensis,Elaenia_chiriquensis,Elaenia_chiriquensis,NA,NA,Pair,Pair,biparental,biparental,biparental,NA,NA,,NA,NA,16.8,0,0,0,1,0,0,NA,NA,NA,NA,0,CP,1,4,no,0,Clements_name,NA,2,3,0,Territorial,Weak,9.12,-79.68,Elaenia_chiriquensis_9.12_-79.68,monogamy,open,monogamy,monogamy,microsatellite,2,no,species_coordinates,10,5,14,24,biparental,biparental
46 Stutchbury2007,total,Elaenia_flavogaster,yellow-bellied_elaenia,monogamy,24,4.2,13,7.7,9.12,-79.68,no,microsatellite,1998,1999,2,January,March,no,81,Elaenia_flavogaster,Elaenia_flavogaster,Elaenia_flavogaster,Elaenia_flavogaster,NA,NA,Pair,Pair,biparental,biparental,biparental,NA,NA,,NA,NA,25,0,0,0,1,0,0,NA,NA,NA,NA,0,CP,1,3,no,0,Clements_name,NA,1,3,0,Territorial,Weak,9.12,-79.68,Elaenia_flavogaster_9.12_-79.68,monogamy,open,monogamy,monogamy,microsatellite,2,no,species_coordinates,1,12,1,23,biparental,biparental
232Sundberg1996,total,Emberiza_citrinella,yellowhammer,monogamy,123,37.4,32,68.8,59.9,17.53,no,DNA_fingerprinting,1990,1993,4,May,June,no,82,Emberiza_citrinella,Emberiza_citrinella,Emberiza_citrinella,Emberiza_citrinella,no_fam,no_fam,Pair,Pair,biparental,biparental,biparental,25.8,34,,26.9,35.2,29.73333333,0,0,0,0,0,0,Mono,NA,monogamy,Mono,0,CP,3,5,NA,NA,NA,NA,2,4,0,Territorial,Weak,59.9,17.53,Emberiza_citrinella_59.9_17.53,monogamy,open,monogamy,monogamy,DNA_fingerprinting,4,no,species_coordinates,22,10,46,77,biparental,biparental
8Dixon1994,total,Emberiza_schoeniclus,reed_bunting,monogamy,216,54.6,58,86.2,52.13,-1.13,no,DNA_fingerprinting,NA,NA,#VALUE!,April,August,no,83,Emberiza_schoeniclus,Emberiza_schoeniclus,Emberiza_schoeniclus,Emberiza_schoeniclus,NA,no_fam,Pair,Pair,biparental,biparental,biparental,14.2,20.6,,10,29,18.63333333,0,1,1,1,0,0,Mono,Poly,mixed,MonoPoly,0,CP,4,5,no,0,Clements_name,NA,2,4,0,Territorial,Weak,52.13,-1.13,Emberiza_schoeniclus_52.13_-1.13,monogamy,open,monogamy,monogamy,DNA_fingerprinting,NA,no,species_coordinates,50,8,118,98,biparental,biparental
255Bouwman2006,total,Emberiza_schoeniclus,reed_bunting,monogamy,473,51,121,73.6,51.75,4.75,no,microsatellite,2002,2003,2,February,July,yes,83,Emberiza_schoeniclus,Emberiza_schoeniclus,Emberiza_schoeniclus,Emberiza_schoeniclus,NA,no_fam,Pair,Pair,biparental,biparental,biparental,14.2,20.6,,10,29,18.63333333,0,1,1,1,0,0,Mono,Poly,mixed,MonoPoly,0,CP,4,5,no,0,Clements_name,NA,2,4,0,Territorial,Weak,51.75,4.75,Emberiza_schoeniclus_51.75_4.75,monogamy,open,monogamy,monogamy,microsatellite,2,no,species_coordinates,89,32,241,232,biparental,biparental
425Suter2007,total,Emberiza_schoeniclus,reed_bunting,monogamy,835,37.7,213,62.9,46.9,6.93,no,microsatellite,2002,2006,5,March,August,no,83,Emberiza_schoeniclus,Emberiza_schoeniclus,Emberiza_schoeniclus,Emberiza_schoeniclus,NA,no_fam,Pair,Pair,biparental,biparental,biparental,14.2,20.6,,10,29,18.63333333,0,1,1,1,0,0,Mono,Poly,mixed,MonoPoly,0,CP,4,5,no,0,Clements_name,NA,2,4,0,Territorial,Weak,46.9,6.93,Emberiza_schoeniclus_46.9_6.93,monogamy,open,monogamy,monogamy,microsatellite,5,no,species_coordinates,134,79,315,520,biparental,biparental
450Pearson2006,total,Empidonax_traillii,willow_flycatcher,monogamy,140,14.3,56,21.4,35.65,-118.03,no,microsatellite,1997,2002,6,May,August,yes,84,Empidonax_traillii,Empidonax_traillii,Empidonax_traillii,Empidonax_traillii,no_fam,no_fam,Pair,Pair,biparental,biparental,biparental,10.2,16.4,,11.4,15.7,13.31666667,0,0,0,0,0,0,NA,NA,NA,NA,0,CP,3,4,NA,NA,NA,NA,1,4,0,Territorial,Strong,35.65,-118.03,Empidonax_traillii_35.65_-118.03,monogamy,open,monogamy,monogamy,microsatellite,6,no,species_coordinates,12,44,20,120,biparental,biparental
345Kleven2005,total,Emberiza_schoeniclus,reed_bunting,monogamy,332,29.5,72,54.2,61.42,8.87,NA,microsatellite,2001,2002,2,June,July,no,83,Emberiza_schoeniclus,Emberiza_schoeniclus,Emberiza_schoeniclus,Emberiza_schoeniclus,NA,no_fam,Pair,Pair,biparental,biparental,biparental,14.2,20.6,,10,29,18.63333333,0,1,1,1,0,0,Mono,Poly,mixed,MonoPoly,0,CP,4,5,no,0,Clements_name,NA,2,4,0,Territorial,Weak,61.42,8.87,Emberiza_schoeniclus_61.42_8.87,monogamy,open,monogamy,monogamy,microsatellite,2,NA,species_coordinates,39,33,98,234,biparental,biparental
400Tarof2005,total,Empidonax_minimus,least_flycatcher,monogamy,83,37,23,56.5,44.57,-76.32,no,microsatellite,1999,2000,2,May,July,no,85,Empidonax_minimus,Empidonax_minimus,Empidonax_minimus,Empidonax_minimus,no_fam,no_fam,Pair,Pair,biparental,biparental,biparental,8.9,13.4,,8.8,12.5,10.7,0,0,0,0,1,1,NA,NA,NA,NA,0,CP,4,4,NA,NA,NA,NA,2,4,0,Territorial,Strong,44.57,-76.32,Empidonax_minimus_44.57_-76.32,monogamy,open,monogamy,monogamy,microsatellite,2,no,species_coordinates,13,10,31,52,biparental,biparental
413Hung2009,total,Empidonax_virescens,acadian_flycatcher,monogamy,28,57.1,14,64.3,41.77,-79.93,no,microsatellite,2004,2006,3,May,August,no,86,Empidonax_virescens,Empidonax_virescens,Empidonax_virescens,Empidonax_virescens,no_fam,no_fam,Pair,Pair,biparental,biparental,biparental,11.1,13.8,,11.9,13.9,12.63333333,0,0,0,0,0,0,NA,NA,NA,NA,0,CP,1,4,NA,NA,NA,NA,2,4,0,Territorial,Strong,41.77,-79.93,Empidonax_virescens_41.77_-79.93,monogamy,open,monogamy,monogamy,microsatellite,3,no,species_coordinates,9,5,16,12,biparental,biparental
314Evans2009,total,Empidonax_virescens,acadian_flycatcher,monogamy,29,13.8,12,25,42.72,-81.1,no,microsatellite,2002,2003,2,May,August,no,86,Empidonax_virescens,Empidonax_virescens,Empidonax_virescens,Empidonax_virescens,no_fam,no_fam,Pair,Pair,biparental,biparental,biparental,11.1,13.8,,11.9,13.9,12.63333333,0,0,0,0,0,0,NA,NA,NA,NA,0,CP,1,4,NA,NA,NA,NA,2,4,0,Territorial,Strong,42.72,-81.1,Empidonax_virescens_42.72_-81.1,monogamy,open,monogamy,monogamy,microsatellite,2,no,species_coordinates,3,9,4,25,biparental,biparental
42Woolfenden2005,total,Empidonax_virescens,acadian_flycatcher,monogamy,133,40.6,53,58.5,41.77,-79.93,no,microsatellite,1997,2002,6,May,July,yes,86,Empidonax_virescens,Empidonax_virescens,Empidonax_virescens,Empidonax_virescens,no_fam,no_fam,Pair,Pair,biparental,biparental,biparental,11.1,13.8,,11.9,13.9,12.63333333,0,0,0,0,0,0,NA,NA,NA,NA,0,CP,1,4,NA,NA,NA,NA,2,4,0,Territorial,Strong,41.77,-79.93,Empidonax_virescens_41.77_-79.93,monogamy,open,monogamy,monogamy,microsatellite,6,no,species_coordinates,31,22,54,79,biparental,biparental
353Bolton2017,total,Erythrura_gouldiae,gouldian_finch,monogamy,232,8.6,57,22.8,-15.57,128,both,microsatellite/SNPs,2008,2009,2,February,August,yes,87,Erythrura_gouldiae,Erythrura_gouldiae,Chloebia_gouldiae,Chloebia_gouldiae,NA,no_fam,Pair,Pair,biparental,biparental,biparental,NA,NA,,NA,NA,13.25,1,1,1,0,0,0,NA,NA,NA,NA,0,"CV,DM",4,8,NA,NA,NA,NA,1,4,0,Non-territorial,Weak,-15.57,128,Erythrura_gouldiae_-15.57_128,monogamy,cavity,monogamy,monogamy,mixed_other,2,NA,species_coordinates,13,44,20,212,biparental,biparental
202Owens1995,total,Eudromias_morinellus,Eurasian_dotterel,monogamy,44,4.5,22,9.1,57.05,-3.57,no,DNA_fingerprinting,1989,1990,2,May,June,no,88,Eudromias_morinellus,Eudromias_morinellus,Eudromias_morinellus,Eudromias_morinellus,NA,no_fam,Male only,Male only,uniparental,uniparental,uniparental,99,142,,86,116,110.75,0,1,1,0,1,0,Mono,Poly,mixed,MonoPoly,0,SC,2,3,NA,NA,NA,NA,3,4,1,Territorial,Strong,57.05,-3.57,Eudromias_morinellus_57.05_-3.57,monogamy,ground,monogamy,monogamy,DNA_fingerprinting,2,no,species_coordinates,2,20,2,42,uniparental,uniparental
198McLean2000,total,Eudyptes_pachyrhynchus,fiordland_penguin,monogamy,33,0,24,0,-43.83,168.88,no,DNA_fingerprinting,1990,1990,1,July,September,single-year study,89,Eudyptes_pachyrhynchus,Eudyptes_pachyrhynchus,Eudyptes_pachyrhynchus,Eudyptes_pachyrhynchus,no_fam,no_fam,Pair,Pair,biparental,biparental,biparental,3710,NA,,4110,NA,3755,1,0,0,0,0,0,NA,NA,NA,NA,0,SC,2,2,no,0,Clements_name,NA,0,4,0,Non-territorial,Weak,-43.83,168.88,Eudyptes_pachyrhynchus_-43.83_168.88,monogamy,ground,monogamy,monogamy,DNA_fingerprinting,1,no,species_coordinates,0,24,0,33,biparental,biparental
64Clair1995,total,Eudyptes_schlegeli,royal_penguin,monogamy,26,3.8,13,7.7,-54.5,158.95,no,DNA_fingerprinting,1991,1991,1,October,December,single-year study,90,Eudyptes_schlegeli,Eudyptes_schlegeli,Eudyptes_schlegeli,Eudyptes_schlegeli,no_fam,no_fam,Pair,Pair,biparental,biparental,biparental,4000,NA,,4500,NA,4900,1,0,0,0,0,0,NA,NA,NA,NA,0,SC,2,2,NA,NA,NA,NA,0,4,0,Non-territorial,Weak,-54.5,158.95,Eudyptes_schlegeli_-54.5_158.95,monogamy,ground,monogamy,monogamy,DNA_fingerprinting,1,no,species_coordinates,1,12,1,25,biparental,biparental
383Edler2008,total,Euplectes_orix,red_bishop,monogamy,115,39.1,47,63.8,-33.43,25.75,no,DNA_fingerprinting,2002,2004,3,October,March,no,91,Euplectes_orix,Euplectes_orix,Euplectes_orix,Euplectes_orix,NA,no_fam,Female only,Female only,uniparental,uniparental,uniparental,17,26,,21,30,23.5,1,1,1,0,0,0,NA,Poly,polygamy,Poly,0,SP,3,3,NA,NA,NA,NA,3,4,0,Territorial,Weak,-33.43,25.75,Euplectes_orix_-33.43_25.75,monogamy,other_enclosed,monogamy,monogamy,DNA_fingerprinting,3,no,species_coordinates,30,17,45,70,uniparental,uniparental
456 Friedl1999,total,Euplectes_orix,red_bishop,monogamy,432,17.6,187,30.5,-33.43,25.75,no,DNA_fingerprinting,1993,1997,5,October,April,no,91,Euplectes_orix,Euplectes_orix,Euplectes_orix,Euplectes_orix,NA,no_fam,Female only,Female only,uniparental,uniparental,uniparental,17,26,,21,30,23.5,1,1,1,0,0,0,NA,Poly,polygamy,Poly,0,SP,3,3,NA,NA,NA,NA,3,4,0,Territorial,Weak,-33.43,25.75,Euplectes_orix_-33.43_25.75,monogamy,other_enclosed,monogamy,monogamy,DNA_fingerprinting,5,no,species_coordinates,57,130,76,356,uniparental,uniparental
199Warkentin1994,total,Falco_columbarius,merlin,monogamy,47,0,18,0,52.12,-106.63,no,DNA_fingerprinting,1988,1990,3,April,July,other,92,Falco_columbarius,Falco_columbarius,Falco_columbarius,Falco_columbarius,no_fam,no_fam,nk-coop,nk-coop,nk_cooperation,nk_cooperation,nk_cooperation,134,281,,134,223,193,0,0,0,0,1,0,Mono,NA,monogamy,Mono,1,"CV,O,SC",3,6,NA,NA,NA,NA,0,3,0,Territorial,Strong,52.12,-106.63,Falco_columbarius_52.12_-106.63,monogamy,cavity,monogamy,monogamy,DNA_fingerprinting,3,no,species_coordinates,0,18,0,47,NA,NA
208Swatschek1993,total,Falco_eleonorae,eleonoras_falcon,monogamy,60,NA,17,0,38,24.98,no,DNA_fingerprinting,1991,1991,1,May,October,single-year study,93,Falco_eleonorae,Falco_eleonorae,Falco_eleonorae,Falco_eleonorae,NA,NA,Pair,Pair,biparental,biparental,biparental,340,460,,350,390,388.3333333,1,0,0,0,0,0,NA,NA,NA,NA,0,CV,1,4,NA,NA,NA,NA,0,4,0,Non-territorial,Strong,38,24.98,Falco_eleonorae_38_24.98,monogamy,cavity,monogamy,monogamy,DNA_fingerprinting,1,no,species_coordinates,0,17,NA,NA,biparental,biparental
294 Alcaide2005,total,Falco_naumanni,lesser_kestrel,monogamy,24,4.2,8,12.5,37.17,-6.35,no,microsatellite,2003,2003,1,March,July,single-year study,94,Falco_naumanni,Falco_naumanni,Falco_naumanni,Falco_naumanni,no_fam,no_fam,pair,Pair,biparental,biparental,biparental,109,208,,90,176,145.75,1,0,0,0,0,0,Mono,NA,monogamy,Mono,0,"CV,O",3,6,no,0,Clements_name,NA,1,4,0,Non-territorial,Strong,37.17,-6.35,Falco_naumanni_37.17_-6.35,monogamy,cavity,monogamy,monogamy,microsatellite,1,no,species_coordinates,1,7,1,23,biparental,biparental
294 Alcaide2005,total,Falco_naumanni,lesser_kestrel,monogamy,72,8.3,23,8.7,41.35,-0.18,no,microsatellite,1993,1993,1,April,July,single-year study,94,Falco_naumanni,Falco_naumanni,Falco_naumanni,Falco_naumanni,no_fam,no_fam,pair,Pair,biparental,biparental,biparental,109,208,,90,176,145.75,1,0,0,0,0,0,Mono,NA,monogamy,Mono,0,"CV,O",3,6,no,0,Clements_name,NA,1,4,0,Non-territorial,Strong,41.35,-0.18,Falco_naumanni_41.35_-0.18,monogamy,cavity,monogamy,monogamy,microsatellite,1,no,species_coordinates,2,21,6,66,biparental,biparental
322Nesje2000,total,Falco_peregrinus,peregrine_falcon,monogamy,64,0,18,0,NA,NA,no,microsatellite,1993,1996,4,NA,NA,no,95,Falco_peregrinus,Falco_peregrinus,Falco_peregrinus,Falco_peregrinus,family,family,Pair,Pair,biparental,biparental,biparental,595,1600,,410,1060,916.25,0,0,0,0,1,1,Mono,Poly,mixed,MonoPoly,3,"SC,O",2,4,NA,NA,NA,NA,0,4,0,Territorial,Weak,NA,NA,Falco_peregrinus_322Nesje2000,monogamy,ground,monogamy,monogamy,microsatellite,4,no,species_study_id_missing_coordinates,0,18,0,64,biparental,biparental
328Villarroel1998,total,Falco_sparverius,American_kestrel,monogamy,89,11.2,21,9.5,42.42,-75.08,yes,DNA_fingerprinting,1992,1993,2,March,July,no,96,Falco_sparverius,Falco_sparverius,Falco_sparverius,Falco_sparverius,no_fam,no_fam,pair,Pair,biparental,biparental,biparental,86,165,,80,143,119.3333333,0,0,0,0,1,0,Mono,NA,monogamy,Mono,0,"CV,O",1,7,no,0,Clements_name,NA,1,4,0,Territorial,Strong,42.42,-75.08,Falco_sparverius_42.42_-75.08,monogamy,cavity,monogamy,monogamy,DNA_fingerprinting,2,yes,species_coordinates,2,19,10,79,biparental,biparental
150Korpimäki1996,total,Falco_tinnunculus,Eurasian_kestrel,monogamy,319,1.9,75,2.7,62.98,22.83,yes,DNA_fingerprinting,1990,1992,3,April,July,yes,97,Falco_tinnunculus,Falco_tinnunculus,Falco_tinnunculus,Falco_tinnunculus,no_fam,no_fam,pair,Pair,biparental,biparental,biparental,139,314,,132,257,210.5,1,0,0,0,0,0,Mono,NA,monogamy,Mono,0,"CV,O",1,7,NA,NA,NA,NA,1,4,0,Territorial,Strong,62.98,22.83,Falco_tinnunculus_62.98_22.83,monogamy,cavity,monogamy,monogamy,DNA_fingerprinting,3,yes,species_coordinates,2,73,6,313,biparental,biparental
312Krist2011,total,Ficedula_albicollis,collared_flycatcher,monogamy,800,26.8,135,57,49.53,17.07,yes,microsatellite,2006,2010,5,April,June,no,98,Ficedula_albicollis,Ficedula_albicollis,Ficedula_albicollis,Ficedula_albicollis,no_fam,no_fam,pair,Pair,biparental,biparental,biparental,10,14.2,,9.2,16,12.23333333,0,0,0,0,0,0,Mono,Poly,mixed,MonoPoly,0,CP,1,9,no,0,Clements_name,NA,1,4,0,Territorial,Strong,49.53,17.07,Ficedula_albicollis_49.53_17.07,monogamy,open,monogamy,monogamy,microsatellite,5,yes,species_coordinates,77,58,214,586,biparental,biparental
483Sheldon1999,total,Ficedula_albicollis,collared_flycatcher,monogamy,459,15.5,79,32.9,57.17,18.33,yes,microsatellite,1994,1994,1,May,July,single-year study,98,Ficedula_albicollis,Ficedula_albicollis,Ficedula_albicollis,Ficedula_albicollis,no_fam,no_fam,pair,Pair,biparental,biparental,biparental,10,14.2,,9.2,16,12.23333333,0,0,0,0,0,0,Mono,Poly,mixed,MonoPoly,0,CP,1,9,no,0,Clements_name,NA,1,4,0,Territorial,Strong,57.17,18.33,Ficedula_albicollis_57.17_18.33,monogamy,open,monogamy,monogamy,microsatellite,1,yes,species_coordinates,26,53,71,388,biparental,biparental
313Krist2005,total,Ficedula_albicollis,collared_flycatcher,monogamy,165,24.2,27,51.9,49.53,17.07,yes,microsatellite,2001,2002,2,April,June,no,98,Ficedula_albicollis,Ficedula_albicollis,Ficedula_albicollis,Ficedula_albicollis,no_fam,no_fam,pair,Pair,biparental,biparental,biparental,10,14.2,,9.2,16,12.23333333,0,0,0,0,0,0,Mono,Poly,mixed,MonoPoly,0,CP,1,9,no,0,Clements_name,NA,1,4,0,Territorial,Strong,49.53,17.07,Ficedula_albicollis_49.53_17.07,monogamy,open,monogamy,monogamy,microsatellite,2,yes,species_coordinates,14,13,40,125,biparental,biparental
54Rosivall2009,total,Ficedula_albicollis,collared_flycatcher,monogamy,NA,20.6,45,55.7,47.7,19.02,yes,microsatellite,2002,2003,2,April,June,no,98,Ficedula_albicollis,Ficedula_albicollis,Ficedula_albicollis,Ficedula_albicollis,no_fam,no_fam,pair,Pair,biparental,biparental,biparental,10,14.2,,9.2,16,12.23333333,0,0,0,0,0,0,Mono,Poly,mixed,MonoPoly,0,CP,1,9,no,0,Clements_name,NA,1,4,0,Territorial,Strong,47.7,19.02,Ficedula_albicollis_47.7_19.02,monogamy,open,monogamy,monogamy,microsatellite,2,yes,species_coordinates,25,20,NA,NA,biparental,biparental
455Veen2001,total,Ficedula_albicollis,collared_flycatcher,monogamy,NA,NA,44,13.6,NA,NA,yes,microsatellite,1985,2001,17,April,June,no,98,Ficedula_albicollis,Ficedula_albicollis,Ficedula_albicollis,Ficedula_albicollis,no_fam,no_fam,pair,Pair,biparental,biparental,biparental,10,14.2,,9.2,16,12.23333333,0,0,0,0,0,0,Mono,Poly,mixed,MonoPoly,0,CP,1,9,no,0,Clements_name,NA,1,4,0,Territorial,Strong,NA,NA,Ficedula_albicollis_455Veen2001,monogamy,open,monogamy,monogamy,microsatellite,17,yes,species_study_id_missing_coordinates,6,38,NA,NA,biparental,biparental
457Wilk2008,total,Ficedula_albicollis,collared_flycatcher,monogamy,482,15.6,78,34.6,50.1,20.4,yes,microsatellite,2003,2006,4,April,June,yes,98,Ficedula_albicollis,Ficedula_albicollis,Ficedula_albicollis,Ficedula_albicollis,no_fam,no_fam,pair,Pair,biparental,biparental,biparental,10,14.2,,9.2,16,12.23333333,0,0,0,0,0,0,Mono,Poly,mixed,MonoPoly,0,CP,1,9,no,0,Clements_name,NA,1,4,0,Territorial,Strong,50.1,20.4,Ficedula_albicollis_50.1_20.4,monogamy,open,monogamy,monogamy,microsatellite,4,yes,species_coordinates,27,51,75,407,biparental,biparental
242Moreno2013,total,Ficedula_hypoleuca,pied_flycatcher,monogamy,268,13.1,59,28.8,40.8,-4.02,yes,microsatellite,2010,2010,1,May,June,single-year study,99,Ficedula_hypoleuca,Ficedula_hypoleuca,Ficedula_hypoleuca,Ficedula_hypoleuca,no_fam,no_fam,pair,Pair,biparental,biparental,biparental,11.4,18.3,,10.2,13.5,14.21666667,0,0,0,0,0,0,Mono,Poly,mixed,MonoPoly,0,CP,3,10,no,0,Clements_name,NA,2,4,0,Territorial,Strong,40.8,-4.02,Ficedula_hypoleuca_40.8_-4.02,monogamy,open,monogamy,monogamy,microsatellite,1,yes,species_coordinates,17,42,35,233,biparental,biparental
446Lubjuhn2000,total,Ficedula_hypoleuca,pied_flycatcher,monogamy,884,5.1,164,12.8,52.45,7.25,yes,DNA_fingerprinting,1993,1996,4,April,June,yes,99,Ficedula_hypoleuca,Ficedula_hypoleuca,Ficedula_hypoleuca,Ficedula_hypoleuca,no_fam,no_fam,pair,Pair,biparental,biparental,biparental,11.4,18.3,,10.2,13.5,14.21666667,0,0,0,0,0,0,Mono,Poly,mixed,MonoPoly,0,CP,3,10,no,0,Clements_name,NA,2,4,0,Territorial,Strong,52.45,7.25,Ficedula_hypoleuca_52.45_7.25,monogamy,open,monogamy,monogamy,DNA_fingerprinting,4,yes,species_coordinates,21,143,45,839,biparental,biparental
235Lifjeld1991,total,Ficedula_hypoleuca,pied_flycatcher,monogamy,135,4.4,27,14.8,59.98,10.63,yes,DNA_fingerprinting,1989,1989,1,May,July,single-year study,99,Ficedula_hypoleuca,Ficedula_hypoleuca,Ficedula_hypoleuca,Ficedula_hypoleuca,no_fam,no_fam,pair,Pair,biparental,biparental,biparental,11.4,18.3,,10.2,13.5,14.21666667,0,0,0,0,0,0,Mono,Poly,mixed,MonoPoly,0,CP,3,10,no,0,Clements_name,NA,2,4,0,Territorial,Strong,59.98,10.63,Ficedula_hypoleuca_59.98_10.63,monogamy,open,monogamy,monogamy,DNA_fingerprinting,1,yes,species_coordinates,4,23,6,129,biparental,biparental
214Brün1996,total,Ficedula_hypoleuca,pied_flycatcher,monogamy,165,5.5,31,12.9,52.53,7.35,yes,DNA_fingerprinting,1993,1993,1,May,June,single-year study,99,Ficedula_hypoleuca,Ficedula_hypoleuca,Ficedula_hypoleuca,Ficedula_hypoleuca,no_fam,no_fam,pair,Pair,biparental,biparental,biparental,11.4,18.3,,10.2,13.5,14.21666667,0,0,0,0,0,0,Mono,Poly,mixed,MonoPoly,0,CP,3,10,no,0,Clements_name,NA,2,4,0,Territorial,Strong,52.53,7.35,Ficedula_hypoleuca_52.53_7.35,monogamy,open,monogamy,monogamy,DNA_fingerprinting,1,yes,species_coordinates,4,27,9,156,biparental,biparental
117Canal2012,total,Ficedula_hypoleuca,pied_flycatcher,monogamy,1126,15.2,233,33,41.07,-3.45,yes,microsatellite,2005,2006,2,May,June,yes,99,Ficedula_hypoleuca,Ficedula_hypoleuca,Ficedula_hypoleuca,Ficedula_hypoleuca,no_fam,no_fam,pair,Pair,biparental,biparental,biparental,11.4,18.3,,10.2,13.5,14.21666667,0,0,0,0,0,0,Mono,Poly,mixed,MonoPoly,0,CP,3,10,no,0,Clements_name,NA,2,4,0,Territorial,Strong,41.07,-3.45,Ficedula_hypoleuca_41.07_-3.45,monogamy,open,monogamy,monogamy,microsatellite,2,yes,species_coordinates,77,156,171,955,biparental,biparental
363Lehtonen2009,total,Ficedula_hypoleuca,pied_flycatcher,monogamy,857,4.4,191,13.1,60.42,22.17,yes,microsatellite,2005,2006,2,April,June,yes,99,Ficedula_hypoleuca,Ficedula_hypoleuca,Ficedula_hypoleuca,Ficedula_hypoleuca,no_fam,no_fam,pair,Pair,biparental,biparental,biparental,11.4,18.3,,10.2,13.5,14.21666667,0,0,0,0,0,0,Mono,Poly,mixed,MonoPoly,0,CP,3,10,no,0,Clements_name,NA,2,4,0,Territorial,Strong,60.42,22.17,Ficedula_hypoleuca_60.42_22.17,monogamy,open,monogamy,monogamy,microsatellite,2,yes,species_coordinates,25,166,38,819,biparental,biparental
182Ellegren1995,total,Ficedula_hypoleuca,pied_flycatcher,monogamy,98,7,18,17,59.97,10.78,yes,microsatellite,1992,1992,1,May,June,single-year study,99,Ficedula_hypoleuca,Ficedula_hypoleuca,Ficedula_hypoleuca,Ficedula_hypoleuca,no_fam,no_fam,pair,Pair,biparental,biparental,biparental,11.4,18.3,,10.2,13.5,14.21666667,0,0,0,0,0,0,Mono,Poly,mixed,MonoPoly,0,CP,3,10,no,0,Clements_name,NA,2,4,0,Territorial,Strong,59.97,10.78,Ficedula_hypoleuca_59.97_10.78,monogamy,open,monogamy,monogamy,microsatellite,1,yes,species_coordinates,3,15,7,91,biparental,biparental
187Gelter1992,total,Ficedula_hypoleuca,pied_flycatcher,monogamy,38,23.7,7,42.9,59.83,17.67,yes,DNA_fingerprinting,1987,1987,1,May,June,single-year study,99,Ficedula_hypoleuca,Ficedula_hypoleuca,Ficedula_hypoleuca,Ficedula_hypoleuca,no_fam,no_fam,pair,Pair,biparental,biparental,biparental,11.4,18.3,,10.2,13.5,14.21666667,0,0,0,0,0,0,Mono,Poly,mixed,MonoPoly,0,CP,3,10,no,0,Clements_name,NA,2,4,0,Territorial,Strong,59.83,17.67,Ficedula_hypoleuca_59.83_17.67,monogamy,open,monogamy,monogamy,DNA_fingerprinting,1,yes,species_coordinates,3,4,9,29,biparental,biparental
243Moreno2010,total,Ficedula_hypoleuca,pied_flycatcher,monogamy,348,7.5,58,22.4,40.8,-4.02,yes,microsatellite,2003,2003,1,May,June,single-year study,99,Ficedula_hypoleuca,Ficedula_hypoleuca,Ficedula_hypoleuca,Ficedula_hypoleuca,no_fam,no_fam,pair,Pair,biparental,biparental,biparental,11.4,18.3,,10.2,13.5,14.21666667,0,0,0,0,0,0,Mono,Poly,mixed,MonoPoly,0,CP,3,10,no,0,Clements_name,NA,2,4,0,Territorial,Strong,40.8,-4.02,Ficedula_hypoleuca_40.8_-4.02,monogamy,open,monogamy,monogamy,microsatellite,1,yes,species_coordinates,13,45,26,322,biparental,biparental
241Moreno2015,total,Ficedula_hypoleuca,pied_flycatcher,monogamy,313,17.6,60,38.3,40.8,-4.02,yes,microsatellite,2011,2011,1,May,June,single-year study,99,Ficedula_hypoleuca,Ficedula_hypoleuca,Ficedula_hypoleuca,Ficedula_hypoleuca,no_fam,no_fam,pair,Pair,biparental,biparental,biparental,11.4,18.3,,10.2,13.5,14.21666667,0,0,0,0,0,0,Mono,Poly,mixed,MonoPoly,0,CP,3,10,no,0,Clements_name,NA,2,4,0,Territorial,Strong,40.8,-4.02,Ficedula_hypoleuca_40.8_-4.02,monogamy,open,monogamy,monogamy,microsatellite,1,yes,species_coordinates,23,37,55,258,biparental,biparental
349Rätti1995,total,Ficedula_hypoleuca,pied_flycatcher,monogamy,223,10.8,36,22.2,62.62,26.33,yes,DNA_fingerprinting,1990,1990,1,May,June,single-year study,99,Ficedula_hypoleuca,Ficedula_hypoleuca,Ficedula_hypoleuca,Ficedula_hypoleuca,no_fam,no_fam,pair,Pair,biparental,biparental,biparental,11.4,18.3,,10.2,13.5,14.21666667,0,0,0,0,0,0,Mono,Poly,mixed,MonoPoly,0,CP,3,10,no,0,Clements_name,NA,2,4,0,Territorial,Strong,62.62,26.33,Ficedula_hypoleuca_62.62_26.33,monogamy,open,monogamy,monogamy,DNA_fingerprinting,1,yes,species_coordinates,8,28,24,199,biparental,biparental
348Rätti2001,total,Ficedula_hypoleuca,pied_flycatcher,monogamy,225,4.4,43,7,62.62,26.33,yes,DNA_fingerprinting,1992,1992,1,May,June,single-year study,99,Ficedula_hypoleuca,Ficedula_hypoleuca,Ficedula_hypoleuca,Ficedula_hypoleuca,no_fam,no_fam,pair,Pair,biparental,biparental,biparental,11.4,18.3,,10.2,13.5,14.21666667,0,0,0,0,0,0,Mono,Poly,mixed,MonoPoly,0,CP,3,10,no,0,Clements_name,NA,2,4,0,Territorial,Strong,62.62,26.33,Ficedula_hypoleuca_62.62_26.33,monogamy,open,monogamy,monogamy,DNA_fingerprinting,1,yes,species_coordinates,3,40,10,215,biparental,biparental
53Tomotani2017,total,Ficedula_hypoleuca,pied_flycatcher,monogamy,481,8.9,93,19.4,52.03,5.85,yes,microsatellite,2014,2014,1,April,June,single-year study,99,Ficedula_hypoleuca,Ficedula_hypoleuca,Ficedula_hypoleuca,Ficedula_hypoleuca,no_fam,no_fam,pair,Pair,biparental,biparental,biparental,11.4,18.3,,10.2,13.5,14.21666667,0,0,0,0,0,0,Mono,Poly,mixed,MonoPoly,0,CP,3,10,no,0,Clements_name,NA,2,4,0,Territorial,Strong,52.03,5.85,Ficedula_hypoleuca_52.03_5.85,monogamy,open,monogamy,monogamy,microsatellite,1,yes,species_coordinates,18,75,43,438,biparental,biparental
240Mitrus2014,total,Ficedula_parva,red-breasted_flycatcher,monogamy,159,7.5,33,24.2,52.68,23.87,no,microsatellite,2004,2011,8,May,July,no,100,Ficedula_parva,Ficedula_parva,Ficedula_parva,Ficedula_parva,NA,NA,Pair,Pair,biparental,biparental,biparental,NA,NA,,NA,NA,10,0,0,0,0,1,0,Mono,NA,monogamy,Mono,0,CP,4,7,NA,NA,NA,NA,1,4,0,Territorial,Strong,52.68,23.87,Ficedula_parva_52.68_23.87,monogamy,open,monogamy,monogamy,microsatellite,8,no,species_coordinates,8,25,12,147,biparental,biparental
300Gong2017,total,Ficedula_zanthopygia,yellow_rumped_flycatcher,monogamy,325,22.2,64,54.7,45,126,yes,microsatellite,2011,2013,3,May,July,no,101,Ficedula_zanthopygia,Ficedula_zanthopygia,Ficedula_zanthopygia,Ficedula_zanthopygia,NA,NA,Pair,Pair,biparental,biparental,biparental,9,14.5,,10,15.5,12.33333333,0,0,0,1,0,0,NA,NA,NA,NA,0,CP,4,8,NA,NA,NA,NA,1,4,0,Territorial,Strong,45,126,Ficedula_zanthopygia_45_126,monogamy,open,monogamy,monogamy,microsatellite,3,yes,species_coordinates,35,29,72,253,biparental,biparental
440Anker-Nilssen2008,total,Fratercula_arctica,Atlantic_puffin,monogamy,38,0,38,0,67.43,11.88,no,microsatellite,2003,2004,2,June,July,yes,102,Fratercula_arctica,Fratercula_arctica,Fratercula_arctica,Fratercula_arctica,no_fam,no_fam,Pair,Pair,biparental,biparental,biparental,NA,NA,,NA,NA,432.5,1,0,0,0,0,0,Mono,NA,monogamy,Mono,0,"BU,CR",1,1,no,0,Clements_name,NA,0,4,0,Non-territorial,Strong,67.43,11.88,Fratercula_arctica_67.43_11.88,monogamy,cavity,monogamy,monogamy,microsatellite,2,no,species_coordinates,0,38,0,38,biparental,biparental
116Dearborn2001,total,Fregata_minor,great_frigatebird,monogamy,92,1.1,92,1.1,23.75,-166.02,no,DNA_fingerprinting,1998,1999,2,February,May,no,103,Fregata_minor,Fregata_minor,Fregata_minor,Fregata_minor,family,family,Pair,Pair,biparental,biparental,biparental,850,1640,,640,1450,1161.166667,1,0,0,0,0,0,Mono,NA,monogamy,Mono,0,PL,1,1,NA,NA,NA,NA,4,4,0,Non-territorial,Strong,23.75,-166.02,Fregata_minor_23.75_-166.02,monogamy,open,monogamy,monogamy,DNA_fingerprinting,2,no,species_coordinates,1,91,1,91,biparental,biparental
163Juola2012,total,Fregata_minor,great_frigatebird,monogamy,46,8.7,46,8.7,23.75,-166.02,no,microsatellite/MHC,2007,2007,1,February,June,single-year study,103,Fregata_minor,Fregata_minor,Fregata_minor,Fregata_minor,family,family,Pair,Pair,biparental,biparental,biparental,850,1640,,640,1450,1161.166667,1,0,0,0,0,0,Mono,NA,monogamy,Mono,0,PL,1,1,NA,NA,NA,NA,4,4,0,Non-territorial,Strong,23.75,-166.02,Fregata_minor_23.75_-166.02,monogamy,open,monogamy,monogamy,mixed_other,1,no,species_coordinates,4,42,4,42,biparental,biparental
39Sheldon1994,total,Fringilla_coelebs,chaffinch,monogamy,47,17,13,23.1,53.33,-1.53,no,DNA_fingerprinting,1990,1992,3,March,June,no,104,Fringilla_coelebs,Fringilla_coelebs,Fringilla_coelebs,Fringilla_coelebs,no_fam,no_fam,Pair,Pair,biparental,biparental,biparental,18,27,,17,28.5,22.75,0,1,1,0,1,0,Mono,Poly,mixed,MonoPoly,0,CP,4,5,NA,NA,NA,NA,1,4,0,Territorial,Weak,53.33,-1.53,Fringilla_coelebs_53.33_-1.53,monogamy,open,monogamy,monogamy,DNA_fingerprinting,3,no,species_coordinates,3,10,8,39,biparental,biparental
166Hunter1992,total,Fulmarus_glacialis,northern_fulmar,monogamy,28,0,28,0,59.53,-1.62,no,DNA_fingerprinting,1988,1988,1,March,May,single-year study,105,Fulmarus_glacialis,Fulmarus_glacialis,Fulmarus_glacialis,Fulmarus_glacialis,no_fam,no_fam,Pair,Pair,biparental,biparental,biparental,445,855,,552,911,751.3333333,1,0,0,0,0,0,Mono,NA,monogamy,Mono,0,SA,1,1,NA,NA,NA,NA,0,4,0,Non-territorial,Strong,59.53,-1.62,Fulmarus_glacialis_59.53_-1.62,monogamy,open,monogamy,monogamy,DNA_fingerprinting,1,no,species_coordinates,0,28,0,28,biparental,biparental
402McRae1996,total,Gallinula_chloropus,moorhen,monogamy,68,0,13,0,52.63,-0.27,no,DNA_fingerprinting,1991,1993,3,March,July,yes,106,Gallinula_chloropus,Gallinula_chloropus,Gallinula_chloropus,Gallinula_chloropus,coop_families,coop_families,Cooperation,Cooperation,cooperation,cooperation,cooperation,192,343,,249,493,297.5,0,0,0,0,0,0,Mono,Poly,mixed,MonoPoly,0,SA,2,14,yes,28.9,Clements_name,NA,1,4,0,Territorial,Weak,52.63,-0.27,Gallinula_chloropus_52.63_-0.27,monogamy,open,monogamy,monogamy,DNA_fingerprinting,3,no,species_coordinates,0,13,0,68,NA,NA
471Piper1997,total,Gavia_immer,common_loon,monogamy,58,0,47,0,45.7,-89.62,no,DNA_fingerprinting,1991,1994,4,May,July,no,107,Gavia_immer,Gavia_immer,Gavia_immer,Gavia_immer,no_fam,no_fam,Pair,Pair,biparental,biparental,biparental,1640,6200,,2650,9100,4898.333333,0,0,1,0,0,0,Mono,NA,monogamy,Mono,3,M,1,3,NA,NA,NA,NA,0,4,0,Non-territorial,Strong,45.7,-89.62,Gavia_immer_45.7_-89.62,monogamy,ground,monogamy,monogamy,DNA_fingerprinting,4,no,species_coordinates,0,47,0,58,biparental,biparental
373Grant2011,total,Geospiza_fortis,medium_ground-finch,monogamy,1248,17.1,NA,NA,-0.42,-90.37,no,microsatellite,1987,1998,12,January,April,yes,108,Geospiza_fortis,Geospiza_fortis,Geospiza_fortis,Geospiza_fortis,no_fam,no_fam,nk-coop,nk-coop,nk_cooperation,nk_cooperation,nk_cooperation,NA,NA,,NA,NA,25,0,0,0,0,0,0,NA,NA,NA,NA,0,SP,4,4,NA,NA,NA,NA,1,4,0,Territorial,Weak,-0.42,-90.37,Geospiza_fortis_-0.42_-90.37,monogamy,other_enclosed,monogamy,monogamy,microsatellite,12,no,species_coordinates,NA,NA,213,1035,NA,NA
373Grant2011,total,Geospiza_scandens,cactus_finch,monogamy,368,10.3,NA,NA,-0.42,-90.37,no,microsatellite,1987,1998,12,January,April,no,109,Geospiza_scandens,Geospiza_scandens,Geospiza_scandens,Geospiza_scandens,no_fam,no_fam,nk-coop,nk-coop,nk_cooperation,nk_cooperation,nk_cooperation,NA,NA,,NA,NA,21.3,0,0,0,0,0,0,NA,NA,NA,NA,0,SP,3,4,NA,NA,NA,NA,1,4,0,Territorial,Weak,-0.42,-90.37,Geospiza_scandens_-0.42_-90.37,monogamy,other_enclosed,monogamy,monogamy,microsatellite,12,no,species_coordinates,NA,NA,38,330,NA,NA
37Abroe2007,total,Geothlypis_trichas,yellowthroat,monogamy,486,19.1,138,43.5,43.38,-88.02,NA,microsatellite,2002,2004,3,May,August,no,110,Geothlypis_trichas,Geothlypis_trichas,Geothlypis_trichas,Geothlypis_trichas,no_fam,no_fam,Pair,Pair,biparental,biparental,biparental,6,16,,7.6,15.5,11.275,0,1,1,0,1,0,Mono,NA,monogamy,Mono,0,CP,1,6,no,0,Clements_name,NA,2,4,0,Territorial,Strong,43.38,-88.02,Geothlypis_trichas_43.38_-88.02,monogamy,open,monogamy,monogamy,microsatellite,3,NA,species_coordinates,60,78,93,393,biparental,biparental
317Hall2000,total,Grallina_cyanoleuca,Australian_magpie-lark,monogamy,103,2.9,47,6.4,-35.27,149.12,no,DNA_fingerprinting,1995,1996,2,August,December,no,111,Grallina_cyanoleuca,Grallina_cyanoleuca,Grallina_cyanoleuca,Grallina_cyanoleuca,family,family,pair,Pair,biparental,biparental,biparental,60,94.5,,63.9,118,84.1,0,0,1,1,0,0,Mono,NA,monogamy,Mono,3,CP,1,6,NA,NA,NA,NA,0,4,0,Territorial,Weak,-35.27,149.12,Grallina_cyanoleuca_-35.27_149.12,monogamy,open,monogamy,monogamy,DNA_fingerprinting,2,no,species_coordinates,3,44,3,100,biparental,biparental
292Hayes2006,total,Grus_canadensis,sandhill_crane,monogamy,45,11.1,18,22.2,43.6,-89.6,no,microsatellite,1991,2004,14,March,November,no,112,Grus_canadensis,Grus_canadensis,Antigone_canadensis,Antigone_canadensis,family,family,Pair,Pair,biparental,biparental,biparental,2450,4840,,2700,5430,3855,0,0,0,0,0,0,Mono,NA,monogamy,Mono,0,HC,2,2,NA,NA,NA,NA,1,4,0,Territorial,Strong,43.6,-89.6,Grus_canadensis_43.6_-89.6,monogamy,open,monogamy,monogamy,microsatellite,14,no,species_coordinates,4,14,5,40,biparental,biparental
365Gouar2011,total,Gyps_fulvus,griffon_vulture,monogamy,30,0,NA,NA,44.27,5.27,no,microsatellite,2001,2004,4,December,August,other,113,Gyps_fulvus,Gyps_fulvus,Gyps_fulvus,Gyps_fulvus,no_fam,no_fam,Pair,Pair,biparental,biparental,biparental,6200,9400,,6500,10400,7866.666667,1,1,0,0,0,0,Mono,Poly,mixed,MonoPoly,0,"O,PL",1,1,NA,NA,NA,NA,0,4,0,Non-territorial,Weak,44.27,5.27,Gyps_fulvus_44.27_5.27,monogamy,open,monogamy,monogamy,microsatellite,4,no,species_coordinates,NA,NA,0,30,biparental,biparental
365Gouar2011,total,Gyps_fulvus,griffon_vulture,monogamy,10,0,NA,NA,43.77,6.37,no,microsatellite,2002,2004,3,December,August,other,113,Gyps_fulvus,Gyps_fulvus,Gyps_fulvus,Gyps_fulvus,no_fam,no_fam,Pair,Pair,biparental,biparental,biparental,6200,9400,,6500,10400,7866.666667,1,1,0,0,0,0,Mono,Poly,mixed,MonoPoly,0,"O,PL",1,1,NA,NA,NA,NA,0,4,0,Non-territorial,Weak,43.77,6.37,Gyps_fulvus_43.77_6.37,monogamy,open,monogamy,monogamy,microsatellite,3,no,species_coordinates,NA,NA,0,10,biparental,biparental
194Chiver2015,total,Habia_fuscicauda,red-throated_ant-tanager,monogamy,41,41.5,19,52.6,9.08,-79.65,no,microsatellite,2007,2010,4,February,May,no,114,Habia_fuscicauda,Habia_fuscicauda,Driophlox_fuscicauda,Driophlox_fuscicauda,coop_families,coop_families,Cooperation,Cooperation,cooperation,cooperation,cooperation,29,44,,32.9,47.1,38.25,0,0,1,1,0,0,Mono,NA,monogamy,Mono,1,NA,2,4,NA,NA,NA,NA,2,4,0,Territorial,Weak,9.08,-79.65,Habia_fuscicauda_9.08_-79.65,monogamy,NA,monogamy,monogamy,microsatellite,4,no,species_coordinates,10,9,17,24,NA,NA
124Heg1993,total,Haematopus_ostralegus,Eurasian_oystercatcher,monogamy,65,1.5,26,3.8,53.48,6.22,no,DNA_fingerprinting,1986,1991,6,March,August,no,115,Haematopus_ostralegus,Haematopus_ostralegus,Haematopus_ostralegus,Haematopus_ostralegus,no_fam,no_fam,nk-coop,nk-coop,nk_cooperation,nk_cooperation,nk_cooperation,445,820,,425,805,600,0,0,0,0,0,0,Mono,Poly,mixed,MonoPoly,0,SC,2,5,NA,NA,NA,NA,1,4,0,Territorial,Weak,53.48,6.22,Haematopus_ostralegus_53.48_6.22,monogamy,ground,monogamy,monogamy,DNA_fingerprinting,6,no,species_coordinates,1,25,1,64,NA,NA
307 Magrath1997,total,Hirundo_ariel,fairy_martin,monogamy,203,13.8,70,20,-37.8,144.95,no,microsatellite,1994,1996,3,August,February,no,116,Hirundo_ariel,Hirundo_ariel,Petrochelidon_ariel,Petrochelidon_ariel,NA,NA,Pair,Pair,biparental,biparental,biparental,9.1,14.1,,9.1,13,11.38333333,1,0,0,0,0,0,Mono,NA,monogamy,Mono,0,SP,2,5,NA,NA,NA,NA,1,4,0,Non-territorial,Weak,-37.8,144.95,Hirundo_ariel_-37.8_144.95,monogamy,other_enclosed,monogamy,monogamy,microsatellite,3,no,species_coordinates,14,56,28,175,biparental,biparental
341Saino1999,total,Hirundo_rustica,barn_swallow,monogamy,214,28.5,52,51.9,45.43,8.62,no,microsatellite,1994,1994,1,May,June,single-year study,117,Hirundo_rustica,Hirundo_rustica,Hirundo_rustica,Hirundo_rustica,no_fam,no_fam,Pair,Pair,biparental,biparental,biparental,11,24.8,,12.1,28.2,19.35,1,1,1,1,1,0,Mono,NA,monogamy,Mono,1,CP,2,7,no,0,Clements_name,NA,2,4,0,Non-territorial,Strong,45.43,8.62,Hirundo_rustica_45.43_8.62,monogamy,open,monogamy,monogamy,microsatellite,1,no,species_coordinates,27,25,61,153,biparental,biparental
234Lifjeld2011,total,Hirundo_rustica,barn_swallow,monogamy,603,31.2,139,NA,44.47,-76.47,no,microsatellite,2003,2004,2,April,August,no,117,Hirundo_rustica,Hirundo_rustica,Hirundo_rustica,Hirundo_rustica,no_fam,no_fam,Pair,Pair,biparental,biparental,biparental,11,24.8,,12.1,28.2,19.35,1,1,1,1,1,0,Mono,NA,monogamy,Mono,1,CP,2,7,no,0,Clements_name,NA,2,4,0,Non-territorial,Strong,44.47,-76.47,Hirundo_rustica_44.47_-76.47,monogamy,open,monogamy,monogamy,microsatellite,2,no,species_coordinates,NA,NA,188,415,biparental,biparental
345Kleven2005,total,Hirundo_rustica,barn_swallow,monogamy,917,28.8,210,48.1,44.57,-76.32,no,microsatellite,2003,2004,2,April,August,no,117,Hirundo_rustica,Hirundo_rustica,Hirundo_rustica,Hirundo_rustica,no_fam,no_fam,Pair,Pair,biparental,biparental,biparental,11,24.8,,12.1,28.2,19.35,1,1,1,1,1,0,Mono,NA,monogamy,Mono,1,CP,2,7,no,0,Clements_name,NA,2,4,0,Non-territorial,Strong,44.57,-76.32,Hirundo_rustica_44.57_-76.32,monogamy,open,monogamy,monogamy,microsatellite,2,no,species_coordinates,101,109,264,653,biparental,biparental
27Møller1997,total,Hirundo_rustica,barn_swallow,monogamy,261,28,63,33.3,57.2,10,no,DNA_fingerprinting,1988,1989,2,NA,NA,no,117,Hirundo_rustica,Hirundo_rustica,Hirundo_rustica,Hirundo_rustica,no_fam,no_fam,Pair,Pair,biparental,biparental,biparental,11,24.8,,12.1,28.2,19.35,1,1,1,1,1,0,Mono,NA,monogamy,Mono,1,CP,2,7,no,0,Clements_name,NA,2,4,0,Non-territorial,Strong,57.2,10,Hirundo_rustica_57.2_10,monogamy,open,monogamy,monogamy,DNA_fingerprinting,2,no,species_coordinates,21,42,73,188,biparental,biparental
443Laskemoen2013,total,Hirundo_rustica,barn_swallow,monogamy,108,23.1,25,60,49.07,14.73,NA,NA,NA,NA,#VALUE!,May,August,no,117,Hirundo_rustica,Hirundo_rustica,Hirundo_rustica,Hirundo_rustica,no_fam,no_fam,Pair,Pair,biparental,biparental,biparental,11,24.8,,12.1,28.2,19.35,1,1,1,1,1,0,Mono,NA,monogamy,Mono,1,CP,2,7,no,0,Clements_name,NA,2,4,0,Non-territorial,Strong,49.07,14.73,Hirundo_rustica_49.07_14.73,monogamy,open,monogamy,monogamy,NA,NA,NA,species_coordinates,15,10,25,83,biparental,biparental
181Ellegren1997,total,Hirundo_rustica,barn_swallow,monogamy,80,30,18,50,50.5,30.82,no,microsatellite,1991,1996,6,May,August,no,117,Hirundo_rustica,Hirundo_rustica,Hirundo_rustica,Hirundo_rustica,no_fam,no_fam,Pair,Pair,biparental,biparental,biparental,11,24.8,,12.1,28.2,19.35,1,1,1,1,1,0,Mono,NA,monogamy,Mono,1,CP,2,7,no,0,Clements_name,NA,2,4,0,Non-territorial,Strong,50.5,30.82,Hirundo_rustica_50.5_30.82,monogamy,open,monogamy,monogamy,microsatellite,6,no,species_coordinates,9,9,24,56,biparental,biparental
72Eikenaar2011,total,Hirundo_rustica,barn_swallow,monogamy,424,34.2,94,55.3,37.22,-80.42,no,microsatellite,2009,2010,2,April,August,yes,117,Hirundo_rustica,Hirundo_rustica,Hirundo_rustica,Hirundo_rustica,no_fam,no_fam,Pair,Pair,biparental,biparental,biparental,11,24.8,,12.1,28.2,19.35,1,1,1,1,1,0,Mono,NA,monogamy,Mono,1,CP,2,7,no,0,Clements_name,NA,2,4,0,Non-territorial,Strong,37.22,-80.42,Hirundo_rustica_37.22_-80.42,monogamy,open,monogamy,monogamy,microsatellite,2,no,species_coordinates,52,42,145,279,biparental,biparental
305Hasegawa2010,total,Hirundo_rustica,barn_swallow,monogamy,296,2.7,65,7.7,37.12,138.02,no,microsatellite,2005,2006,2,April,August,yes,117,Hirundo_rustica,Hirundo_rustica,Hirundo_rustica,Hirundo_rustica,no_fam,no_fam,Pair,Pair,biparental,biparental,biparental,11,24.8,,12.1,28.2,19.35,1,1,1,1,1,0,Mono,NA,monogamy,Mono,1,CP,2,7,no,0,Clements_name,NA,2,4,0,Non-territorial,Strong,37.12,138.02,Hirundo_rustica_37.12_138.02,monogamy,open,monogamy,monogamy,microsatellite,2,no,species_coordinates,5,60,8,288,biparental,biparental
472 Kojima2009,total,Hirundo_rustica,barn_swallow,monogamy,301,15.6,71,26.7,35.22,139.88,no,microsatellite,2006,2007,2,April,August,yes,117,Hirundo_rustica,Hirundo_rustica,Hirundo_rustica,Hirundo_rustica,no_fam,no_fam,Pair,Pair,biparental,biparental,biparental,11,24.8,,12.1,28.2,19.35,1,1,1,1,1,0,Mono,NA,monogamy,Mono,1,CP,2,7,no,0,Clements_name,NA,2,4,0,Non-territorial,Strong,35.22,139.88,Hirundo_rustica_35.22_139.88,monogamy,open,monogamy,monogamy,microsatellite,2,no,species_coordinates,19,52,47,254,biparental,biparental
26Moller2003,total,Hirundo_rustica,barn_swallow,monogamy,674,17.8,170,32.4,38.83,-6.98,no,microsatellite,1994,1994,1,March,June,single-year study,117,Hirundo_rustica,Hirundo_rustica,Hirundo_rustica,Hirundo_rustica,no_fam,no_fam,Pair,Pair,biparental,biparental,biparental,11,24.8,,12.1,28.2,19.35,1,1,1,1,1,0,Mono,NA,monogamy,Mono,1,CP,2,7,no,0,Clements_name,NA,2,4,0,Non-territorial,Strong,38.83,-6.98,Hirundo_rustica_38.83_-6.98,monogamy,open,monogamy,monogamy,microsatellite,1,no,species_coordinates,55,115,120,554,biparental,biparental
105Neuman2007,total,Hirundo_rustica,barn_swallow,monogamy,NA,NA,53,49.1,42.35,-76.5,no,microsatellite,2002,2002,1,May,August,single-year study,117,Hirundo_rustica,Hirundo_rustica,Hirundo_rustica,Hirundo_rustica,no_fam,no_fam,Pair,Pair,biparental,biparental,biparental,11,24.8,,12.1,28.2,19.35,1,1,1,1,1,0,Mono,NA,monogamy,Mono,1,CP,2,7,no,0,Clements_name,NA,2,4,0,Non-territorial,Strong,42.35,-76.5,Hirundo_rustica_42.35_-76.5,monogamy,open,monogamy,monogamy,microsatellite,1,no,species_coordinates,26,27,NA,NA,biparental,biparental
184Smith1991,total,Hirundo_rustica,barn_swallow,monogamy,NA,NA,11,45.5,44.55,-76.32,no,NA,1989,1989,1,May,August,single-year study,117,Hirundo_rustica,Hirundo_rustica,Hirundo_rustica,Hirundo_rustica,no_fam,no_fam,Pair,Pair,biparental,biparental,biparental,11,24.8,,12.1,28.2,19.35,1,1,1,1,1,0,Mono,NA,monogamy,Mono,1,CP,2,7,no,0,Clements_name,NA,2,4,0,Non-territorial,Strong,44.55,-76.32,Hirundo_rustica_44.55_-76.32,monogamy,open,monogamy,monogamy,NA,1,no,species_coordinates,5,6,NA,NA,biparental,biparental
478Vortman2011,total,Hirundo_rustica,barn_swallow,monogamy,NA,16,41,NA,32.97,35.55,no,microsatellite,2006,2008,3,November,July,no,117,Hirundo_rustica,Hirundo_rustica,Hirundo_rustica,Hirundo_rustica,no_fam,no_fam,Pair,Pair,biparental,biparental,biparental,11,24.8,,12.1,28.2,19.35,1,1,1,1,1,0,Mono,NA,monogamy,Mono,1,CP,2,7,no,0,Clements_name,NA,2,4,0,Non-territorial,Strong,32.97,35.55,Hirundo_rustica_32.97_35.55,monogamy,open,monogamy,monogamy,microsatellite,3,no,species_coordinates,NA,NA,NA,NA,biparental,biparental
315Evans2008,total,Hylocichla_mustelina,wood_thrush,monogamy,151,6,51,13.7,41.77,-79.93,no,microsatellite,2002,2004,3,May,July,yes,118,Hylocichla_mustelina,Hylocichla_mustelina,Hylocichla_mustelina,Hylocichla_mustelina,no_fam,no_fam,Pair,Pair,biparental,biparental,biparental,40.5,76,,37,62,53.875,0,1,0,0,0,0,Mono,NA,monogamy,Mono,0,CP,3,4,no,0,Clements_name,NA,1,4,0,Territorial,Strong,41.77,-79.93,Hylocichla_mustelina_41.77_-79.93,monogamy,open,monogamy,monogamy,microsatellite,3,no,species_coordinates,7,44,9,142,biparental,biparental
314Evans2009,total,Hylocichla_mustelina,wood_thrush,monogamy,112,40.2,36,66.7,43.25,-80.88,no,microsatellite,2002,2003,2,May,July,no,118,Hylocichla_mustelina,Hylocichla_mustelina,Hylocichla_mustelina,Hylocichla_mustelina,no_fam,no_fam,Pair,Pair,biparental,biparental,biparental,40.5,76,,37,62,53.875,0,1,0,0,0,0,Mono,NA,monogamy,Mono,0,CP,3,4,no,0,Clements_name,NA,1,4,0,Territorial,Strong,43.25,-80.88,Hylocichla_mustelina_43.25_-80.88,monogamy,open,monogamy,monogamy,microsatellite,2,no,species_coordinates,24,12,45,67,biparental,biparental
314Evans2009,total,Empidonax_virescens,acadian_flycatcher,monogamy,29,14,12,25,NA,NA,no,microsatellite,2002,2003,2,May,June,no,86,Empidonax_virescens,Empidonax_virescens,Empidonax_virescens,Empidonax_virescens,no_fam,no_fam,Pair,Pair,biparental,biparental,biparental,11.1,13.8,,11.9,13.9,12.63333333,0,0,0,0,0,0,NA,NA,NA,NA,0,CP,1,4,NA,NA,NA,NA,2,4,0,Territorial,Strong,NA,NA,Empidonax_virescens_314Evans2009,monogamy,open,monogamy,monogamy,microsatellite,2,no,species_study_id_missing_coordinates,3,9,4,25,biparental,biparental
414Triggs1991,total,Hymenolaimus_malacorhynchos,blue_duck,monogamy,14,0,10,0,-39.38,175.13,no,DNA_fingerprinting,1987,1988,2,August,December,no,119,Hymenolaimus_malacorhynchos,Hymenolaimus_malacorhynchos,Hymenolaimus_malacorhynchos,Hymenolaimus_malacorhynchos,no_fam,no_fam,Pair,Pair,biparental,biparental,biparental,680,870,,820,1077,861.75,0,0,0,1,0,0,Mono,NA,monogamy,Mono,0,"CR,CV",5,6,NA,NA,NA,NA,0,4,0,Territorial,Weak,-39.38,175.13,Hymenolaimus_malacorhynchos_-39.38_175.13,monogamy,cavity,monogamy,monogamy,DNA_fingerprinting,2,no,species_coordinates,0,10,0,14,biparental,biparental
73Miño2011a,total,Icteria_virens_auricollis,yellow-breasted_chat,monogamy,73,30.7,NA,50.9,NA,NA,no,microsatellite,2009,2009,1,NA,NA,no,120,Icteria_virens,Icteria_virens,Icteria_virens,Icteria_virens,NA,no_fam,NA,Pair,NA,NA,NA,21.5,35.5,,15.5,36,27.5,0,0,0,0,0,0,NA,NA,NA,NA,0,CP,3,5,NA,NA,NA,NA,2,4,0,Territorial,Weak,NA,NA,Icteria_virens_auricollis_73Miño2011a,monogamy,open,monogamy,monogamy,microsatellite,1,no,species_study_id_missing_coordinates,NA,NA,22,51,NA,NA
138Richardson1999,total,Icterus_galbula,Bullock´s_oriole,monogamy,202,32.2,48,45.8,36.37,-121.55,no,DNA_fingerprinting,1994,1995,2,March,June,yes,121,Icterus_galbula,Icterus_galbula,Icterus_galbula,Icterus_galbula,no_fam,no_fam,Pair,Pair,biparental,biparental,biparental,27.9,41.5,,22.3,40,33.43333333,0,1,1,0,1,0,Mono,NA,monogamy,Mono,0,PN,3,7,NA,NA,NA,NA,2,4,0,Non-territorial,Strong,36.37,-121.55,Icterus_galbula_36.37_-121.55,monogamy,other_enclosed,monogamy,monogamy,DNA_fingerprinting,2,no,species_coordinates,22,26,65,137,biparental,biparental
195Lopes2013,total,Jabiru_mycteria,jabiru,monogamy,40,7.69,20,10,-17,-56,no,microsatellite,NA,NA,#VALUE!,June,September,no,122,Jabiru_mycteria,Jabiru_mycteria,Jabiru_mycteria,Jabiru_mycteria,no_fam,no_fam,Pair,Pair,biparental,biparental,biparental,4300,6356,,5902,8100,6164.5,1,0,1,0,1,0,NA,NA,NA,NA,0,NA,2,5,NA,NA,NA,NA,0,4,0,Non-territorial,Weak,-17,-56,Jabiru_mycteria_-17_-56,monogamy,NA,monogamy,monogamy,microsatellite,NA,no,species_coordinates,2,18,3,37,biparental,biparental
237Atwell2014,total,Junco_hyemalis,dark-eyed_junco,monogamy,229,26.2,89,NA,32.87,-117.02,no,microsatellite,2006,2007,2,February,July,no,123,Junco_hyemalis,Junco_hyemalis,Junco_hyemalis,Junco_hyemalis,no_fam,no_fam,Pair,Pair,biparental,biparental,biparental,14.3,26.4,,14.3,26.7,20.53333333,0,0,0,0,0,0,NA,NA,NA,NA,0,"BU,CR,O,CP",3,5,NA,NA,NA,NA,2,4,0,Territorial,Strong,32.87,-117.02,Junco_hyemalis_32.87_-117.02,monogamy,cavity,monogamy,monogamy,microsatellite,2,no,species_coordinates,NA,NA,60,169,biparental,biparental
237Atwell2014,total,Junco_hyemalis,dark-eyed_junco,monogamy,124,36.3,40,NA,32.87,-116.03,no,microsatellite,2006,2007,2,February,July,no,123,Junco_hyemalis,Junco_hyemalis,Junco_hyemalis,Junco_hyemalis,no_fam,no_fam,Pair,Pair,biparental,biparental,biparental,14.3,26.4,,14.3,26.7,20.53333333,0,0,0,0,0,0,NA,NA,NA,NA,0,"BU,CR,O,CP",3,5,NA,NA,NA,NA,2,4,0,Territorial,Strong,32.87,-116.03,Junco_hyemalis_32.87_-116.03,monogamy,cavity,monogamy,monogamy,microsatellite,2,no,species_coordinates,NA,NA,45,79,biparental,biparental
340Gerlach2012,total,Junco_hyemalis,dark-eyed_junco,monogamy,2148,27.2,NA,NA,37.37,-80.53,no,DNA_fingerprinting/microsatellite,1990,1996,7,April,June,no,123,Junco_hyemalis,Junco_hyemalis,Junco_hyemalis,Junco_hyemalis,no_fam,no_fam,Pair,Pair,biparental,biparental,biparental,14.3,26.4,,14.3,26.7,20.53333333,0,0,0,0,0,0,NA,NA,NA,NA,0,"BU,CR,O,CP",3,5,NA,NA,NA,NA,2,4,0,Territorial,Strong,37.37,-80.53,Junco_hyemalis_37.37_-80.53,monogamy,cavity,monogamy,monogamy,mixed_other,7,no,species_coordinates,NA,NA,584,1564,biparental,biparental
339 Gerlach2013,total,Junco_hyemalis,dark-eyed_junco,monogamy,NA,NA,41,43.9,37.37,-80.53,no,microsatellite,2001,2007,7,April,July,no,123,Junco_hyemalis,Junco_hyemalis,Junco_hyemalis,Junco_hyemalis,no_fam,no_fam,Pair,Pair,biparental,biparental,biparental,14.3,26.4,,14.3,26.7,20.53333333,0,0,0,0,0,0,NA,NA,NA,NA,0,"BU,CR,O,CP",3,5,NA,NA,NA,NA,2,4,0,Territorial,Strong,37.37,-80.53,Junco_hyemalis_37.37_-80.53,monogamy,cavity,monogamy,monogamy,microsatellite,7,no,species_coordinates,18,23,NA,NA,biparental,biparental
330Wink2011,total,Jynx_torquilla,Eurasian_wryneck,monogamy,292,0.7,50,2,51.9,11,yes,DNA_fingerprinting,2003,2005,3,May,July,yes,124,Jynx_torquilla,Jynx_torquilla,Jynx_torquilla,Jynx_torquilla,no_fam,no_fam,Pair,Pair,biparental,biparental,biparental,NA,NA,,NA,NA,38,0,0,0,0,0,0,Mono,NA,monogamy,Mono,0,CV,7,12,NA,NA,NA,NA,0,4,0,Territorial,Strong,51.9,11,Jynx_torquilla_51.9_11,monogamy,cavity,monogamy,monogamy,DNA_fingerprinting,3,yes,species_coordinates,1,49,2,290,biparental,biparental
228Freeland1995,total,Lagopus_lagopus,willow_ptarmigan,monogamy,256,9.4,38,13.2,59.83,-136.33,no,DNA_fingerprinting,1987,1992,6,June,July,yes,125,Lagopus_lagopus,Lagopus_lagopus,Lagopus_lagopus,Lagopus_lagopus,family,family,Pair,Pair,biparental,biparental,biparental,450,671.5,,516,695,595.4166667,0,1,0,0,0,0,Mono,Poly,mixed,MonoPoly,0,SC,3,14,NA,NA,NA,NA,1,4,0,Non-territorial,Weak,59.83,-136.33,Lagopus_lagopus_59.83_-136.33,monogamy,ground,monogamy,monogamy,DNA_fingerprinting,6,no,species_coordinates,5,33,24,232,biparental,biparental
136Benson2002,total,Lagopus_leucura,white-tailed_ptarmigan,monogamy,58,5.2,18,16.7,48.68,-113.72,no,microsatellite,1996,1998,3,May,September,yes,126,Lagopus_leucura,Lagopus_leucura,Lagopus_leucura,Lagopus_leucura,NA,no_fam,Pair,Pair,biparental,biparental,biparental,279,465,,298,416,361.8,0,1,0,0,0,0,Mono,NA,monogamy,Mono,0,SC,2,9,NA,NA,NA,NA,2,4,0,Non-territorial,Weak,48.68,-113.72,Lagopus_leucura_48.68_-113.72,monogamy,ground,monogamy,monogamy,microsatellite,3,no,species_coordinates,3,15,3,55,biparental,biparental
201van den Heuvel2014,total,Laniarius_atrococcineus,crimson-breasted_shrike,monogamy,74,18.9,41,29.3,-26.97,21.82,no,microsatellite,2008,2011,4,September,March,no,127,Laniarius_atrococcineus,Laniarius_atrococcineus,Laniarius_atrococcineus,Laniarius_atrococcineus,no_fam,no_fam,Pair,Pair,biparental,biparental,biparental,49.2,NA,,NA,NA,48.56666667,0,1,0,1,0,0,NA,NA,NA,NA,0,"CP,PL",2,3,NA,NA,NA,NA,1,4,0,Territorial,Weak,-26.97,21.82,Laniarius_atrococcineus_-26.97_21.82,monogamy,open,monogamy,monogamy,microsatellite,4,no,species_coordinates,12,29,14,60,biparental,biparental
436Yamagishi1992,total,Lanius_bucephalus,bull-headed_shrike,monogamy,99,10.1,24,16.7,34.57,135.53,no,DNA_fingerprinting,1989,1989,1,March,June,single-year study,128,Lanius_bucephalus,Lanius_bucephalus,Lanius_bucephalus,Lanius_bucephalus,family,family,Pair,Pair,biparental,biparental,biparental,34,54.4,,35,46,42.35,0,0,0,1,0,0,Mono,NA,monogamy,Mono,0,CP,2,7,NA,NA,NA,NA,1,4,0,Territorial,Strong,34.57,135.53,Lanius_bucephalus_34.57_135.53,monogamy,open,monogamy,monogamy,DNA_fingerprinting,1,no,species_coordinates,4,20,10,89,biparental,biparental
291Etterson2004,total,Lanius_ludovicianus,loggerhead_shrike,monogamy,179,4.5,36,13.9,34,-98,no,microsatellite,1998,1999,2,March,July,no,129,Lanius_ludovicianus,Lanius_ludovicianus,Lanius_ludovicianus,Lanius_ludovicianus,no_fam,no_fam,Pair,Pair,biparental,biparental,biparental,47.4,NA,,47.9,NA,47.2,0,0,1,0,0,0,Mono,NA,monogamy,Mono,0,CP,3,9,NA,NA,NA,NA,1,4,0,Territorial,Strong,34,-98,Lanius_ludovicianus_34_-98,monogamy,open,monogamy,monogamy,microsatellite,2,no,species_coordinates,5,31,8,171,biparental,biparental
167Valera2003,total,Lanius_minor,lesser_gray_shrike,monogamy,136,0,36,0,48.58,19.3,no,DNA_fingerprinting,1996,1997,2,April,July,no,130,Lanius_minor,Lanius_minor,Lanius_minor,Lanius_minor,no_fam,no_fam,Pair,Pair,biparental,biparental,biparental,45,50,,43,48,48.1,0,0,1,0,0,0,Mono,NA,monogamy,Mono,0,CP,3,7,NA,NA,NA,NA,0,4,0,Territorial,Strong,48.58,19.3,Lanius_minor_48.58_19.3,monogamy,open,monogamy,monogamy,DNA_fingerprinting,2,no,species_coordinates,0,36,0,136,biparental,biparental
295Bukacińska1998,total,Larus_canus,common_gull,monogamy,55,3.6,24,8.3,51.67,21.58,no,DNA_fingerprinting,1996,1997,2,April,July,no,131,Larus_canus,Larus_canus,Larus_canus,Larus_canus,no_fam,no_fam,Pair,Pair,biparental,biparental,biparental,290,530,,340,552,431.3333333,1,1,0,0,1,0,Mono,NA,monogamy,Mono,0,HC,3,5,NA,NA,NA,NA,0,4,0,Non-territorial,Strong,51.67,21.58,Larus_canus_51.67_21.58,monogamy,open,monogamy,monogamy,DNA_fingerprinting,2,no,species_coordinates,2,22,2,53,biparental,biparental
279Gilbert1998,total,Larus_occidentalis,western_gull,monogamy,33,0,22,0,37.7,-123,no,DNA_fingerprinting,1994,1995,2,April,July,no,132,Larus_occidentalis,Larus_occidentalis,Larus_occidentalis,Larus_occidentalis,family,family,Pair,Pair,biparental,biparental,biparental,769,1011,,800,1250,957.5,0,0,0,0,0,0,NA,NA,NA,NA,0,NA,1,5,NA,NA,NA,NA,0,4,0,Non-territorial,Weak,37.7,-123,Larus_occidentalis_37.7_-123,monogamy,NA,monogamy,monogamy,DNA_fingerprinting,2,no,species_coordinates,0,22,0,33,biparental,biparental
388Ležalová-Piálková2011,total,Larus_ridibundus,black-headed_gull,monogamy,79,20.3,30,33.3,48.92,17.08,no,microsatellite,2004,2004,1,April,May,single-year study,133,Larus_ridibundus,Larus_ridibundus,Chroicocephalus_ridibundus,Chroicocephalus_ridibundus,NA,NA,Pair,Pair,biparental,biparental,biparental,NA,NA,,NA,NA,261,1,0,0,0,0,0,Mono,NA,monogamy,Mono,0,SC,1,3,NA,NA,NA,NA,1,4,0,Non-territorial,Weak,48.92,17.08,Larus_ridibundus_48.92_17.08,monogamy,ground,monogamy,monogamy,microsatellite,1,no,species_coordinates,10,20,16,63,biparental,biparental
221Ewen2008,total,Lichenostomus_chrysops,yellow-faced_honeyeater,monogamy,18,44.4,NA,NA,-37.68,145.52,no,microsatellite,1997,2000,4,September,February,no,134,Lichenostomus_chrysops,Lichenostomus_chrysops,Caligavis_chrysops,Caligavis_chrysops,no_fam,no_fam,pair,Pair,biparental,biparental,biparental,13.8,20,,12,20.5,16.36666667,0,0,1,1,0,0,NA,NA,NA,NA,0,CP,1,3,NA,NA,NA,NA,2,4,0,Territorial,Strong,-37.68,145.52,Lichenostomus_chrysops_-37.68_145.52,monogamy,open,monogamy,monogamy,microsatellite,4,no,species_coordinates,NA,NA,8,10,biparental,biparental
225Neto2010,total,Locustella_luscinioides,Savi’s_warbler,monogamy,392,4.1,102,5.9,40.63,-8.68,no,microsatellite,2002,2008,7,March,July,yes,135,Locustella_luscinioides,Locustella_luscinioides,Locustella_luscinioides,Locustella_luscinioides,no_fam,no_fam,Pair,Pair,biparental,biparental,biparental,NA,NA,,NA,NA,16.1,0,0,0,0,0,0,Mono,NA,monogamy,Mono,0,CP,2,6,NA,NA,NA,NA,1,4,0,Territorial,Strong,40.63,-8.68,Locustella_luscinioides_40.63_-8.68,monogamy,open,monogamy,monogamy,microsatellite,7,no,species_coordinates,6,96,16,376,biparental,biparental
344Kleven2008,total,Loxia_curvirostra,common_crossbill,monogamy,96,0,34,0,59.5,11.33,no,microsatellite,1994,2007,14,January,April,no,136,Loxia_curvirostra,Loxia_curvirostra,Loxia_curvirostra,Loxia_curvirostra,no_fam,no_fam,pair,Pair,biparental,biparental,biparental,23.7,42.4,,23.8,45.4,33.825,0,0,0,0,0,0,Mono,NA,monogamy,Mono,0,CP,2,4,NA,NA,NA,NA,0,4,0,Non-territorial,Weak,59.5,11.33,Loxia_curvirostra_59.5_11.33,monogamy,open,monogamy,monogamy,microsatellite,14,no,species_coordinates,0,34,0,96,biparental,biparental
379Fleischer1994,total,Loxioides_bailleui,palila,monogamy,20,0,12,0,19.82,-155.47,no,DNA_fingerprinting,1993,1994,2,NA,NA,no,137,Loxioides_bailleui,Loxioides_bailleui,Loxioides_bailleui,Loxioides_bailleui,coop_families,coop_families,Cooperation,Cooperation,cooperation,cooperation,cooperation,36,37.6,,38.1,NA,37.425,0,0,0,0,0,0,NA,NA,NA,NA,1,CP,1,3,NA,NA,NA,NA,0,4,0,Territorial,Weak,19.82,-155.47,Loxioides_bailleui_19.82_-155.47,monogamy,open,monogamy,monogamy,DNA_fingerprinting,2,no,species_coordinates,0,12,0,20,NA,NA
78Landgraf2017,total,Luscinia_megarhynchos,common_nightingale,monogamy,121,21.5,28,46.4,52.4,12.97,no,microsatellite,2009,2012,4,May,July,no,138,Luscinia_megarhynchos,Luscinia_megarhynchos,Luscinia_megarhynchos,Luscinia_megarhynchos,no_fam,no_fam,Pair,Pair,biparental,biparental,biparental,NA,NA,,NA,NA,25.5,0,0,0,0,0,0,Mono,NA,monogamy,Mono,0,"CP,DM",4,5,NA,NA,NA,NA,1,4,0,Territorial,Strong,52.4,12.97,Luscinia_megarhynchos_52.4_12.97,monogamy,ground,monogamy,monogamy,microsatellite,4,no,species_coordinates,13,15,26,95,biparental,biparental
17Johnsen2003,total,Luscinia_svecica,bluethroat,monogamy,1568,26.3,245,47.8,62.42,8.87,no,DNA_fingerprinting/microsatellite,1991,2000,10,May,July,yes,139,Luscinia_svecica,Luscinia_svecica,Luscinia_svecica,Luscinia_svecica,no_fam,no_fam,Pair,Pair,biparental,biparental,biparental,14.5,22,,15.1,19.5,18.01666667,0,0,0,0,0,0,Mono,Poly,mixed,MonoPoly,0,CP,4,7,NA,NA,NA,NA,2,4,0,Territorial,Strong,62.42,8.87,Luscinia_svecica_62.42_8.87,monogamy,open,monogamy,monogamy,mixed_other,10,no,species_coordinates,117,128,412,1156,biparental,biparental
17Johnsen2012,total,Luscinia_svecica,bluethroat,monogamy,183,25.7,33,54.5,62.42,8.87,NA,microsatellite,NA,NA,#VALUE!,May,July,other,139,Luscinia_svecica,Luscinia_svecica,Luscinia_svecica,Luscinia_svecica,no_fam,no_fam,Pair,Pair,biparental,biparental,biparental,14.5,22,,15.1,19.5,18.01666667,0,0,0,0,0,0,Mono,Poly,mixed,MonoPoly,0,CP,4,7,NA,NA,NA,NA,2,4,0,Territorial,Strong,62.42,8.87,Luscinia_svecica_62.42_8.87,monogamy,open,monogamy,monogamy,microsatellite,NA,NA,species_coordinates,18,15,47,136,biparental,biparental
429 Questiau1999,total,Luscinia_svecica,bluethroat,monogamy,162,42,36,63.9,27.33,-2.42,no,other,1995,1996,2,NA,NA,no,139,Luscinia_svecica,Luscinia_svecica,Luscinia_svecica,Luscinia_svecica,no_fam,no_fam,Pair,Pair,biparental,biparental,biparental,14.5,22,,15.1,19.5,18.01666667,0,0,0,0,0,0,Mono,Poly,mixed,MonoPoly,0,CP,4,7,NA,NA,NA,NA,2,4,0,Territorial,Strong,27.33,-2.42,Luscinia_svecica_27.33_-2.42,monogamy,open,monogamy,monogamy,mixed_other,2,no,species_coordinates,23,13,68,94,biparental,biparental
411Lawless1997,total,Megascops_asio,eastern_screech-owl,monogamy,80,0,23,0,37.62,-84.12,yes,DNA_fingerprinting,1994,1994,1,March,June,single-year study,140,Megascops_asio,Megascops_asio,Megascops_asio,Megascops_asio,no_fam,no_fam,pair,Pair,biparental,biparental,biparental,150,263,,140,210,190.75,0,0,0,0,0,0,Mono,NA,monogamy,Mono,3,"CV,O",3,5,NA,NA,NA,NA,0,4,0,Territorial,Weak,37.62,-84.12,Megascops_asio_37.62_-84.12,monogamy,cavity,monogamy,monogamy,DNA_fingerprinting,1,yes,species_coordinates,0,23,0,80,biparental,biparental
49Olsen2008,total,Melospiza_georgiana,swamp_sparrow,monogamy,149,20.8,59,44.1,39.6,-79.3,no,microsatellite,2002,2005,4,May,August,no,141,Melospiza_georgiana,Melospiza_georgiana,Melospiza_georgiana,Melospiza_georgiana,no_fam,no_fam,Pair,Pair,biparental,biparental,biparental,17,NA,,NA,NA,17.3,0,0,0,0,0,0,Mono,NA,monogamy,Mono,0,CP,1,6,NA,NA,NA,NA,1,4,0,Territorial,Strong,39.6,-79.3,Melospiza_georgiana_39.6_-79.3,monogamy,open,monogamy,monogamy,microsatellite,4,no,species_coordinates,26,33,31,118,biparental,biparental
49Olsen2008,total,Melospiza_georgiana,swamp_sparrow,monogamy,201,20.9,54,38.9,39.3,-75.5,no,microsatellite,2004,2005,2,May,August,no,141,Melospiza_georgiana,Melospiza_georgiana,Melospiza_georgiana,Melospiza_georgiana,no_fam,no_fam,Pair,Pair,biparental,biparental,biparental,17,NA,,NA,NA,17.3,0,0,0,0,0,0,Mono,NA,monogamy,Mono,0,CP,1,6,NA,NA,NA,NA,1,4,0,Territorial,Strong,39.3,-75.5,Melospiza_georgiana_39.3_-75.5,monogamy,open,monogamy,monogamy,microsatellite,2,no,species_coordinates,21,33,42,159,biparental,biparental
66Hill2011,total,Melospiza_melodia,song_sparrow,monogamy,191,23.6,72,36.1,47.65,-122.03,no,microsatellite,1996,1998,3,March,August,no,142,Melospiza_melodia,Melospiza_melodia,Melospiza_melodia,Melospiza_melodia,no_fam,no_fam,Pair,Pair,biparental,biparental,biparental,17.1,27,,18,45.7,25.46666667,0,0,0,0,0,0,Mono,Poly,mixed,MonoPoly,0,CP,1,6,NA,NA,NA,NA,2,4,0,Territorial,Weak,47.65,-122.03,Melospiza_melodia_47.65_-122.03,monogamy,open,monogamy,monogamy,microsatellite,3,no,species_coordinates,26,46,45,146,biparental,biparental
132Major2004,total,Melospiza_melodia,song_sparrow,monogamy,38,10.5,10,30,44.75,-63.68,no,microsatellite,2000,2000,1,April,July,single-year study,142,Melospiza_melodia,Melospiza_melodia,Melospiza_melodia,Melospiza_melodia,no_fam,no_fam,Pair,Pair,biparental,biparental,biparental,17.1,27,,18,45.7,25.46666667,0,0,0,0,0,0,Mono,Poly,mixed,MonoPoly,0,CP,1,6,NA,NA,NA,NA,2,4,0,Territorial,Weak,44.75,-63.68,Melospiza_melodia_44.75_-63.68,monogamy,open,monogamy,monogamy,microsatellite,1,no,species_coordinates,3,7,4,34,biparental,biparental
239Reid2014,total,Melospiza_melodia,song_sparrow,monogamy,2667,28.2,NA,NA,48.63,-123.02,no,microsatellite,1993,2011,19,March,August,other,142,Melospiza_melodia,Melospiza_melodia,Melospiza_melodia,Melospiza_melodia,no_fam,no_fam,Pair,Pair,biparental,biparental,biparental,17.1,27,,18,45.7,25.46666667,0,0,0,0,0,0,Mono,Poly,mixed,MonoPoly,0,CP,1,6,NA,NA,NA,NA,2,4,0,Territorial,Weak,48.63,-123.02,Melospiza_melodia_48.63_-123.02,monogamy,open,monogamy,monogamy,microsatellite,19,no,species_coordinates,NA,NA,752,1915,biparental,biparental
204Hartley1993,total,Miliaria_calandra,corn_bunting,monogamy,44,4.5,15,6.7,57.62,-7.5,no,DNA_fingerprinting,1989,1990,2,May,August,no,143,Miliaria_calandra,Miliaria_calandra,Emberiza_calandra,Emberiza_calandra,no_fam,no_fam,Pair,Pair,biparental,biparental,biparental,36,53,,45,63,49.33333333,0,0,0,0,0,0,Mono,Poly,mixed,MonoPoly,0,CP,1,7,NA,NA,NA,NA,2,4,0,Territorial,Weak,57.62,-7.5,Miliaria_calandra_57.62_-7.5,monogamy,open,monogamy,monogamy,DNA_fingerprinting,2,no,species_coordinates,1,14,2,42,biparental,biparental
74Miño2011b,total,Mycteria_americana,wood_stork,monogamy,58,0,29,0,NA,NA,no,microsatellite,2006,2008,3,NA,NA,no,144,Mycteria_americana,Mycteria_americana,Mycteria_americana,Mycteria_americana,no_fam,no_fam,Pair,Pair,biparental,biparental,biparental,2050,2780,,2700,3090,2655,1,0,0,0,0,0,Mono,NA,monogamy,Mono,0,NA,2,5,NA,NA,NA,NA,0,4,0,Non-territorial,Weak,NA,NA,Mycteria_americana_74Miño2011b,monogamy,NA,monogamy,monogamy,microsatellite,3,no,species_study_id_missing_coordinates,0,29,0,58,biparental,biparental
11Silvia2010,total,Myiopsitta_monachus,monk_parakeet,monogamy,58,0,52,0,27,-81,no,microsatellite,NA,NA,#VALUE!,May,June,no,145,Myiopsitta_monachus,Myiopsitta_monachus,Myiopsitta_monachus,Myiopsitta_monachus,family,family,Pair,Pair,pair,pair,pair,112,140,,90,134,114.3333333,1,0,0,0,0,0,Mono,NA,monogamy,Mono,3,DM,5,7,no,3.6,Clements_name,NA,0,4,0,Non-territorial,Weak,27,-81,Myiopsitta_monachus_27_-81,monogamy,ground,monogamy,monogamy,microsatellite,NA,no,species_coordinates,0,52,0,58,biparental,biparental
11Silvia2010,total,Myiopsitta_monachus,monk_parakeet,monogamy,27,0,14,0,41,-72,no,microsatellite,NA,NA,#VALUE!,NA,NA,no,145,Myiopsitta_monachus,Myiopsitta_monachus,Myiopsitta_monachus,Myiopsitta_monachus,family,family,Pair,Pair,pair,pair,pair,112,140,,90,134,114.3333333,1,0,0,0,0,0,Mono,NA,monogamy,Mono,3,DM,5,7,no,3.6,Clements_name,NA,0,4,0,Non-territorial,Weak,41,-72,Myiopsitta_monachus_41_-72,monogamy,ground,monogamy,monogamy,microsatellite,NA,no,species_coordinates,0,14,0,27,biparental,biparental
396Zilberman1999,total,Nectarinia_osea,orange-tufted_sunbird,monogamy,88,22.7,47,36.2,32.08,34.78,no,DNA_fingerprinting,1989,1990,2,NA,NA,no,146,Nectarinia_osea,Nectarinia_osea,Cinnyris_osea,Cinnyris_osea,NA,no_fam,Pair,Pair,biparental,biparental,biparental,6.8,NA,,7.6,NA,7.2,0,0,1,1,0,0,Mono,Poly,mixed,MonoPoly,0,PN,1,3,no,0,Clements_name,NA,2,4,0,Territorial,Weak,32.08,34.78,Nectarinia_osea_32.08_34.78,monogamy,other_enclosed,monogamy,monogamy,DNA_fingerprinting,2,no,species_coordinates,17,30,20,68,biparental,biparental
351Brekke2013,total,notiomystis_cincta,New_Zealand_hihi,monogamy,1538,68,485,88.9,-36.6,174.88,yes,microsatellite,2004,2011,8,September,February,yes,147,notiomystis_cincta,Notiomystis_cincta,Notiomystis_cincta,Notiomystis_cincta,no_fam,no_fam,nk-coop,nk-coop,nk_cooperation,nk_cooperation,nk_cooperation,26,94,,29,103,63,0,0,1,1,0,0,NA,NA,NA,NA,0,CP,3,5,NA,NA,NA,NA,3,4,0,Territorial,Weak,-36.6,174.88,notiomystis_cincta_-36.6_174.88,monogamy,open,monogamy,monogamy,microsatellite,8,yes,species_coordinates,431,54,1046,492,NA,NA
193Castro2004,total,notiomystis_cincta,New_Zealand_hihi,monogamy,188,47.3,61,82,-38.08,176.28,yes,DNA_fingerprinting,1994,1998,5,October,March,no,147,notiomystis_cincta,Notiomystis_cincta,Notiomystis_cincta,Notiomystis_cincta,no_fam,no_fam,nk-coop,nk-coop,nk_cooperation,nk_cooperation,nk_cooperation,26,94,,29,103,63,0,0,1,1,0,0,NA,NA,NA,NA,0,CP,3,5,NA,NA,NA,NA,3,4,0,Territorial,Weak,-38.08,176.28,notiomystis_cincta_-38.08_176.28,monogamy,open,monogamy,monogamy,DNA_fingerprinting,5,yes,species_coordinates,50,11,89,99,NA,NA
220Ewen1999,total,notiomystis_cincta,New_Zealand_hihi,monogamy,34,35.3,10,80,-36.6,174.88,yes,DNA_fingerprinting,1995,1997,3,October,February,no,147,notiomystis_cincta,Notiomystis_cincta,Notiomystis_cincta,Notiomystis_cincta,no_fam,no_fam,nk-coop,nk-coop,nk_cooperation,nk_cooperation,nk_cooperation,26,94,,29,103,63,0,0,1,1,0,0,NA,NA,NA,NA,0,CP,3,5,NA,NA,NA,NA,3,4,0,Territorial,Weak,-36.6,174.88,notiomystis_cincta_-36.6_174.88,monogamy,open,monogamy,monogamy,DNA_fingerprinting,3,yes,species_coordinates,8,2,12,22,NA,NA
372Quillfeldt2001,total,Oceanites_oceanicus,Wilson’s_storm-petrel,monogamy,63,0,63,0,-51.72,-61.29,no,DNA_fingerprinting,1995,1998,4,December,February,no,148,Oceanites_oceanicus,Oceanites_oceanicus,Oceanites_oceanicus,Oceanites_oceanicus,no_fam,no_fam,Pair,Pair,biparental,biparental,biparental,NA,NA,,NA,NA,37.5,1,0,0,0,0,0,Mono,NA,monogamy,Mono,0,"BU,CR",1,1,no,0,Clements_name,NA,0,4,0,Non-territorial,Strong,-51.72,-61.29,Oceanites_oceanicus_-51.72_-61.29,monogamy,cavity,monogamy,monogamy,DNA_fingerprinting,4,no,species_coordinates,0,63,0,63,biparental,biparental
376Mauck1995,total,Oceanodroma_leucorhoa,Leach’s_storm-petrel,monogamy,42,0,42,0,44.58,-66.75,no,DNA_fingerprinting,1991,1992,2,June,September,no,149,Oceanodroma_leucorhoa,Oceanodroma_leucorhoa,Hydrobates_leucorhous,Hydrobates_leucorhous,no_fam,no_fam,Pair,Pair,biparental,biparental,biparental,24,58,,25,55,42.58333333,1,0,0,0,0,0,Mono,NA,monogamy,Mono,0,"BU,CR",1,1,no,0,Clements_name,NA,0,4,0,Non-territorial,Strong,44.58,-66.75,Oceanodroma_leucorhoa_44.58_-66.75,monogamy,cavity,monogamy,monogamy,DNA_fingerprinting,2,no,species_coordinates,0,42,0,42,biparental,biparental
137Currie1998,total,Oenanthe_oenanthe,Northern_wheatear,monogamy,73,11,17,29.4,52.77,-4.78,no,DNA_fingerprinting,1991,1991,1,March,June,single-year study,150,Oenanthe_oenanthe,Oenanthe_oenanthe,Oenanthe_oenanthe,Oenanthe_oenanthe,no_fam,no_fam,pair,Pair,biparental,biparental,biparental,18,35.3,,19,32.2,26.68333333,0,0,0,0,0,0,Mono,NA,monogamy,Mono,3,"CP,CV,CR,BU",3.5,7,NA,NA,NA,NA,1,4,0,Territorial,Strong,52.77,-4.78,Oenanthe_oenanthe_52.77_-4.78,monogamy,cavity,monogamy,monogamy,DNA_fingerprinting,1,no,species_coordinates,5,12,8,65,biparental,biparental
119Currie1999,total,Oenanthe_oenanthe,Northern_wheatear,monogamy,62,3.2,10,10,52.77,-4.78,no,DNA_fingerprinting,1992,1993,2,April,June,yes,150,Oenanthe_oenanthe,Oenanthe_oenanthe,Oenanthe_oenanthe,Oenanthe_oenanthe,no_fam,no_fam,pair,Pair,biparental,biparental,biparental,18,35.3,,19,32.2,26.68333333,0,0,0,0,0,0,Mono,NA,monogamy,Mono,3,"CP,CV,CR,BU",3.5,7,NA,NA,NA,NA,1,4,0,Territorial,Strong,52.77,-4.78,Oenanthe_oenanthe_52.77_-4.78,monogamy,cavity,monogamy,monogamy,DNA_fingerprinting,2,no,species_coordinates,1,9,2,60,biparental,biparental
131Kudernatsch2010,total,Oenanthe_oenanthe,Northern_wheatear,monogamy,132,25.8,28,46.4,49.5,8.17,no,microsatellite,2005,2006,2,April,September,yes,150,Oenanthe_oenanthe,Oenanthe_oenanthe,Oenanthe_oenanthe,Oenanthe_oenanthe,no_fam,no_fam,pair,Pair,biparental,biparental,biparental,18,35.3,,19,32.2,26.68333333,0,0,0,0,0,0,Mono,NA,monogamy,Mono,3,"CP,CV,CR,BU",3.5,7,NA,NA,NA,NA,1,4,0,Territorial,Strong,49.5,8.17,Oenanthe_oenanthe_49.5_8.17,monogamy,cavity,monogamy,monogamy,microsatellite,2,no,species_coordinates,13,15,34,98,biparental,biparental
480Hsu2006,total,Otus_elegans,elegant_scops-owl,monogamy,200,0.5,108,0.9,22,121.08,both,microsatellite,1999,2004,6,January,April,yes,151,Otus_elegans,Otus_elegans,Otus_elegans,Otus_elegans,NA,NA,Pair,Pair,biparental,biparental,biparental,NA,NA,,NA,NA,103,0,0,0,0,0,0,NA,NA,NA,NA,0,CV,2,5,NA,NA,NA,NA,0,4,0,Territorial,Weak,22,121.08,Otus_elegans_22_121.08,monogamy,cavity,monogamy,monogamy,microsatellite,6,NA,species_coordinates,1,107,1,199,biparental,biparental
135Arsenault2002,total,Otus_flammeolus,flammulated_owl,monogamy,37,0,17,0,34.5,-108,no,DNA_fingerprinting,1996,1998,3,May,June,no,152,Otus_flammeolus,Otus_flammeolus,Psiloscops_flammeolus,Psiloscops_flammeolus,no_fam,no_fam,Pair,Pair,biparental,biparental,biparental,44,100,,44.5,66.1,63.65,0,0,0,0,1,0,Mono,NA,monogamy,Mono,3,"CV,O",2,4,NA,NA,NA,NA,0,4,0,Territorial,Strong,34.5,-108,Otus_flammeolus_34.5_-108,monogamy,cavity,monogamy,monogamy,DNA_fingerprinting,3,no,species_coordinates,0,17,0,37,biparental,biparental
469 van Dongen2009,total,Pachycephala_pectoralis,golden_whistlers,monogamy,130,19.2,65,23.1,-37.52,145.53,no,microsatellite,2001,2004,4,September,February,no,153,Pachycephala_pectoralis,Pachycephala_pectoralis,Pachycephala_pectoralis,Pachycephala_pectoralis,NA,NA,Pair,Pair,biparental,biparental,biparental,32.7,NA,,NA,NA,29.9,0,0,0,0,1,0,Mono,NA,monogamy,Mono,0,CP,2,3,NA,NA,NA,NA,1,4,0,Territorial,Weak,-37.52,145.53,Pachycephala_pectoralis_-37.52_145.53,monogamy,open,monogamy,monogamy,microsatellite,4,no,species_coordinates,15,50,25,105,biparental,biparental
371Quillfeldt2012,total,Pachyptila_belcheri,thin-billed_prion,monogamy,34,20.6,34,20.6,-51.72,-61.28,no,microsatellite,2006,2007,2,December,January,single-year study,154,Pachyptila_belcheri,Pachyptila_belcheri,Pachyptila_belcheri,Pachyptila_belcheri,no_fam,no_fam,Pair,Pair,biparental,biparental,biparental,NA,NA,,NA,NA,152,1,0,0,0,0,0,Mono,NA,monogamy,Mono,0,BU,1,1,NA,NA,NA,NA,1,4,0,Non-territorial,Weak,-51.72,-61.28,Pachyptila_belcheri_-51.72_-61.28,monogamy,cavity,monogamy,monogamy,microsatellite,2,no,species_coordinates,7,27,7,27,biparental,biparental
185Hoi1997,total,Panurus_biarmicus,bearded_tit,monogamy,187,14.4,44,29.5,47.93,16.75,no,DNA_fingerprinting,1993,1994,2,March,June,no,155,Panurus_biarmicus,Panurus_biarmicus,Panurus_biarmicus,Panurus_biarmicus,coop_families,family,Cooperation,Cooperation,cooperation,cooperation,cooperation,12.4,18.6,,13.1,19.5,15.9,0,0,1,0,0,0,Mono,NA,monogamy,Mono,0,CP,3,13,NA,NA,NA,NA,1,4,0,Territorial,Weak,47.93,16.75,Panurus_biarmicus_47.93_16.75,monogamy,open,monogamy,monogamy,DNA_fingerprinting,2,no,species_coordinates,13,31,27,160,NA,NA
239Lee2009,total,Paradoxornis_webbianus,vinous-throated_parrotbills,monogamy,246,7.7,50,26,37.53,127.03,no,microsatellite,2005,2006,2,April,August,yes,156,Paradoxornis_webbianus,Paradoxornis_webbianus,Suthora_webbiana,Suthora_webbiana,family,family,Pair,Pair,biparental,biparental,biparental,7,12,,8.5,11,9.9,0,1,1,0,0,0,Mono,NA,monogamy,Mono,0,CP,3,7,NA,NA,NA,NA,1,4,0,Territorial,Weak,37.53,127.03,Paradoxornis_webbianus_37.53_127.03,monogamy,open,monogamy,monogamy,microsatellite,2,no,species_coordinates,13,37,19,227,biparental,biparental
463Dietrich2004,total,Parus_ater,coal_tit,monogamy,3559,31.4,483,70.8,52.45,7.25,yes,DNA_fingerprinting,2000,2002,3,April,July,yes,157,Parus_ater,Parus_ater,Periparus_ater,Periparus_ater,no_fam,no_fam,Pair,Pair,biparental,biparental,biparental,7,9.5,,8,9.8,8.916666667,0,0,1,1,1,0,Mono,NA,monogamy,Mono,0,"CP,CV",5,13,NA,NA,NA,NA,2,4,0,Territorial,Weak,52.45,7.25,Parus_ater_52.45_7.25,monogamy,cavity,monogamy,monogamy,DNA_fingerprinting,3,yes,species_coordinates,342,141,1118,2441,biparental,biparental
444Lubjuhn1999,total,Parus_ater,coal_tit,monogamy,158,25.3,20,75,52.33,11,yes,DNA_fingerprinting,1993,1993,1,April,July,single-year study,157,Parus_ater,Parus_ater,Periparus_ater,Periparus_ater,no_fam,no_fam,Pair,Pair,biparental,biparental,biparental,7,9.5,,8,9.8,8.916666667,0,0,1,1,1,0,Mono,NA,monogamy,Mono,0,"CP,CV",5,13,NA,NA,NA,NA,2,4,0,Territorial,Weak,52.33,11,Parus_ater_52.33_11,monogamy,cavity,monogamy,monogamy,DNA_fingerprinting,1,yes,species_coordinates,15,5,40,118,biparental,biparental
129Mennill2004,total,Parus_atricapillus,black-capped_chickadee,monogamy,351,14.8,57,33.3,44.57,-76.32,no,microsatellite,1997,2000,4,April,June,no,158,Parus_atricapillus,Parus_atricapillus,Poecile_atricapillus,Poecile_atricapillus,no_fam,no_fam,Pair,Pair,biparental,biparental,biparental,13.6,14,,9.2,NA,11.88,0,1,0,0,0,0,Mono,NA,monogamy,Mono,0,NA,6,8,NA,NA,NA,NA,1,4,0,Territorial,Weak,44.57,-76.32,Parus_atricapillus_44.57_-76.32,monogamy,NA,monogamy,monogamy,microsatellite,4,no,species_coordinates,19,38,52,299,biparental,biparental
258Otter1998,total,Parus_atricapillus,black-capped_chickadee,monogamy,359,8.9,58,29.3,44.57,-76.32,NA,other,1992,1995,4,April,June,no,158,Parus_atricapillus,Parus_atricapillus,Poecile_atricapillus,Poecile_atricapillus,no_fam,no_fam,Pair,Pair,biparental,biparental,biparental,13.6,14,,9.2,NA,11.88,0,1,0,0,0,0,Mono,NA,monogamy,Mono,0,NA,6,8,NA,NA,NA,NA,1,4,0,Territorial,Weak,44.57,-76.32,Parus_atricapillus_44.57_-76.32,monogamy,NA,monogamy,monogamy,mixed_other,4,NA,species_coordinates,17,41,32,327,biparental,biparental
4Charmantier2003,total,Parus_caeruleus,blue_tit,monogamy,288,25.3,50,68,42.52,8.77,yes,microsatellite,2000,2001,2,May,June,yes,159,Parus_caeruleus,Parus_caeruleus,Cyanistes_caeruleus,Cyanistes_caeruleus,no_fam,no_fam,pair,Pair,biparental,biparental,biparental,9.1,15,,8.4,13.6,11.38333333,0,0,0,1,1,0,Mono,Poly,mixed,MonoPoly,0,"CV,O",6,13,no,1.4,Clements_name,NA,1,4,0,Territorial,Weak,42.52,8.77,Parus_caeruleus_42.52_8.77,monogamy,cavity,monogamy,monogamy,microsatellite,2,yes,species_coordinates,34,16,73,215,biparental,biparental
4Charmantier2003,total,Parus_caeruleus,blue_tit,monogamy,427,14.05,50,46,43.66,3.67,yes,microsatellite,2000,2001,2,April,June,yes,159,Parus_caeruleus,Parus_caeruleus,Cyanistes_caeruleus,Cyanistes_caeruleus,no_fam,no_fam,pair,Pair,biparental,biparental,biparental,9.1,15,,8.4,13.6,11.38333333,0,0,0,1,1,0,Mono,Poly,mixed,MonoPoly,0,"CV,O",6,13,no,1.4,Clements_name,NA,1,4,0,Territorial,Weak,43.66,3.67,Parus_caeruleus_43.66_3.67,monogamy,cavity,monogamy,monogamy,microsatellite,2,yes,species_coordinates,23,27,60,367,biparental,biparental
5Charmantier2004,total,Parus_caeruleus,blue_tit,monogamy,839,16.1,97,69.1,43.67,3.67,yes,microsatellite,2000,2002,3,April,June,other,159,Parus_caeruleus,Parus_caeruleus,Cyanistes_caeruleus,Cyanistes_caeruleus,no_fam,no_fam,pair,Pair,biparental,biparental,biparental,9.1,15,,8.4,13.6,11.38333333,0,0,0,1,1,0,Mono,Poly,mixed,MonoPoly,0,"CV,O",6,13,no,1.4,Clements_name,NA,1,4,0,Territorial,Weak,43.67,3.67,Parus_caeruleus_43.67_3.67,monogamy,cavity,monogamy,monogamy,microsatellite,3,yes,species_coordinates,67,30,135,704,biparental,biparental
5Charmantier2004,total,Parus_caeruleus,blue_tit,monogamy,205,18,30,50,42.55,8.92,yes,microsatellite,2000,2002,3,April,June,other,159,Parus_caeruleus,Parus_caeruleus,Cyanistes_caeruleus,Cyanistes_caeruleus,no_fam,no_fam,pair,Pair,biparental,biparental,biparental,9.1,15,,8.4,13.6,11.38333333,0,0,0,1,1,0,Mono,Poly,mixed,MonoPoly,0,"CV,O",6,13,no,1.4,Clements_name,NA,1,4,0,Territorial,Weak,42.55,8.92,Parus_caeruleus_42.55_8.92,monogamy,cavity,monogamy,monogamy,microsatellite,3,yes,species_coordinates,15,15,37,168,biparental,biparental
40de Jong2017,total,Parus_caeruleus,blue_tit,monogamy,NA,NA,84,27.4,53.13,6.58,yes,microsatellite,2010,2011,2,March,June,no,159,Parus_caeruleus,Parus_caeruleus,Cyanistes_caeruleus,Cyanistes_caeruleus,no_fam,no_fam,pair,Pair,biparental,biparental,biparental,9.1,15,,8.4,13.6,11.38333333,0,0,0,1,1,0,Mono,Poly,mixed,MonoPoly,0,"CV,O",6,13,no,1.4,Clements_name,NA,1,4,0,Territorial,Weak,53.13,6.58,Parus_caeruleus_53.13_6.58,monogamy,cavity,monogamy,monogamy,microsatellite,2,yes,species_coordinates,23,61,NA,NA,biparental,biparental
9Dreiss2006,total,Parus_caeruleus,blue_tit,monogamy,850,13.8,84,48.8,48.28,4.28,yes,microsatellite,2002,2003,2,April,June,no,159,Parus_caeruleus,Parus_caeruleus,Cyanistes_caeruleus,Cyanistes_caeruleus,no_fam,no_fam,pair,Pair,biparental,biparental,biparental,9.1,15,,8.4,13.6,11.38333333,0,0,0,1,1,0,Mono,Poly,mixed,MonoPoly,0,"CV,O",6,13,no,1.4,Clements_name,NA,1,4,0,Territorial,Weak,48.28,4.28,Parus_caeruleus_48.28_4.28,monogamy,cavity,monogamy,monogamy,microsatellite,2,yes,species_coordinates,41,43,117,733,biparental,biparental
246Foerster2003,total,Parus_caeruleus,blue_tit,monogamy,2452,15.7,248,NA,48.22,16.33,yes,microsatellite,1998,2001,4,April,June,no,159,Parus_caeruleus,Parus_caeruleus,Cyanistes_caeruleus,Cyanistes_caeruleus,no_fam,no_fam,pair,Pair,biparental,biparental,biparental,9.1,15,,8.4,13.6,11.38333333,0,0,0,1,1,0,Mono,Poly,mixed,MonoPoly,0,"CV,O",6,13,no,1.4,Clements_name,NA,1,4,0,Territorial,Weak,48.22,16.33,Parus_caeruleus_48.22_16.33,monogamy,cavity,monogamy,monogamy,microsatellite,4,yes,species_coordinates,NA,NA,385,2067,biparental,biparental
14Gullberg1992,total,Parus_caeruleus,blue_tit,monogamy,51,5.9,7,28.6,59.83,17.63,yes,DNA_fingerprinting,1988,1988,1,April,June,single-year study,159,Parus_caeruleus,Parus_caeruleus,Cyanistes_caeruleus,Cyanistes_caeruleus,no_fam,no_fam,pair,Pair,biparental,biparental,biparental,9.1,15,,8.4,13.6,11.38333333,0,0,0,1,1,0,Mono,Poly,mixed,MonoPoly,0,"CV,O",6,13,no,1.4,Clements_name,NA,1,4,0,Territorial,Weak,59.83,17.63,Parus_caeruleus_59.83_17.63,monogamy,cavity,monogamy,monogamy,DNA_fingerprinting,1,yes,species_coordinates,2,5,3,48,biparental,biparental
276Johannessen2005,total,Parus_caeruleus,blue_tit,monogamy,88,6.8,14,28.6,59.93,10.55,yes,microsatellite,1999,2003,5,April,June,no,159,Parus_caeruleus,Parus_caeruleus,Cyanistes_caeruleus,Cyanistes_caeruleus,no_fam,no_fam,pair,Pair,biparental,biparental,biparental,9.1,15,,8.4,13.6,11.38333333,0,0,0,1,1,0,Mono,Poly,mixed,MonoPoly,0,"CV,O",6,13,no,1.4,Clements_name,NA,1,4,0,Territorial,Weak,59.93,10.55,Parus_caeruleus_59.93_10.55,monogamy,cavity,monogamy,monogamy,microsatellite,5,yes,species_coordinates,4,10,6,82,biparental,biparental
50Kempenaers1997,total,Parus_caeruleus,blue_tit,monogamy,1443,12.5,165,41.8,51.25,4.47,yes,DNA_fingerprinting,1990,1993,4,March,June,yes,159,Parus_caeruleus,Parus_caeruleus,Cyanistes_caeruleus,Cyanistes_caeruleus,no_fam,no_fam,pair,Pair,biparental,biparental,biparental,9.1,15,,8.4,13.6,11.38333333,0,0,0,1,1,0,Mono,Poly,mixed,MonoPoly,0,"CV,O",6,13,no,1.4,Clements_name,NA,1,4,0,Territorial,Weak,51.25,4.47,Parus_caeruleus_51.25_4.47,monogamy,cavity,monogamy,monogamy,DNA_fingerprinting,4,yes,species_coordinates,69,96,180,1263,biparental,biparental
76Krokene1998,total,Parus_caeruleus,blue_tit,monogamy,466,6.7,47,36.2,58.87,9.6,yes,DNA_fingerprinting,1992,1996,5,April,July,yes,159,Parus_caeruleus,Parus_caeruleus,Cyanistes_caeruleus,Cyanistes_caeruleus,no_fam,no_fam,pair,Pair,biparental,biparental,biparental,9.1,15,,8.4,13.6,11.38333333,0,0,0,1,1,0,Mono,Poly,mixed,MonoPoly,0,"CV,O",6,13,no,1.4,Clements_name,NA,1,4,0,Territorial,Weak,58.87,9.6,Parus_caeruleus_58.87_9.6,monogamy,cavity,monogamy,monogamy,DNA_fingerprinting,5,yes,species_coordinates,17,30,31,435,biparental,biparental
125Leech2001,total,Parus_caeruleus,blue_tit,monogamy,986,11.7,103,39.8,54.05,-2.8,yes,microsatellite,1997,1999,3,April,June,no,159,Parus_caeruleus,Parus_caeruleus,Cyanistes_caeruleus,Cyanistes_caeruleus,no_fam,no_fam,pair,Pair,biparental,biparental,biparental,9.1,15,,8.4,13.6,11.38333333,0,0,0,1,1,0,Mono,Poly,mixed,MonoPoly,0,"CV,O",6,13,no,1.4,Clements_name,NA,1,4,0,Territorial,Weak,54.05,-2.8,Parus_caeruleus_54.05_-2.8,monogamy,cavity,monogamy,monogamy,microsatellite,3,yes,species_coordinates,41,62,115,871,biparental,biparental
308 Magrath2009,total,Parus_caeruleus,blue_tit,monogamy,1176,12.8,122,46.7,53.13,6.58,yes,microsatellite,2006,2007,2,March,June,no,159,Parus_caeruleus,Parus_caeruleus,Cyanistes_caeruleus,Cyanistes_caeruleus,no_fam,no_fam,pair,Pair,biparental,biparental,biparental,9.1,15,,8.4,13.6,11.38333333,0,0,0,1,1,0,Mono,Poly,mixed,MonoPoly,0,"CV,O",6,13,no,1.4,Clements_name,NA,1,4,0,Territorial,Weak,53.13,6.58,Parus_caeruleus_53.13_6.58,monogamy,cavity,monogamy,monogamy,microsatellite,2,yes,species_coordinates,57,65,151,1025,biparental,biparental
287Schlicht2015,total,Parus_caeruleus,blue_tit,monogamy,NA,NA,396,46,48.13,10.88,yes,microsatellite,2007,2011,5,March,June,no,159,Parus_caeruleus,Parus_caeruleus,Cyanistes_caeruleus,Cyanistes_caeruleus,no_fam,no_fam,pair,Pair,biparental,biparental,biparental,9.1,15,,8.4,13.6,11.38333333,0,0,0,1,1,0,Mono,Poly,mixed,MonoPoly,0,"CV,O",6,13,no,1.4,Clements_name,NA,1,4,0,Territorial,Weak,48.13,10.88,Parus_caeruleus_48.13_10.88,monogamy,cavity,monogamy,monogamy,microsatellite,5,yes,species_coordinates,182,214,NA,NA,biparental,biparental
286Schlicht2012,total,Parus_caeruleus,blue_tit,monogamy,635,11.3,NA,NA,48.13,10.88,yes,microsatellite,NA,NA,#VALUE!,March,June,no,159,Parus_caeruleus,Parus_caeruleus,Cyanistes_caeruleus,Cyanistes_caeruleus,no_fam,no_fam,pair,Pair,biparental,biparental,biparental,9.1,15,,8.4,13.6,11.38333333,0,0,0,1,1,0,Mono,Poly,mixed,MonoPoly,0,"CV,O",6,13,no,1.4,Clements_name,NA,1,4,0,Territorial,Weak,48.13,10.88,Parus_caeruleus_48.13_10.88,monogamy,cavity,monogamy,monogamy,microsatellite,NA,yes,species_coordinates,NA,NA,72,563,biparental,biparental
287Schlicht2015,total,Parus_caeruleus,blue_tit,monogamy,NA,NA,561,57,48.22,16.33,yes,microsatellite,2007,2011,5,March,June,no,159,Parus_caeruleus,Parus_caeruleus,Cyanistes_caeruleus,Cyanistes_caeruleus,no_fam,no_fam,pair,Pair,biparental,biparental,biparental,9.1,15,,8.4,13.6,11.38333333,0,0,0,1,1,0,Mono,Poly,mixed,MonoPoly,0,"CV,O",6,13,no,1.4,Clements_name,NA,1,4,0,Territorial,Weak,48.22,16.33,Parus_caeruleus_48.22_16.33,monogamy,cavity,monogamy,monogamy,microsatellite,5,yes,species_coordinates,320,241,NA,NA,biparental,biparental
350Vedder2010,total,Parus_caeruleus,blue_tit,monogamy,NA,NA,36,55.6,53.13,6.58,yes,microsatellite,2008,2008,1,April,June,single-year study,159,Parus_caeruleus,Parus_caeruleus,Cyanistes_caeruleus,Cyanistes_caeruleus,no_fam,no_fam,pair,Pair,biparental,biparental,biparental,9.1,15,,8.4,13.6,11.38333333,0,0,0,1,1,0,Mono,Poly,mixed,MonoPoly,0,"CV,O",6,13,no,1.4,Clements_name,NA,1,4,0,Territorial,Weak,53.13,6.58,Parus_caeruleus_53.13_6.58,monogamy,cavity,monogamy,monogamy,microsatellite,1,yes,species_coordinates,20,16,NA,NA,biparental,biparental
282Lens1997,total,Parus_cristatus,crested_tit,monogamy,136,11,20,30,51.48,4.93,no,DNA_fingerprinting,1992,1993,2,May,July,no,160,Parus_cristatus,Parus_cristatus,Lophophanes_cristatus,Lophophanes_cristatus,no_fam,no_fam,Pair,Pair,biparental,biparental,biparental,9.7,12.5,,10.3,12.9,11.81666667,0,0,0,1,0,0,Mono,NA,monogamy,Mono,0,CP,5,11,NA,NA,NA,NA,1,4,0,Territorial,Weak,51.48,4.93,Parus_cristatus_51.48_4.93,monogamy,open,monogamy,monogamy,DNA_fingerprinting,2,no,species_coordinates,6,14,15,121,biparental,biparental
477Araya-Ajoy2016,total,Parus_major,great_tit,monogamy,6441,9.6,862,NA,47.97,11.23,yes,NA,2010,2014,5,April,June,no,161,Parus_major,Parus_major,Parus_major,Parus_major,no_fam,no_fam,Pair,Pair,biparental,biparental,biparental,15,21.1,,16.2,23,18.36666667,0,0,0,1,0,0,Mono,NA,monogamy,Mono,0,CV,3,18,no,0,Clements_name,NA,1,4,0,Territorial,Weak,47.97,11.23,Parus_major_47.97_11.23,monogamy,cavity,monogamy,monogamy,NA,5,yes,species_coordinates,NA,NA,618,5823,biparental,biparental
462Bókony2017,total,Parus_major,great_tit,monogamy,445,6.3,47,31.9,47.08,17.83,yes,microsatellite,2012,2013,2,April,June,no,161,Parus_major,Parus_major,Parus_major,Parus_major,no_fam,no_fam,Pair,Pair,biparental,biparental,biparental,15,21.1,,16.2,23,18.36666667,0,0,0,1,0,0,Mono,NA,monogamy,Mono,0,CV,3,18,no,0,Clements_name,NA,1,4,0,Territorial,Weak,47.08,17.83,Parus_major_47.08_17.83,monogamy,cavity,monogamy,monogamy,microsatellite,2,yes,species_coordinates,15,32,28,417,biparental,biparental
466García-Navas2015,total,Parus_major,great_tit,monogamy,304,20.4,47,55.3,39.55,-4.33,yes,microsatellite,2012,2012,1,April,June,single-year study,161,Parus_major,Parus_major,Parus_major,Parus_major,no_fam,no_fam,Pair,Pair,biparental,biparental,biparental,15,21.1,,16.2,23,18.36666667,0,0,0,1,0,0,Mono,NA,monogamy,Mono,0,CV,3,18,no,0,Clements_name,NA,1,4,0,Territorial,Weak,39.55,-4.33,Parus_major_39.55_-4.33,monogamy,cavity,monogamy,monogamy,microsatellite,1,yes,species_coordinates,26,21,62,242,biparental,biparental
14Gullberg1992,total,Parus_major,great_tit,monogamy,47,14.9,10,50,59.83,17.67,yes,DNA_fingerprinting,1998,1998,1,April,June,single-year study,161,Parus_major,Parus_major,Parus_major,Parus_major,no_fam,no_fam,Pair,Pair,biparental,biparental,biparental,15,21.1,,16.2,23,18.36666667,0,0,0,1,0,0,Mono,NA,monogamy,Mono,0,CV,3,18,no,0,Clements_name,NA,1,4,0,Territorial,Weak,59.83,17.67,Parus_major_59.83_17.67,monogamy,cavity,monogamy,monogamy,DNA_fingerprinting,1,yes,species_coordinates,5,5,7,40,biparental,biparental
276Johannessen2005,total,Parus_major,great_tit,monogamy,82,8.5,13,30.8,59.93,10.55,yes,microsatellite,1999,2003,5,April,June,no,161,Parus_major,Parus_major,Parus_major,Parus_major,no_fam,no_fam,Pair,Pair,biparental,biparental,biparental,15,21.1,,16.2,23,18.36666667,0,0,0,1,0,0,Mono,NA,monogamy,Mono,0,CV,3,18,no,0,Clements_name,NA,1,4,0,Territorial,Weak,59.93,10.55,Parus_major_59.93_10.55,monogamy,cavity,monogamy,monogamy,microsatellite,5,yes,species_coordinates,4,9,7,75,biparental,biparental
256Kawano2009,total,Parus_minor,Japanese_tit,monogamy,229,16.6,32,53.1,33.52,130.03,yes,microsatellite,1999,2000,2,March,July,yes,162,Parus_major,Parus_major,Parus_major,Parus_major,no_fam,no_fam,Pair,Pair,biparental,biparental,biparental,15,21.1,,16.2,23,18.36666667,0,0,0,1,0,0,Mono,NA,monogamy,Mono,0,CV,3,18,no,0,Clements_name,NA,1,4,0,Territorial,Weak,33.52,130.03,Parus_minor_33.52_130.03,monogamy,cavity,monogamy,monogamy,microsatellite,2,yes,species_coordinates,17,15,38,191,biparental,biparental
76Krokene1998,total,Parus_major,great_tit,monogamy,408,8.1,55,27.3,58.87,9.6,yes,DNA_fingerprinting,1992,1995,4,April,July,yes,161,Parus_major,Parus_major,Parus_major,Parus_major,no_fam,no_fam,Pair,Pair,biparental,biparental,biparental,15,21.1,,16.2,23,18.36666667,0,0,0,1,0,0,Mono,NA,monogamy,Mono,0,CV,3,18,no,0,Clements_name,NA,1,4,0,Territorial,Weak,58.87,9.6,Parus_major_58.87_9.6,monogamy,cavity,monogamy,monogamy,DNA_fingerprinting,4,yes,species_coordinates,15,40,33,375,biparental,biparental
445Lubjuhn2007,total,Parus_major,great_tit,monogamy,2013,7.5,265,34,52.37,11.02,yes,DNA_fingerprinting,1993,1993,1,April,June,single-year study,161,Parus_major,Parus_major,Parus_major,Parus_major,no_fam,no_fam,Pair,Pair,biparental,biparental,biparental,15,21.1,,16.2,23,18.36666667,0,0,0,1,0,0,Mono,NA,monogamy,Mono,0,CV,3,18,no,0,Clements_name,NA,1,4,0,Territorial,Weak,52.37,11.02,Parus_major_52.37_11.02,monogamy,cavity,monogamy,monogamy,DNA_fingerprinting,1,yes,species_coordinates,90,175,151,1862,biparental,biparental
240Otter2001,total,Parus_major,great_tit,monogamy,192,9.9,23,39.1,55.67,12.57,yes,microsatellite,1998,1998,1,April,June,single-year study,161,Parus_major,Parus_major,Parus_major,Parus_major,no_fam,no_fam,Pair,Pair,biparental,biparental,biparental,15,21.1,,16.2,23,18.36666667,0,0,0,1,0,0,Mono,NA,monogamy,Mono,0,CV,3,18,no,0,Clements_name,NA,1,4,0,Territorial,Weak,55.67,12.57,Parus_major_55.67_12.57,monogamy,cavity,monogamy,monogamy,microsatellite,1,yes,species_coordinates,9,14,19,173,biparental,biparental
407Patrick2012,total,Parus_major,great_tit,monogamy,1185,12.7,164,48.8,51.77,-1.13,yes,microsatellite,NA,NA,#VALUE!,April,July,no,161,Parus_major,Parus_major,Parus_major,Parus_major,no_fam,no_fam,Pair,Pair,biparental,biparental,biparental,15,21.1,,16.2,23,18.36666667,0,0,0,1,0,0,Mono,NA,monogamy,Mono,0,CV,3,18,no,0,Clements_name,NA,1,4,0,Territorial,Weak,51.77,-1.13,Parus_major_51.77_-1.13,monogamy,cavity,monogamy,monogamy,microsatellite,NA,yes,species_coordinates,80,84,150,1035,biparental,biparental
433Strohbach1998,total,Parus_major,great_tit,monogamy,681,8.5,78,39.7,51.42,7.65,yes,DNA_fingerprinting,1993,1994,2,March,June,yes,161,Parus_major,Parus_major,Parus_major,Parus_major,no_fam,no_fam,Pair,Pair,biparental,biparental,biparental,15,21.1,,16.2,23,18.36666667,0,0,0,1,0,0,Mono,NA,monogamy,Mono,0,CV,3,18,no,0,Clements_name,NA,1,4,0,Territorial,Weak,51.42,7.65,Parus_major_51.42_7.65,monogamy,cavity,monogamy,monogamy,DNA_fingerprinting,2,yes,species_coordinates,31,47,58,623,biparental,biparental
265Oers2008,total,Parus_major,great_tit,monogamy,667,6.4,99,25.3,52,5.83,yes,microsatellite,2003,2004,2,April,June,no,161,Parus_major,Parus_major,Parus_major,Parus_major,no_fam,no_fam,Pair,Pair,biparental,biparental,biparental,15,21.1,,16.2,23,18.36666667,0,0,0,1,0,0,Mono,NA,monogamy,Mono,0,CV,3,18,no,0,Clements_name,NA,1,4,0,Territorial,Weak,52,5.83,Parus_major_52_5.83,monogamy,cavity,monogamy,monogamy,microsatellite,2,yes,species_coordinates,25,74,43,624,biparental,biparental
343Verboven1997,total,Parus_major,great_tit,monogamy,516,3.5,82,8.5,53.3,5.07,yes,DNA_fingerprinting,1993,1994,2,April,June,no,161,Parus_major,Parus_major,Parus_major,Parus_major,no_fam,no_fam,Pair,Pair,biparental,biparental,biparental,15,21.1,,16.2,23,18.36666667,0,0,0,1,0,0,Mono,NA,monogamy,Mono,0,CV,3,18,no,0,Clements_name,NA,1,4,0,Territorial,Weak,53.3,5.07,Parus_major_53.3_5.07,monogamy,cavity,monogamy,monogamy,DNA_fingerprinting,2,yes,species_coordinates,7,75,18,498,biparental,biparental
474Winkel2001,total,Parus_major,great_tit,monogamy,34,2.9,4,25,52.15,10.32,yes,DNA_fingerprinting,1998,1998,1,April,June,single-year study,161,Parus_major,Parus_major,Parus_major,Parus_major,no_fam,no_fam,Pair,Pair,biparental,biparental,biparental,15,21.1,,16.2,23,18.36666667,0,0,0,1,0,0,Mono,NA,monogamy,Mono,0,CV,3,18,no,0,Clements_name,NA,1,4,0,Territorial,Weak,52.15,10.32,Parus_major_52.15_10.32,monogamy,cavity,monogamy,monogamy,DNA_fingerprinting,1,yes,species_coordinates,1,3,1,33,biparental,biparental
458Yuta2016,total,Parus_minor,Japanese_tit,monogamy,710,8.7,92,30.4,42.67,141.6,yes,microsatellite,2009,2010,2,May,July,yes,162,Parus_major,Parus_major,Parus_major,Parus_major,no_fam,no_fam,Pair,Pair,biparental,biparental,biparental,15,21.1,,16.2,23,18.36666667,0,0,0,1,0,0,Mono,NA,monogamy,Mono,0,CV,3,18,no,0,Clements_name,NA,1,4,0,Territorial,Weak,42.67,141.6,Parus_minor_42.67_141.6,monogamy,cavity,monogamy,monogamy,microsatellite,2,yes,species_coordinates,28,64,62,648,biparental,biparental
419Lampila2011,total,Parus_montanus,willow_tit,monogamy,787,6.7,117,21.4,65,25.5,NA,microsatellite,2001,2003,3,May,June,no,163,Parus_montanus,Parus_montanus,Poecile_montanus,Poecile_montanus,no_fam,no_fam,Pair,Pair,biparental,biparental,biparental,9.5,15,,8,13.3,11.46666667,0,1,0,1,0,0,Mono,Poly,mixed,MonoPoly,0,CV,4,11,NA,NA,NA,NA,1,4,0,Territorial,Weak,65,25.5,Parus_montanus_65_25.5,monogamy,cavity,monogamy,monogamy,microsatellite,3,NA,species_coordinates,25,92,53,734,biparental,biparental
323Orell1997,total,Parus_montanus,willow_tit,monogamy,112,0.9,24,4.2,65,25.5,no,DNA_fingerprinting,1991,1992,2,May,June,no,163,Parus_montanus,Parus_montanus,Poecile_montanus,Poecile_montanus,no_fam,no_fam,Pair,Pair,biparental,biparental,biparental,9.5,15,,8,13.3,11.46666667,0,1,0,1,0,0,Mono,Poly,mixed,MonoPoly,0,CV,4,11,NA,NA,NA,NA,1,4,0,Territorial,Weak,65,25.5,Parus_montanus_65_25.5,monogamy,cavity,monogamy,monogamy,DNA_fingerprinting,2,no,species_coordinates,1,23,1,111,biparental,biparental
146Garcia-Del-Rey2012,total,Parus_teneriffae,african_blue_tit,monogamy,137,15.3,31,38.7,28.42,16.38,yes,microsatellite,2009,2009,1,April,July,single-year study,164,Parus_teneriffae,Parus_teneriffae,Cyanistes_caeruleus,Cyanistes_caeruleus,NA,NA,NA,NA,NA,NA,NA,9.1,15,,8.4,13.6,11.38333333,0,0,0,1,1,0,Mono,Poly,mixed,MonoPoly,0,"CV,O",6,13,no,1.4,Clements_name,NA,1,4,0,Territorial,Weak,28.42,16.38,Parus_teneriffae_28.42_16.38,monogamy,cavity,monogamy,monogamy,microsatellite,1,yes,species_coordinates,12,19,21,116,NA,NA
231Yin2014,total,Parus_varius,varied_tit,monogamy,251,14.7,40,40,40.02,122.93,yes,microsatellite,2009,2011,3,March,July,yes,165,Parus_varius,Parus_varius,Sittiparus_varius,Sittiparus_varius,no_fam,no_fam,Pair,Pair,biparental,biparental,biparental,18.2,NA,,15.9,NA,17.325,0,0,0,1,0,0,Mono,NA,monogamy,Mono,0,NA,6,8,NA,NA,NA,NA,1,4,0,Territorial,Weak,40.02,122.93,Parus_varius_40.02_122.93,monogamy,NA,monogamy,monogamy,microsatellite,3,yes,species_coordinates,16,24,37,214,biparental,biparental
63Bichet2014,total,Passer_domesticus,house_sparrow,monogamy,176,36.9,69,63.8,47.33,-2.87,yes,microsatellite,2009,2011,3,April,June,yes,166,Passer_domesticus,Passer_domesticus,Passer_domesticus,Passer_domesticus,no_fam,no_fam,Pair,Pair,biparental,biparental,biparental,20.1,36,,20,36.5,27.44,0,0,0,0,0,0,Mono,NA,monogamy,Mono,3,"CV,SP,CR",1,8,yes,63.4,Clements_name,"well, in some pop house sparrows are CBs, but in most they are not!",1,4,0,Non-territorial,Weak,47.33,-2.87,Passer_domesticus_47.33_-2.87,monogamy,cavity,monogamy,monogamy,microsatellite,3,yes,species_coordinates,44,25,65,111,biparental,biparental
357Cordero1999,total,Passer_domesticus,house_sparrow,monogamy,53,3.8,17,11.8,53.07,-0.95,yes,DNA_fingerprinting,1994,1994,1,March,May,single-year study,166,Passer_domesticus,Passer_domesticus,Passer_domesticus,Passer_domesticus,no_fam,no_fam,Pair,Pair,biparental,biparental,biparental,20.1,36,,20,36.5,27.44,0,0,0,0,0,0,Mono,NA,monogamy,Mono,3,"CV,SP,CR",1,8,yes,63.4,Clements_name,"well, in some pop house sparrows are CBs, but in most they are not!",1,4,0,Non-territorial,Weak,53.07,-0.95,Passer_domesticus_53.07_-0.95,monogamy,cavity,monogamy,monogamy,DNA_fingerprinting,1,yes,species_coordinates,2,15,2,51,biparental,biparental
357Cordero1999,total,Passer_domesticus,house_sparrow,monogamy,109,10.1,25,28,41.38,2.15,yes,DNA_fingerprinting,1995,1995,1,April,May,single-year study,166,Passer_domesticus,Passer_domesticus,Passer_domesticus,Passer_domesticus,no_fam,no_fam,Pair,Pair,biparental,biparental,biparental,20.1,36,,20,36.5,27.44,0,0,0,0,0,0,Mono,NA,monogamy,Mono,3,"CV,SP,CR",1,8,yes,63.4,Clements_name,"well, in some pop house sparrows are CBs, but in most they are not!",1,4,0,Non-territorial,Weak,41.38,2.15,Passer_domesticus_41.38_2.15,monogamy,cavity,monogamy,monogamy,DNA_fingerprinting,1,yes,species_coordinates,7,18,11,98,biparental,biparental
70Edly-Wright2007,total,Passer_domesticus,house_sparrow,monogamy,517,17.2,146,NA,35.2,-97.43,yes,DNA_fingerprinting,2001,2002,2,March,August,no,166,Passer_domesticus,Passer_domesticus,Passer_domesticus,Passer_domesticus,no_fam,no_fam,Pair,Pair,biparental,biparental,biparental,20.1,36,,20,36.5,27.44,0,0,0,0,0,0,Mono,NA,monogamy,Mono,3,"CV,SP,CR",1,8,yes,63.4,Clements_name,"well, in some pop house sparrows are CBs, but in most they are not!",1,4,0,Non-territorial,Weak,35.2,-97.43,Passer_domesticus_35.2_-97.43,monogamy,cavity,monogamy,monogamy,DNA_fingerprinting,2,yes,species_coordinates,NA,NA,89,428,biparental,biparental
406Griffith1999,total,Passer_domesticus,house_sparrow,monogamy,305,1.3,112,3.6,51,-4,yes,microsatellite,1995,1996,2,April,July,yes,166,Passer_domesticus,Passer_domesticus,Passer_domesticus,Passer_domesticus,no_fam,no_fam,Pair,Pair,biparental,biparental,biparental,20.1,36,,20,36.5,27.44,0,0,0,0,0,0,Mono,NA,monogamy,Mono,3,"CV,SP,CR",1,8,yes,63.4,Clements_name,"well, in some pop house sparrows are CBs, but in most they are not!",1,4,0,Non-territorial,Weak,51,-4,Passer_domesticus_51_-4,monogamy,cavity,monogamy,monogamy,microsatellite,2,yes,species_coordinates,4,108,4,301,biparental,biparental
406Griffith1999,total,Passer_domesticus,house_sparrow,monogamy,185,10.3,56,28.5,35.7,-83.2,yes,microsatellite,1995,1996,2,March,August,yes,166,Passer_domesticus,Passer_domesticus,Passer_domesticus,Passer_domesticus,no_fam,no_fam,Pair,Pair,biparental,biparental,biparental,20.1,36,,20,36.5,27.44,0,0,0,0,0,0,Mono,NA,monogamy,Mono,3,"CV,SP,CR",1,8,yes,63.4,Clements_name,"well, in some pop house sparrows are CBs, but in most they are not!",1,4,0,Non-territorial,Weak,35.7,-83.2,Passer_domesticus_35.7_-83.2,monogamy,cavity,monogamy,monogamy,microsatellite,2,yes,species_coordinates,16,40,19,166,biparental,biparental
481Hsu2015,total,Passer_domesticus,house_sparrow,monogamy,3939,17.5,1115,37.9,51,-4,yes,microsatellite,2000,2011,12,April,August,no,166,Passer_domesticus,Passer_domesticus,Passer_domesticus,Passer_domesticus,no_fam,no_fam,Pair,Pair,biparental,biparental,biparental,20.1,36,,20,36.5,27.44,0,0,0,0,0,0,Mono,NA,monogamy,Mono,3,"CV,SP,CR",1,8,yes,63.4,Clements_name,"well, in some pop house sparrows are CBs, but in most they are not!",1,4,0,Non-territorial,Weak,51,-4,Passer_domesticus_51_-4,monogamy,cavity,monogamy,monogamy,microsatellite,12,yes,species_coordinates,423,692,689,3250,biparental,biparental
435Van Wijk2016,total,Tachycineta_bicolor,tree_swallow,monogamy,NA,NA,248,83.9,45,-74,yes,microsatellite,2013,2014,2,April,July,no,167,Tachycineta_bicolor,Tachycineta_bicolor,Tachycineta_bicolor,Tachycineta_bicolor,no_fam,no_fam,pair,Pair,biparental,biparental,biparental,NA,NA,,20,21,20.875,0,1,1,1,1,0,Mono,Poly,mixed,MonoPoly,0,CV,2,8,NA,NA,NA,NA,2,4,0,Non-territorial,Strong,45,-74,Tachycineta_bicolor_45_-74,monogamy,cavity,monogamy,monogamy,microsatellite,2,yes,species_coordinates,208,40,NA,NA,biparental,biparental
272Whittingham2001,total,Tachycineta_bicolor,tree_swallow,monogamy,281,48.8,54,88.9,43.38,-88.02,yes,microsatellite,1997,1998,2,April,July,no,167,Tachycineta_bicolor,Tachycineta_bicolor,Tachycineta_bicolor,Tachycineta_bicolor,no_fam,no_fam,pair,Pair,biparental,biparental,biparental,NA,NA,,20,21,20.875,0,1,1,1,1,0,Mono,Poly,mixed,MonoPoly,0,CV,2,8,NA,NA,NA,NA,2,4,0,Non-territorial,Strong,43.38,-88.02,Tachycineta_bicolor_43.38_-88.02,monogamy,cavity,monogamy,monogamy,microsatellite,2,yes,species_coordinates,48,6,137,144,biparental,biparental
270Whittingham2016,total,Tachycineta_bicolor,tree_swallow,monogamy,439,38.5,NA,NA,43.38,-88.02,yes,microsatellite,2008,2009,2,April,June,no,167,Tachycineta_bicolor,Tachycineta_bicolor,Tachycineta_bicolor,Tachycineta_bicolor,no_fam,no_fam,pair,Pair,biparental,biparental,biparental,NA,NA,,20,21,20.875,0,1,1,1,1,0,Mono,Poly,mixed,MonoPoly,0,CV,2,8,NA,NA,NA,NA,2,4,0,Non-territorial,Strong,43.38,-88.02,Tachycineta_bicolor_43.38_-88.02,monogamy,cavity,monogamy,monogamy,microsatellite,2,yes,species_coordinates,NA,NA,169,270,biparental,biparental
464Ferretti2016,total,Tachycineta_meyeni,chilean_swallow,monogamy,161,6.8,52,13.5,-54.73,-68.2,yes,microsatellite,2006,2009,4,October,January,yes,169,Tachycineta_meyeni,Tachycineta_meyeni,Tachycineta_leucopyga,Tachycineta_leucopyga,NA,no_fam,NA,Pair,NA,NA,NA,NA,NA,,NA,NA,17,0,1,1,1,1,0,NA,NA,NA,NA,0,CV,3,6,NA,NA,NA,NA,1,4,0,Non-territorial,Strong,-54.73,-68.2,Tachycineta_meyeni_-54.73_-68.2,monogamy,cavity,monogamy,monogamy,microsatellite,4,yes,species_coordinates,7,45,11,150,NA,NA
453Birkhead1990,total,Taeniopygia_guttata,zebra_finch,monogamy,82,2.4,25,8,-36.15,145.43,no,DNA_fingerprinting,1988,1988,1,August,December,no,170,Taeniopygia_guttata,Taeniopygia_guttata,Taeniopygia_guttata,Taeniopygia_guttata,no_fam,no_fam,Pair,Pair,biparental,biparental,biparental,9.4,15.7,,10,15.2,12.06,0,0,0,0,0,0,Mono,NA,monogamy,Mono,0,SP,4,5,NA,NA,NA,NA,1,4,0,Territorial,Weak,-36.15,145.43,Taeniopygia_guttata_-36.15_145.43,monogamy,other_enclosed,monogamy,monogamy,DNA_fingerprinting,1,no,species_coordinates,2,23,2,80,biparental,biparental
405Griffith2010,total,Taeniopygia_guttata,zebra_finch,monogamy,316,1.6,80,5,-31.08,142.7,yes,microsatellite,2005,2007,3,August,December,yes,170,Taeniopygia_guttata,Taeniopygia_guttata,Taeniopygia_guttata,Taeniopygia_guttata,no_fam,no_fam,Pair,Pair,biparental,biparental,biparental,9.4,15.7,,10,15.2,12.06,0,0,0,0,0,0,Mono,NA,monogamy,Mono,0,SP,4,5,NA,NA,NA,NA,1,4,0,Territorial,Weak,-31.08,142.7,Taeniopygia_guttata_-31.08_142.7,monogamy,other_enclosed,monogamy,monogamy,microsatellite,3,yes,species_coordinates,4,76,5,311,biparental,biparental
77Abbott2006,total,Thalassarche_cauta,shy_albatross,monogamy,29,6.9,23,13,-40.38,144.65,no,microsatellite,2001,2002,2,September,September,no,171,Thalassarche_cauta,Thalassarche_cauta,Thalassarche_cauta,Thalassarche_cauta,no_fam,no_fam,Pair,Pair,biparental,biparental,biparental,3200,4400,,3900,5100,4150,1,0,0,0,0,0,Mono,NA,monogamy,Mono,0,M,1,1,NA,NA,NA,NA,1,4,0,Non-territorial,Weak,-40.38,144.65,Thalassarche_cauta_-40.38_144.65,monogamy,ground,monogamy,monogamy,microsatellite,2,no,species_coordinates,3,20,2,27,biparental,biparental
447Burg2006,total,Thalassarche_chrysostoma,grey-headed_albatross,monogamy,83,7.2,90,6.7,-54,-38,no,microsatellite,1998,1999,2,October,October,yes,172,Thalassarche_chrysostoma,Thalassarche_chrysostoma,Thalassarche_chrysostoma,Thalassarche_chrysostoma,no_fam,no_fam,Pair,Pair,biparental,biparental,biparental,2840,4175,,3096,4345,3614,1,0,0,0,0,0,Mono,NA,monogamy,Mono,0,M,1,1,NA,NA,NA,NA,1,4,0,Non-territorial,Weak,-54,-38,Thalassarche_chrysostoma_-54_-38,monogamy,ground,monogamy,monogamy,microsatellite,2,no,species_coordinates,6,84,6,77,biparental,biparental
447Burg2006,total,Thalassarche_melanophrys,black-browed_albatross,monogamy,87,5.7,90,5.6,-54,-38,no,microsatellite,1998,1999,2,October,November,yes,173,Thalassarche_melanophrys,Thalassarche_melanophrys,Thalassarche_melanophris,Thalassarche_melanophris,no_fam,no_fam,Pair,Pair,biparental,biparental,biparental,2840,3806,,3266,4658,3198.333333,1,0,0,0,0,0,Mono,NA,monogamy,Mono,0,M,1,1,no,0,Clements_name,NA,1,4,0,Non-territorial,Weak,-54,-38,Thalassarche_melanophrys_-54_-38,monogamy,ground,monogamy,monogamy,microsatellite,2,no,species_coordinates,5,85,5,82,biparental,biparental
421 Lorentsen2000,total,Thalassoica_antarctica,antarctic_petrel,monogamy,41,7.3,41,7.3,-71.88,5.17,no,DNA_fingerprinting,1993,1994,2,January,February,single-year study,174,Thalassoica_antarctica,Thalassoica_antarctica,Thalassoica_antarctica,Thalassoica_antarctica,no_fam,no_fam,Pair,Pair,biparental,biparental,biparental,530,805,,560,780,658.3333333,1,0,0,0,0,0,Mono,NA,monogamy,Mono,0,NA,1,1,NA,NA,NA,NA,1,4,0,Non-territorial,Weak,-71.88,5.17,Thalassoica_antarctica_-71.88_5.17,monogamy,NA,monogamy,monogamy,DNA_fingerprinting,2,no,species_coordinates,3,38,3,38,biparental,biparental
69Tarwater2013,total,Thamnophilus_atrinucha,black-crowned_antshrike,monogamy,89,3.4,50,4,9.22,-79.65,no,microsatellite,2003,2008,6,January,September,no,175,Thamnophilus_atrinucha,Thamnophilus_atrinucha,Thamnophilus_atrinucha,Thamnophilus_atrinucha,no_fam,no_fam,Pair,Pair,biparental,biparental,biparental,20,28.5,,20.2,28.5,23.63333333,0,0,0,1,0,0,NA,NA,NA,NA,3,CP,2,2,no,0,Clements_name,NA,0,4,0,Territorial,Weak,9.22,-79.65,Thamnophilus_atrinucha_9.22_-79.65,monogamy,open,monogamy,monogamy,microsatellite,6,no,species_coordinates,2,48,3,86,biparental,biparental
448Haggerty2001,total,Thryothorus_ludovicianus,carolina_wren,monogamy,84,0,23,0,34.82,-87.63,yes,DNA_fingerprinting,1996,1997,2,March,August,no,176,Thryothorus_ludovicianus,Thryothorus_ludovicianus,Thryothorus_ludovicianus,Thryothorus_ludovicianus,no_fam,no_fam,Pair,Pair,biparental,biparental,biparental,13.6,23.8,,19.9,22.5,19.8,0,0,0,0,0,0,Mono,NA,monogamy,Mono,0,NA,3,6,NA,NA,NA,NA,0,4,0,Territorial,Weak,34.82,-87.63,Thryothorus_ludovicianus_34.82_-87.63,monogamy,NA,monogamy,monogamy,DNA_fingerprinting,2,yes,species_coordinates,0,23,0,84,biparental,biparental
157Cramer2011,total,Thryothorus_pleurostictus,banded_wren,monogamy,156,4.5,50,10,10.67,-85.5,yes,SNPs,2002,2005,4,April,August,yes,177,Thryothorus_pleurostictus,Thryothorus_pleurostictus,Thryophilus_pleurostictus,Thryophilus_pleurostictus,family,family,pair,Pair,biparental,biparental,biparental,18.1,NA,,NA,NA,18.2,0,0,1,0,0,0,NA,NA,NA,NA,0,NA,2,5,NA,NA,NA,NA,0,4,0,Territorial,Weak,10.67,-85.5,Thryothorus_pleurostictus_10.67_-85.5,monogamy,NA,monogamy,monogamy,SNPs,4,yes,species_coordinates,5,45,7,149,biparental,biparental
409Douglas2012,total,Thryothorus_rufalbus,rufous-and-white_wren,monogamy,158,1.9,51,5.9,10.67,-85.5,no,microsatellite,2003,2010,8,April,July,no,178,Thryothorus_rufalbus,Thryothorus_rufalbus,Thryophilus_rufalbus,Thryophilus_rufalbus,NA,NA,Pair,Pair,biparental,biparental,biparental,25,NA,,25.1,28,26.03333333,0,0,0,0,1,0,NA,NA,NA,NA,0,SP,2,4,NA,NA,NA,NA,0,4,0,Territorial,Weak,10.67,-85.5,Thryothorus_rufalbus_10.67_-85.5,monogamy,other_enclosed,monogamy,monogamy,microsatellite,8,no,species_coordinates,3,48,3,155,biparental,biparental
327Stanback2002,total,Tockus_monteiri,monteiro’s_hornbill,monogamy,135,0,38,0,-22.53,16.97,yes,DNA_fingerprinting,1995,1996,2,December,February,no,179,Tockus_monteiri,Tockus_monteiri,Tockus_monteiri,Tockus_monteiri,no_fam,no_fam,Pair,Pair,biparental,biparental,biparental,208,454,,245,448,327.5,0,0,0,0,0,0,NA,NA,NA,NA,0,CV,2,8,NA,NA,NA,NA,0,4,0,Territorial,Weak,-22.53,16.97,Tockus_monteiri_-22.53_16.97,monogamy,cavity,monogamy,monogamy,DNA_fingerprinting,2,yes,species_coordinates,0,38,0,135,biparental,biparental
149 Bowers2015,total,Troglodytes_aedon,house_wren,monogamy,1772,16.4,361,35.2,40.67,-88.88,yes,microsatellite,2004,2006,3,April,August,no,180,Troglodytes_aedon,Troglodytes_aedon,Troglodytes_aedon,Troglodytes_aedon,family,family,pair,Pair,biparental,biparental,biparental,9.8,13.1,,9.8,12.1,11.13333333,0,0,0,1,0,0,Mono,Poly,mixed,MonoPoly,3,"CV,O,CR",4,8,NA,NA,NA,NA,2,4,0,Territorial,Weak,40.67,-88.88,Troglodytes_aedon_40.67_-88.88,monogamy,cavity,monogamy,monogamy,microsatellite,3,yes,species_coordinates,127,234,291,1481,biparental,biparental
24Brylawski2004,total,Troglodytes_aedon,house_wren,monogamy,54,1.9,9,11.1,49.38,-88.02,yes,microsatellite,2004,2006,3,April,August,no,180,Troglodytes_aedon,Troglodytes_aedon,Troglodytes_aedon,Troglodytes_aedon,family,family,pair,Pair,biparental,biparental,biparental,9.8,13.1,,9.8,12.1,11.13333333,0,0,0,1,0,0,Mono,Poly,mixed,MonoPoly,3,"CV,O,CR",4,8,NA,NA,NA,NA,2,4,0,Territorial,Weak,49.38,-88.02,Troglodytes_aedon_49.38_-88.02,monogamy,cavity,monogamy,monogamy,microsatellite,3,yes,species_coordinates,1,8,1,53,biparental,biparental
158Cramer2013,total,Troglodytes_aedon,house_wren,monogamy,857,13.5,181,37.6,42.52,-76.47,yes,microsatellite,NA,NA,#VALUE!,April,August,no,180,Troglodytes_aedon,Troglodytes_aedon,Troglodytes_aedon,Troglodytes_aedon,family,family,pair,Pair,biparental,biparental,biparental,9.8,13.1,,9.8,12.1,11.13333333,0,0,0,1,0,0,Mono,Poly,mixed,MonoPoly,3,"CV,O,CR",4,8,NA,NA,NA,NA,2,4,0,Territorial,Weak,42.52,-76.47,Troglodytes_aedon_42.52_-76.47,monogamy,cavity,monogamy,monogamy,microsatellite,NA,yes,species_coordinates,68,113,116,741,biparental,biparental
284Johnson2002,total,Troglodytes_aedon,house_wren,monogamy,NA,NA,NA,NA,44.68,-106.98,yes,microsatellite,1998,1999,2,April,August,no,180,Troglodytes_aedon,Troglodytes_aedon,Troglodytes_aedon,Troglodytes_aedon,family,family,pair,Pair,biparental,biparental,biparental,9.8,13.1,,9.8,12.1,11.13333333,0,0,0,1,0,0,Mono,Poly,mixed,MonoPoly,3,"CV,O,CR",4,8,NA,NA,NA,NA,2,4,0,Territorial,Weak,44.68,-106.98,Troglodytes_aedon_44.68_-106.98,monogamy,cavity,monogamy,monogamy,microsatellite,2,yes,species_coordinates,NA,NA,NA,NA,biparental,biparental
285Johnson2009,total,Troglodytes_aedon,house_wren,monogamy,316,NA,79,36.7,44.67,-105.93,yes,microsatellite,2006,2007,2,April,August,no,180,Troglodytes_aedon,Troglodytes_aedon,Troglodytes_aedon,Troglodytes_aedon,family,family,pair,Pair,biparental,biparental,biparental,9.8,13.1,,9.8,12.1,11.13333333,0,0,0,1,0,0,Mono,Poly,mixed,MonoPoly,3,"CV,O,CR",4,8,NA,NA,NA,NA,2,4,0,Territorial,Weak,44.67,-105.93,Troglodytes_aedon_44.67_-105.93,monogamy,cavity,monogamy,monogamy,microsatellite,2,yes,species_coordinates,29,50,NA,NA,biparental,biparental
253LaBarbera2010,total,Troglodytes_aedon,house_wren,monogamy,377,24.9,82,53.7,42.52,-76.47,yes,microsatellite,2004,2008,5,April,August,no,180,Troglodytes_aedon,Troglodytes_aedon,Troglodytes_aedon,Troglodytes_aedon,family,family,pair,Pair,biparental,biparental,biparental,9.8,13.1,,9.8,12.1,11.13333333,0,0,0,1,0,0,Mono,Poly,mixed,MonoPoly,3,"CV,O,CR",4,8,NA,NA,NA,NA,2,4,0,Territorial,Weak,42.52,-76.47,Troglodytes_aedon_42.52_-76.47,monogamy,cavity,monogamy,monogamy,microsatellite,5,yes,species_coordinates,44,38,94,283,biparental,biparental
253LaBarbera2010,total,Troglodytes_aedon,house_wren,monogamy,166,15.7,40,32.5,-36.43,-56.94,yes,microsatellite,2003,2004,2,October,January,no,180,Troglodytes_aedon,Troglodytes_aedon,Troglodytes_aedon,Troglodytes_aedon,family,family,pair,Pair,biparental,biparental,biparental,9.8,13.1,,9.8,12.1,11.13333333,0,0,0,1,0,0,Mono,Poly,mixed,MonoPoly,3,"CV,O,CR",4,8,NA,NA,NA,NA,2,4,0,Territorial,Weak,-36.43,-56.94,Troglodytes_aedon_-36.43_-56.94,monogamy,cavity,monogamy,monogamy,microsatellite,2,yes,species_coordinates,13,27,26,140,biparental,biparental
336Poirier2004,total,Troglodytes_aedon,house_wren,monogamy,584,10.1,103,28.2,43.38,-88.02,yes,microsatellite,1998,2000,3,April,August,no,180,Troglodytes_aedon,Troglodytes_aedon,Troglodytes_aedon,Troglodytes_aedon,family,family,pair,Pair,biparental,biparental,biparental,9.8,13.1,,9.8,12.1,11.13333333,0,0,0,1,0,0,Mono,Poly,mixed,MonoPoly,3,"CV,O,CR",4,8,NA,NA,NA,NA,2,4,0,Territorial,Weak,43.38,-88.02,Troglodytes_aedon_43.38_-88.02,monogamy,cavity,monogamy,monogamy,microsatellite,3,yes,species_coordinates,29,74,59,525,biparental,biparental
431Soukup1997,total,Troglodytes_aedon,house_wren,monogamy,790,8.4,146,26.7,40.67,-88.88,yes,DNA_fingerprinting,1991,1993,3,May,August,no,180,Troglodytes_aedon,Troglodytes_aedon,Troglodytes_aedon,Troglodytes_aedon,family,family,pair,Pair,biparental,biparental,biparental,9.8,13.1,,9.8,12.1,11.13333333,0,0,0,1,0,0,Mono,Poly,mixed,MonoPoly,3,"CV,O,CR",4,8,NA,NA,NA,NA,2,4,0,Territorial,Weak,40.67,-88.88,Troglodytes_aedon_40.67_-88.88,monogamy,cavity,monogamy,monogamy,DNA_fingerprinting,3,yes,species_coordinates,39,107,66,724,biparental,biparental
217Brommer2007,total,Troglodytes_troglodytes,Eurasian_wren,monogamy,153,16.3,29,37.9,53.13,6.58,yes,microsatellite,1999,2002,4,NA,NA,no,181,Troglodytes_troglodytes,Troglodytes_troglodytes,Troglodytes_troglodytes,Troglodytes_troglodytes,no_fam,no_fam,Pair,Pair,biparental,biparental,biparental,NA,NA,,NA,NA,9.1,0,0,0,1,0,0,Mono,Poly,mixed,MonoPoly,0,DM,3,9,NA,NA,NA,NA,2,4,0,Territorial,Strong,53.13,6.58,Troglodytes_troglodytes_53.13_6.58,monogamy,ground,monogamy,monogamy,microsatellite,4,yes,species_coordinates,11,18,25,128,biparental,biparental
62Biagolini2017,total,Turdus_albicollis,white-necked_thrush,monogamy,22,18.2,11,36.4,-24.07,-47.97,no,microsatellite,2013,2015,3,September,February,no,182,Turdus_albicollis,Turdus_albicollis,Turdus_albicollis,Turdus_albicollis,NA,no_fam,Pair,Pair,biparental,biparental,biparental,NA,NA,,NA,NA,62.25,0,0,0,1,0,0,Mono,NA,monogamy,Mono,0,CP,2,3,NA,NA,NA,NA,1,3,0,Territorial,Weak,-24.07,-47.97,Turdus_albicollis_-24.07_-47.97,monogamy,open,monogamy,monogamy,microsatellite,3,no,species_coordinates,4,7,4,18,biparental,biparental
47Stutchbury1998,total,Turdus_grayi,clay-colored_robin,monogamy,37,37.8,19,52.6,9.12,-79.7,no,DNA_fingerprinting,1994,1995,2,January,March,yes,183,Turdus_grayi,Turdus_grayi,Turdus_grayi,Turdus_grayi,NA,no_fam,Pair,Pair,biparental,biparental,biparental,NA,NA,,NA,NA,78.65,0,0,0,1,0,0,Mono,NA,monogamy,Mono,0,CP,2,4,NA,NA,NA,NA,2,4,0,Territorial,Weak,9.12,-79.7,Turdus_grayi_9.12_-79.7,monogamy,open,monogamy,monogamy,DNA_fingerprinting,2,no,species_coordinates,10,9,14,23,biparental,biparental
261Rowe2007,total,Turdus_migratorius,American_robin,monogamy,187,48.1,64,71.9,40.03,-88.17,no,microsatellite,2003,2004,2,April,July,no,184,Turdus_migratorius,Turdus_migratorius,Turdus_migratorius,Turdus_migratorius,no_fam,no_fam,Pair,Pair,biparental,biparental,biparental,70.5,94,,59,86.3,79.63333333,0,1,0,0,0,0,Mono,NA,monogamy,Mono,0,CP,2,4,NA,NA,NA,NA,2,4,0,Territorial,Strong,40.03,-88.17,Turdus_migratorius_40.03_-88.17,monogamy,open,monogamy,monogamy,microsatellite,2,no,species_coordinates,46,18,90,97,biparental,biparental
140Roeder2016,total,Tyrannus_forficatus,scissor-tailed_flycatchers,monogamy,168,48.8,44,65.9,34.77,-98.48,no,microsatellite,2008,2011,4,April,August,yes,185,Tyrannus_forficatus,Tyrannus_forficatus,Tyrannus_forficatus,Tyrannus_forficatus,no_fam,no_fam,Pair,Pair,biparental,biparental,biparental,36,43.2,,37.1,41.3,41.7,0,1,1,0,0,0,Mono,NA,monogamy,Mono,0,CP,3,6,NA,NA,NA,NA,2,4,0,Territorial,Strong,34.77,-98.48,Tyrannus_forficatus_34.77_-98.48,monogamy,open,monogamy,monogamy,microsatellite,4,no,species_coordinates,29,15,82,86,biparental,biparental
1Dolan2000,total,Tyrannus_tyrannus,Eastern_kingbird,monogamy,264,47,89,60.7,43,-119,no,microsatellite,2002,2004,3,May,August,yes,186,Tyrannus_tyrannus,Tyrannus_tyrannus,Tyrannus_tyrannus,Tyrannus_tyrannus,no_fam,no_fam,NA,Pair,NA,NA,NA,30.2,50.5,,33.4,54.7,42.2,0,0,0,0,0,0,Mono,NA,monogamy,Mono,0,CP,2,5,NA,NA,NA,NA,2,4,0,Territorial,Strong,43,-119,Tyrannus_tyrannus_43_-119,monogamy,open,monogamy,monogamy,microsatellite,3,no,species_coordinates,54,35,124,140,NA,NA
133Rowe2001,total,Tyrannus_tyrannus,Eastern_kingbird,monogamy,64,42.2,20,60,43.3,-74.88,yes,DNA_fingerprinting,1995,1996,2,April,July,no,186,Tyrannus_tyrannus,Tyrannus_tyrannus,Tyrannus_tyrannus,Tyrannus_tyrannus,no_fam,no_fam,NA,Pair,NA,NA,NA,30.2,50.5,,33.4,54.7,42.2,0,0,0,0,0,0,Mono,NA,monogamy,Mono,0,CP,2,5,NA,NA,NA,NA,2,4,0,Territorial,Strong,43.3,-74.88,Tyrannus_tyrannus_43.3_-74.88,monogamy,open,monogamy,monogamy,DNA_fingerprinting,2,yes,species_coordinates,12,8,27,37,NA,NA
200Henry2013,total,Tyto_alba,barn_owl,monogamy,455,1.3,95,2.1,46.82,6.95,yes,microsatellite,1996,2011,16,April,October,no,187,Tyto_alba,Tyto_alba,Tyto_alba,Tyto_alba,no_fam,no_fam,Pair,Pair,biparental,biparental,biparental,NA,NA,,380,NA,345.6666667,0,0,0,1,0,0,Mono,Poly,mixed,MonoPoly,0,CV,2,16,NA,NA,NA,NA,1,3,0,Territorial,Weak,46.82,6.95,Tyto_alba_46.82_6.95,monogamy,cavity,monogamy,monogamy,microsatellite,16,yes,species_coordinates,2,93,6,449,biparental,biparental
242Berthier2012,total,Upupa_epops,Eurasian_hoopoe,monogamy,254,3.9,41,17.1,46.33,7.67,no,microsatellite,2004,2004,1,April,August,single-year study,188,Upupa_epops,Upupa_epops,Upupa_epops,Upupa_epops,family,family,nk-coop,nk-coop,nk_cooperation,nk_cooperation,nk_cooperation,46,75,,47,87,65.5,0,0,0,1,0,0,Mono,NA,monogamy,Mono,1,CV,2,12,yes,9.6,Clements_name,NA,1,4,0,Territorial,Strong,46.33,7.67,Upupa_epops_46.33_7.67,monogamy,cavity,monogamy,monogamy,microsatellite,1,no,species_coordinates,7,34,10,244,NA,NA
321Martín-Vivaldi2002,total,Upupa_epops,Eurasian_hoopoe,monogamy,65,10,20,10,37,-3,no,DNA_fingerprinting,1995,1995,1,February,June,single-year study,188,Upupa_epops,Upupa_epops,Upupa_epops,Upupa_epops,family,family,nk-coop,nk-coop,nk_cooperation,nk_cooperation,nk_cooperation,46,75,,47,87,65.5,0,0,0,1,0,0,Mono,NA,monogamy,Mono,1,CV,2,12,yes,9.6,Clements_name,NA,1,4,0,Territorial,Strong,37,-3,Upupa_epops_37_-3,monogamy,cavity,monogamy,monogamy,DNA_fingerprinting,1,no,species_coordinates,2,18,6,59,NA,NA
452Birkhead2001,total,Uria_aalge,common_murres,monogamy,77,7.8,77,7.8,51.75,-5.28,no,DNA_fingerprinting,1996,1998,3,June,August,no,189,Uria_aalge,Uria_aalge,Uria_aalge,Uria_aalge,no_fam,no_fam,pair,Pair,biparental,biparental,biparental,815,1187,,775,1202,984,1,0,0,0,0,0,Mono,Poly,mixed,MonoPoly,0,NO,1,1,NA,NA,NA,NA,1,4,0,Non-territorial,Strong,51.75,-5.28,Uria_aalge_51.75_-5.28,monogamy,ground,monogamy,monogamy,DNA_fingerprinting,3,no,species_coordinates,6,71,6,71,biparental,biparental
171Ibarguchi2004,total,Uria_lomvia,thick-billed_murres,monogamy,27,7.4,27,7.4,62,-83,no,microsatellite,1996,1997,2,July,August,no,190,Uria_lomvia,Uria_lomvia,Uria_lomvia,Uria_lomvia,no_fam,no_fam,Pair,Pair,biparental,biparental,biparental,779,NA,,773,NA,945.75,1,0,0,0,0,0,Mono,NA,monogamy,Mono,0,"NO,SC",1,1,NA,NA,NA,NA,1,4,0,Non-territorial,Strong,62,-83,Uria_lomvia_62_-83,monogamy,ground,monogamy,monogamy,microsatellite,2,no,species_coordinates,2,25,2,25,biparental,biparental
418Harper2010,total,Vermivora_chrysoptera,golden-winged_warbler,monogamy,62,38.7,17,76.5,44.57,-76.32,no,microsatellite,2005,2005,1,April,July,single-year study,191,Vermivora_chrysoptera,Vermivora_chrysoptera,Vermivora_chrysoptera,Vermivora_chrysoptera,NA,NA,Pair,Pair,biparental,biparental,biparental,7.4,11.8,,7.2,10.8,9.3,0,1,1,0,0,0,Mono,Poly,mixed,MonoPoly,0,CP,4,7,no,0,Clements_name,NA,2,4,0,Territorial,Strong,44.57,-76.32,Vermivora_chrysoptera_44.57_-76.32,monogamy,open,monogamy,monogamy,microsatellite,1,no,species_coordinates,13,4,24,38,biparental,biparental
16Campomizzi2012,total,Vireo_griseus,white-eyed_vireo,monogamy,102,2,36,5.6,31.4,-97.8,no,microsatellite,2008,2010,3,March,June,no,192,Vireo_griseus,Vireo_griseus,Vireo_griseus,Vireo_griseus,no_fam,no_fam,Pair,Pair,biparental,biparental,biparental,7.56,13,,8.28,13.9,11.17333333,0,0,0,0,0,0,Mono,NA,monogamy,Mono,0,PN,3,5,NA,NA,NA,NA,1,4,0,Territorial,Strong,31.4,-97.8,Vireo_griseus_31.4_-97.8,monogamy,other_enclosed,monogamy,monogamy,microsatellite,3,no,species_coordinates,2,34,2,100,biparental,biparental
161Morton1998,total,Vireo_olivaceus,red-eyed_vireo,monogamy,19,57.9,7,57.1,41,-79,no,DNA_fingerprinting,1994,1995,2,April,August,no,193,Vireo_olivaceus,Vireo_olivaceus,Vireo_olivaceus,Vireo_olivaceus,no_fam,no_fam,Pair,Pair,biparental,biparental,biparental,11.38,28.2,,11.1,29.5,19.19666667,0,0,0,0,0,0,Mono,NA,monogamy,Mono,0,CP,1,5,NA,NA,NA,NA,3,4,0,Territorial,Strong,41,-79,Vireo_olivaceus_41_-79,monogamy,open,monogamy,monogamy,DNA_fingerprinting,2,no,species_coordinates,4,3,11,8,biparental,biparental
161Morton1998,total,Vireo_solitarius,blue-headed_vireo,monogamy,37,2.7,16,6.2,41,-79,no,DNA_fingerprinting,1994,1995,2,April,August,no,194,Vireo_solitarius,Vireo_solitarius,Vireo_solitarius,Vireo_solitarius,no_fam,no_fam,Pair,Pair,biparental,biparental,biparental,16.6,17,,NA,NA,16.45,0,0,0,0,0,0,Mono,NA,monogamy,Mono,0,CP,3,5,NA,NA,NA,NA,0,4,0,Territorial,Strong,41,-79,Vireo_solitarius_41_-79,monogamy,open,monogamy,monogamy,DNA_fingerprinting,2,no,species_coordinates,1,15,1,36,biparental,biparental
61Carvalho2006,total,Volatinia_jacarina,blue-black_grassquits,monogamy,20,50,11,63.6,-15.95,-47.93,no,microsatellite,1999,2000,2,November,March,single-year study,195,Volatinia_jacarina,Volatinia_jacarina,Volatinia_jacarina,Volatinia_jacarina,NA,NA,Pair,Pair,biparental,biparental,biparental,NA,NA,,NA,NA,10,0,1,0,1,1,0,Mono,Poly,mixed,MonoPoly,0,CP,1,4,no,0,Clements_name,NA,1,4,0,Non-territorial,Weak,-15.95,-47.93,Volatinia_jacarina_-15.95_-47.93,monogamy,open,monogamy,monogamy,microsatellite,2,no,species_coordinates,7,4,10,10,biparental,biparental
288Manica2016,total,Volatinia_jacarina,blue-black_grassquits,monogamy,208,21.2,95,30.5,-15.93,-47.93,no,microsatellite,2008,2011,4,October,February,yes,195,Volatinia_jacarina,Volatinia_jacarina,Volatinia_jacarina,Volatinia_jacarina,NA,NA,Pair,Pair,biparental,biparental,biparental,NA,NA,,NA,NA,10,0,1,0,1,1,0,Mono,Poly,mixed,MonoPoly,0,CP,1,4,no,0,Clements_name,NA,1,4,0,Non-territorial,Weak,-15.93,-47.93,Volatinia_jacarina_-15.93_-47.93,monogamy,open,monogamy,monogamy,microsatellite,4,no,species_coordinates,29,66,44,164,biparental,biparental
48Stutchbury1997,total,Wilsonia_citrina,hooded_warbler,monogamy,356,26.7,119,35.3,41,-79,no,DNA_fingerprinting,1991,1995,5,May,August,no,196,Wilsonia_citrina,Wilsonia_citrina,Setophaga_citrina,Setophaga_citrina,no_fam,no_fam,Pair,Pair,biparental,biparental,biparental,8.6,12.8,,8.1,12.5,10.5,0,1,0,0,1,0,Mono,Poly,mixed,MonoPoly,3,CP,1,5,NA,NA,NA,NA,3,4,0,Territorial,Strong,41,-79,Wilsonia_citrina_41_-79,monogamy,open,monogamy,monogamy,DNA_fingerprinting,5,no,species_coordinates,42,77,95,261,biparental,biparental
316Grunst2017,total,Zonotrichia_albicollis,white-throated_sparrow,monogamy,1183,15.4,379,26.6,44.15,-74.78,no,microsatellite,2004,2013,10,April,June,no,197,Zonotrichia_albicollis,Zonotrichia_albicollis,Zonotrichia_albicollis,Zonotrichia_albicollis,no_fam,no_fam,Pair,Pair,biparental,biparental,biparental,20,31.4,,23,36.1,27.48333333,0,0,0,0,0,0,NA,NA,NA,NA,0,CP,1,7,no,0,Clements_name,NA,1,4,0,Territorial,Strong,44.15,-74.78,Zonotrichia_albicollis_44.15_-74.78,monogamy,open,monogamy,monogamy,microsatellite,10,no,species_coordinates,101,278,182,1001,biparental,biparental
153Tuttle2003,total,Zonotrichia_albicollis,white-throated_sparrow,monogamy,89,18,32,31.2,44.15,-74.78,no,DNA_fingerprinting,1988,1995,8,April,June,no,197,Zonotrichia_albicollis,Zonotrichia_albicollis,Zonotrichia_albicollis,Zonotrichia_albicollis,no_fam,no_fam,Pair,Pair,biparental,biparental,biparental,20,31.4,,23,36.1,27.48333333,0,0,0,0,0,0,NA,NA,NA,NA,0,CP,1,7,no,0,Clements_name,NA,1,4,0,Territorial,Strong,44.15,-74.78,Zonotrichia_albicollis_44.15_-74.78,monogamy,open,monogamy,monogamy,DNA_fingerprinting,8,no,species_coordinates,10,22,16,73,biparental,biparental
71Eikenaar2013,total,Zonotrichia_capensis,rufous-collared_sparrow,monogamy,24,41.7,11,63.6,-0.35,-78.15,no,microsatellite,2006,2007,2,October,January,single-year study,198,Zonotrichia_capensis,Zonotrichia_capensis,Zonotrichia_capensis,Zonotrichia_capensis,NA,NA,Pair,Pair,biparental,biparental,biparental,17.1,31,,16.1,30.7,23.78333333,0,0,1,1,0,0,Mono,NA,monogamy,Mono,0,CP,2,5,NA,NA,NA,NA,2,4,0,Territorial,Weak,-0.35,-78.15,Zonotrichia_capensis_-0.35_-78.15,monogamy,open,monogamy,monogamy,microsatellite,2,no,species_coordinates,7,4,10,14,biparental,biparental
71Eikenaar2013,total,Zonotrichia_capensis,rufous-collared_sparrow,monogamy,23,52.2,10,60,-0.12,-77.92,no,microsatellite,2009,2009,1,January,December,single-year study,198,Zonotrichia_capensis,Zonotrichia_capensis,Zonotrichia_capensis,Zonotrichia_capensis,NA,NA,Pair,Pair,biparental,biparental,biparental,17.1,31,,16.1,30.7,23.78333333,0,0,1,1,0,0,Mono,NA,monogamy,Mono,0,CP,2,5,NA,NA,NA,NA,2,4,0,Territorial,Weak,-0.12,-77.92,Zonotrichia_capensis_-0.12_-77.92,monogamy,open,monogamy,monogamy,microsatellite,1,no,species_coordinates,6,4,12,11,biparental,biparental
164Bonier2007,total,Zonotrichia_leucophrys,white-crowned_sparrow,monogamy,68,47.1,28,64.3,48.02,-122.05,no,microsatellite,2005,2005,1,April,August,no,199,Zonotrichia_leucophrys,Zonotrichia_leucophrys,Zonotrichia_leucophrys,Zonotrichia_leucophrys,no_fam,no_fam,Pair,Pair,biparental,biparental,biparental,25,38.5,,27.3,28.27,29.86166667,0,0,0,0,0,0,NA,NA,NA,NA,0,CP,3,7,NA,NA,NA,NA,2,4,0,Territorial,Strong,48.02,-122.05,Zonotrichia_leucophrys_48.02_-122.05,monogamy,open,monogamy,monogamy,microsatellite,1,no,species_coordinates,18,10,32,36,biparental,biparental
143MacDougall-Shackleton2002,total,Zonotrichia_leucophrys,white-crowned_sparrow,monogamy,342,41.2,96,44.8,38.57,-119.03,no,microsatellite,1997,1999,3,May,August,yes,199,Zonotrichia_leucophrys,Zonotrichia_leucophrys,Zonotrichia_leucophrys,Zonotrichia_leucophrys,no_fam,no_fam,Pair,Pair,biparental,biparental,biparental,25,38.5,,27.3,28.27,29.86166667,0,0,0,0,0,0,NA,NA,NA,NA,0,CP,3,7,NA,NA,NA,NA,2,4,0,Territorial,Strong,38.57,-119.03,Zonotrichia_leucophrys_38.57_-119.03,monogamy,open,monogamy,monogamy,microsatellite,3,no,species_coordinates,43,53,141,201,biparental,biparental
30Poesel2011,total,Zonotrichia_leucophrys,white-crowned_sparrow,monogamy,189,29.1,62,38.7,43.16,-124.41,no,microsatellite,2005,2007,3,March,June,yes,199,Zonotrichia_leucophrys,Zonotrichia_leucophrys,Zonotrichia_leucophrys,Zonotrichia_leucophrys,no_fam,no_fam,Pair,Pair,biparental,biparental,biparental,25,38.5,,27.3,28.27,29.86166667,0,0,0,0,0,0,NA,NA,NA,NA,0,CP,3,7,NA,NA,NA,NA,2,4,0,Territorial,Strong,43.16,-124.41,Zonotrichia_leucophrys_43.16_-124.41,monogamy,open,monogamy,monogamy,microsatellite,3,no,species_coordinates,24,38,55,134,biparental,biparental
38Robertson2001,total,Zosterops_lateralis,capricorn_silvereye,monogamy,122,0,53,0,-23.43,151.9,no,DNA_fingerprinting,1991,1992,2,September,November,no,200,Zosterops_lateralis,Zosterops_lateralis,Zosterops_lateralis,Zosterops_lateralis,no_fam,no_fam,Pair,Pair,biparental,biparental,biparental,NA,NA,,NA,NA,13.05,0,0,1,0,0,0,NA,NA,NA,NA,0,CP,2,4,NA,NA,NA,NA,0,4,0,Territorial,Weak,-23.43,151.9,Zosterops_lateralis_-23.43_151.9,monogamy,open,monogamy,monogamy,DNA_fingerprinting,2,no,species_coordinates,0,53,0,122,biparental,biparental
263Schulze-Hagen1993,total,Acrocephalus_melanopogon,moustached_warbler,polyandry,44,27.3,18,38.9,47.93,16.75,NA,NA,NA,NA,#VALUE!,March,July,NA,201,Acrocephalus_melanopogon,Acrocephalus_melanopogon,Acrocephalus_melanopogon,Acrocephalus_melanopogon,no_fam,no_fam,nk-coop,nk-coop,nk_cooperation,nk_cooperation,nk_cooperation,NA,NA,,NA,NA,11.4,0,0,0,0,0,0,Mono,Poly,mixed,MonoPoly,0,CP,2,7,yes,68,Clements_name,NA,2,4,0,Territorial,Strong,47.93,16.75,Acrocephalus_melanopogon_47.93_16.75,polygamy,open,polygamy,polygamy,NA,NA,NA,species_coordinates,7,11,12,32,NA,NA
51Leisler2000,total,Acrocephalus_paludicola,aquatic_warbler,no social bond,340,39.1,75,76,53.33,22.67,no,microsatellite,1993,1997,5,May,August,yes,202,Acrocephalus_paludicola,Acrocephalus_paludicola,Acrocephalus_paludicola,Acrocephalus_paludicola,NA,NA,Female only,Female only,uniparental,uniparental,uniparental,10.2,19.6,,9.5,15.2,13.3,0,0,0,0,0,0,NA,Poly,polygamy,Poly,0,CP,3,6,NA,NA,NA,NA,2,4,0,Territorial,Strong,53.33,22.67,Acrocephalus_paludicola_53.33_22.67,polygamy,open,polygamy,polygamy,microsatellite,5,no,species_coordinates,57,18,133,207,uniparental,uniparental
263Schulze-Hagen1993,total,Acrocephalus_paludicola,aquatic_warbler,no social bond,70,35.7,18,50,53.48,23,no,DNA_fingerprinting,1990,1990,1,May,July,single-year study,202,Acrocephalus_paludicola,Acrocephalus_paludicola,Acrocephalus_paludicola,Acrocephalus_paludicola,NA,NA,Female only,Female only,uniparental,uniparental,uniparental,10.2,19.6,,9.5,15.2,13.3,0,0,0,0,0,0,NA,Poly,polygamy,Poly,0,CP,3,6,NA,NA,NA,NA,2,4,0,Territorial,Strong,53.48,23,Acrocephalus_paludicola_53.48_23,polygamy,open,polygamy,polygamy,DNA_fingerprinting,1,no,species_coordinates,9,9,25,45,uniparental,uniparental
138Richardson2001,signe-year,Acrocephalus_sechellensis,seychelles_warbler,cooperative breeder,55,38.2,45,40,-4.32,55.65,no,microsatellite,1999,1999,1,May,September,single-year study,203,Acrocephalus_sechellensis,Acrocephalus_sechellensis,Acrocephalus_sechellensis,Acrocephalus_sechellensis,coop_families,coop_families,Cooperation,Cooperation,cooperation,cooperation,cooperation,15,NA,,16.8,NA,15.9,0,0,0,0,0,0,Mono,NA,monogamy,Mono,1,CP,1,3,yes,43.5,Clements_name,NA,2,4,0,Territorial,Weak,-4.32,55.65,Acrocephalus_sechellensis_-4.32_55.65,monogamy,open,monogamy,monogamy,microsatellite,1,no,species_coordinates,18,27,21,34,NA,NA
299de L. Brooke1995,total,Acrocephalus_vaughani_taiti,henderson_reed-warbler,monogamy_polyandry,28,7.1,NA,NA,-24.38,-128.32,no,DNA_fingerprinting,1991,1991,1,September,December,single-year study,204,Acrocephalus_vaughani,Acrocephalus_vaughani,Acrocephalus_vaughani,Acrocephalus_vaughani,NA,NA,nk-coop,nk-coop,nk_cooperation,nk_cooperation,nk_cooperation,22,NA,,27,NA,24.5,0,1,0,1,0,0,NA,NA,NA,NA,0,CP,2,3,yes,36.4,Clements_name,NA,1,4,0,Territorial,Weak,-24.38,-128.32,Acrocephalus_vaughani_taiti_-24.38_-128.32,mixed,open,mixed,NA,DNA_fingerprinting,1,no,species_coordinates,NA,NA,2,26,NA,NA
289Oring1992,total,Actitis_macularius,spotted_sandpiper,polyandry,34,2.9,9,11.1,47.17,-94.42,no,DNA_fingerprinting,1990,1991,2,May,July,yes,205,Actitis_macularius,Actitis_macularius,Actitis_macularius,Actitis_macularius,no_fam,no_fam,Male only,Male only,uniparental,uniparental,uniparental,30.7,75.5,,19,64,45,0,0,0,1,0,0,Mono,Poly,mixed,MonoPoly,0,SC,3,5,NA,NA,NA,NA,3,4,1,Territorial,Strong,47.17,-94.42,Actitis_macularius_47.17_-94.42,polygamy,ground,polygamy,polygamy,DNA_fingerprinting,2,no,species_coordinates,1,8,1,33,uniparental,uniparental
45Hatchwell2002,total,Aegithalos_caudatus,long-tailed_tit,cooperative breeder,372,1.9,48,12.5,53.37,-1.57,no,microsatellite,1994,2000,7,March,June,no,206,Aegithalos_caudatus,Aegithalos_caudatus,Aegithalos_caudatus,Aegithalos_caudatus,coop_families,coop_families,Cooperation,Cooperation,cooperation,cooperation,cooperation,NA,NA,,NA,NA,8.3,0,0,1,0,0,0,Mono,NA,monogamy,Mono,1,DM,6,15,yes,38.1,Clements_name,NA,0,4,0,Territorial,Weak,53.37,-1.57,Aegithalos_caudatus_53.37_-1.57,monogamy,ground,monogamy,monogamy,microsatellite,7,no,species_coordinates,6,42,7,365,NA,NA
236Li2014,total,Aegithalos_concinnus,black-throated_tit,cooperative breeder,383,5.7,64,17.2,31.95,114.25,no,microsatellite,2008,2011,4,January,May,no,207,Aegithalos_concinnus,Aegithalos_concinnus,Aegithalos_concinnus,Aegithalos_concinnus,coop_families,coop_families,Cooperation,Cooperation,cooperation,cooperation,cooperation,NA,NA,,NA,NA,6.4,0,1,0,0,0,0,NA,NA,NA,NA,3,SP,3,7,yes,10.8,Clements_name,NA,1,4,0,Territorial,Weak,31.95,114.25,Aegithalos_concinnus_31.95_114.25,monogamy,other_enclosed,monogamy,monogamy,microsatellite,4,no,species_coordinates,11,53,22,361,NA,NA
422Birks1997,total,Alectura_lathami,Australian_brush-turkey,no social bond,65,27.7,10,NA,-27.85,153.17,no,DNA_fingerprinting,1990,1992,3,July,December,no,208,Alectura_lathami,Alectura_lathami,Alectura_lathami,Alectura_lathami,no_fam,no_fam,Male only,Male only,uniparental,uniparental,uniparental,1980,2510,,2120,2950,2390,0,0,0,0,0,0,NA,Poly,polygamy,Poly,0,M,15,27,NA,NA,NA,NA,3,4,0,Territorial,Weak,-27.85,153.17,Alectura_lathami_-27.85_153.17,polygamy,ground,polygamy,polygamy,DNA_fingerprinting,3,no,species_coordinates,NA,NA,18,47,uniparental,uniparental
67Hill2010,total,Ammodramus_caudacutus,saltmarsh_sparrow,no social bond,NA,NA,60,95,41,-72,no,microsatellite,2003,2004,2,May,June,yes,209,Ammodramus_caudacutus,Ammodramus_caudacutus,Ammospiza_caudacuta,Ammospiza_caudacuta,no_fam,no_fam,Pair,Pair,biparental,biparental,biparental,15.4,22.5,,15.3,24.1,19.325,0,0,0,0,0,0,NA,NA,NA,NA,0,CP,3,5,NA,NA,NA,NA,3,4,0,Territorial,Strong,41,-72,Ammodramus_caudacutus_41_-72,polygamy,open,polygamy,polygamy,microsatellite,2,no,species_coordinates,57,3,NA,NA,biparental,biparental
7Ball 2017,total,Anthoscopus_minutus,cape_pendulin_tit,cooperative breeder,42,7.1,13,15.4,-33.68,18.43,no,microsatellite,2002,2007,6,NA,NA,no,210,Anthoscopus_minutus,Anthoscopus_minutus,Anthoscopus_minutus,Anthoscopus_minutus,coop_families,coop_families,Cooperation,Cooperation,cooperation,cooperation,cooperation,7.5,8.6,,6.9,NA,7.12,0,1,1,0,0,0,Mono,NA,monogamy,Mono,2,PN,4,8,yes,28.6,Clements_name,NA,1,4,0,Territorial,Weak,-33.68,18.43,Anthoscopus_minutus_-33.68_18.43,monogamy,other_enclosed,monogamy,monogamy,microsatellite,6,no,species_coordinates,2,11,3,39,NA,NA
231Quinn1999,total,Aphelocoma_coerulescens,Florida_scrub-jay,cooperative breeder,139,0,60,0,27.17,-81.35,no,DNA_fingerprinting,1989,1992,4,March,June,no,211,Aphelocoma_coerulescens,Aphelocoma_coerulescens,Aphelocoma_coerulescens,Aphelocoma_coerulescens,coop_families,coop_families,Cooperation,Cooperation,cooperation,cooperation,cooperation,68.12,80,,72.95,83.93,76.25,0,0,0,0,0,0,Mono,NA,monogamy,Mono,1,"CP,PL",1,6,yes,50,Clements_name,NA,0,4,0,Territorial,Weak,27.17,-81.35,Aphelocoma_coerulescens_27.17_-81.35,monogamy,open,monogamy,monogamy,DNA_fingerprinting,4,no,species_coordinates,0,60,0,139,NA,NA
438Li2000,total,Aphelocoma_ultramarina,Mexican_jay,cooperative breeder,139,39.6,51,63,31.92,-109.25,no,microsatellite,1991,1996,6,March,June,yes,212,Aphelocoma_ultramarina,Aphelocoma_ultramarina,Aphelocoma_wollweberi,Aphelocoma_wollweberi,coop_families,coop_families,Cooperation,Cooperation,cooperation,cooperation,cooperation,87.7,142.5,,86.5,135.6,113.075,0,1,0,0,0,0,Mono,Poly,mixed,MonoPoly,1,PL,1,5,yes,100,Clements_name,NA,2,4,0,Territorial,Weak,31.92,-109.25,Aphelocoma_ultramarina_31.92_-109.25,monogamy,open,monogamy,monogamy,microsatellite,6,no,species_coordinates,32,19,55,84,NA,NA
331Winterbottom2001,total,Bubalornis_niger,red-billed_buffalo_weaver,polygynandry_cooperative breeder,55,34.5,25,32,NA,NA,no,DNA_fingerprinting,1994,1996,3,November,April,no,213,Bubalornis_niger,Bubalornis_niger,Bubalornis_niger,Bubalornis_niger,no_fam,no_fam,nk-coop,nk-coop,nk_cooperation,nk_cooperation,nk_cooperation,59,90,,65,98,78,1,1,0,0,0,0,NA,Poly,polygamy,Poly,1,SP,2,4,yes,60,Clements_name,NA,3,4,0,Territorial,Weak,NA,NA,Bubalornis_niger_331Winterbottom2001,polygamy,other_enclosed,polygamy,polygamy,DNA_fingerprinting,3,no,species_study_id_missing_coordinates,8,17,19,36,NA,NA
219Faaborg 1995,total,Buteo_galapagoensis,Galapagos_hawk,polyandry,22,0,10,0,-0.23,-90.7,no,DNA_fingerprinting,1990,1991,2,January,April,no,214,Buteo_galapagoensis,Buteo_galapagoensis,Buteo_galapagoensis,Buteo_galapagoensis,no_fam,no_fam,nk-coop,nk-coop,nk_cooperation,nk_cooperation,nk_cooperation,1223,1578,,844,1137,1195.5,0,0,1,1,0,0,Mono,Poly,mixed,MonoPoly,1,NA,1,3,yes,75,Clements_name,NA,3,4,1,Territorial,Weak,-0.23,-90.7,Buteo_galapagoensis_-0.23_-90.7,polygamy,NA,polygamy,polygamy,DNA_fingerprinting,2,no,species_coordinates,0,10,0,22,NA,NA
236Briskie1998,total,Calcarius_pictus,Smith´s_longspur,polygynandry,114,0.9,31,3.2,58.77,-94.15,no,DNA_fingerprinting,1989,1993,5,June,July,no,215,Calcarius_pictus,Calcarius_pictus,Calcarius_pictus,Calcarius_pictus,no_fam,no_fam,nk-coop,nk-coop,nk_cooperation,nk_cooperation,nk_cooperation,19.7,29,,21,32,25.425,0,0,0,0,0,0,Mono,Poly,mixed,MonoPoly,0,CP,2,6,yes,47.4,Clements_name,NA,3,4,0,Territorial,Strong,58.77,-94.15,Calcarius_pictus_58.77_-94.15,polygamy,open,polygamy,polygamy,DNA_fingerprinting,5,no,species_coordinates,1,30,1,113,NA,NA
144Berg2005,total,Calocitta_formosa,white-throated_magpie-jay,cooperative breeder,105,48.6,26,61.5,10.83,-85.62,no,microsatellite,1999,2002,4,January,July,no,216,Calocitta_formosa,Calocitta_formosa,Cyanocorax_formosus,Cyanocorax_formosus,coop_families,coop_families,Cooperation,Cooperation,cooperation,cooperation,cooperation,205.5,210,,205,213.3,208.6333333,0,1,1,0,0,0,NA,NA,NA,NA,2,CP,3,4,yes,100,Clements_name,NA,2,4,0,Territorial,Weak,10.83,-85.62,Calocitta_formosa_10.83_-85.62,monogamy,open,monogamy,monogamy,microsatellite,4,no,species_coordinates,16,10,51,54,NA,NA
226Haydock1996,total,Campylorhynchus_griseus,bicolored_wren,cooperative breeder,222,2.3,99,NA,8.5,-67.6,no,DNA_fingerprinting,1989,1991,3,April,May,no,217,Campylorhynchus_griseus,Campylorhynchus_griseus,Campylorhynchus_griseus,Campylorhynchus_griseus,coop_families,coop_families,Cooperation,Cooperation,cooperation,cooperation,cooperation,NA,NA,,NA,NA,41.75,0,0,1,0,0,0,NA,NA,NA,NA,1,DM,3,5,yes,61.6,Clements_name,NA,1,4,0,Territorial,Weak,8.5,-67.6,Campylorhynchus_griseus_8.5_-67.6,monogamy,ground,monogamy,monogamy,DNA_fingerprinting,3,no,species_coordinates,NA,NA,5,217,NA,NA
369Rabenold1990,total,Campylorhynchus_nuchalis,stripe-backed_wren,cooperative breeder,69,1.4,34,2.9,9.38,-67.7,no,DNA_fingerprinting,1988,1989,2,April,December,no,218,Campylorhynchus_nuchalis,Campylorhynchus_nuchalis,Campylorhynchus_nuchalis,Campylorhynchus_nuchalis,coop_families,coop_families,Cooperation,Cooperation,cooperation,cooperation,cooperation,NA,NA,,NA,NA,23.3,0,0,0,0,0,0,NA,Poly,polygamy,Poly,2,DM,4,4,yes,67.4,Clements_name,NA,1,4,0,Territorial,Weak,9.38,-67.7,Campylorhynchus_nuchalis_9.38_-67.7,monogamy,ground,monogamy,monogamy,DNA_fingerprinting,2,no,species_coordinates,1,33,1,68,NA,NA
264Semple2001,total,Centrocercus_urophasianus,greater_sage-grouse,no social bond,NA,NA,10,20,37.67,-118.83,no,microsatellite,1997,2000,4,March,May,no,219,Centrocercus_urophasianus,Centrocercus_urophasianus,Centrocercus_urophasianus,Centrocercus_urophasianus,family,family,Female only,Female only,uniparental,uniparental,uniparental,1000,1800,,1700,3900,2100,0,1,0,0,1,1,NA,Poly,polygamy,Poly,0,SC,7,15,NA,NA,NA,NA,4,4,0,Non-territorial,Weak,37.67,-118.83,Centrocercus_urophasianus_37.67_-118.83,polygamy,ground,polygamy,polygamy,microsatellite,4,no,species_coordinates,2,8,NA,NA,uniparental,uniparental
250Bird2013,total,Centrocercus_urophasianus,greater_sage-grouse,no social bond,NA,NA,191,7.9,49.4,-110.7,no,microsatellite,1999,2006,8,March,June,yes,219,Centrocercus_urophasianus,Centrocercus_urophasianus,Centrocercus_urophasianus,Centrocercus_urophasianus,family,family,Female only,Female only,uniparental,uniparental,uniparental,1000,1800,,1700,3900,2100,0,1,0,0,1,1,NA,Poly,polygamy,Poly,0,SC,7,15,NA,NA,NA,NA,4,4,0,Non-territorial,Weak,49.4,-110.7,Centrocercus_urophasianus_49.4_-110.7,polygamy,ground,polygamy,polygamy,microsatellite,8,no,species_coordinates,15,176,NA,NA,uniparental,uniparental
335Langmore2007,total,Chrysococcyx_basalis,Horsfield’s_bronze-cuckoo,no social bond,42,0,NA,NA,-35.27,149.15,no,microsatellite,1999,2005,7,September,January,no,222,Chrysococcyx_basalis,Chrysococcyx_basalis,Chalcites_basalis,Chalcites_basalis,no_fam,no_fam,Brood parasite,Brood parasite,broodparasite,broodparasite,NA,20,32,,17,30,24.2,0,0,0,0,0,0,NA,NA,NA,NA,0,NO,NA,NA,no,0,Clements_name,NA,0,4,0,Non-territorial,Weak,-35.27,149.15,Chrysococcyx_basalis_-35.27_149.15,polygamy,ground,polygamy,polygamy,microsatellite,7,no,species_coordinates,NA,NA,0,42,brood_parasite,NA
234Gardner2004,total,Chthonicola_sagittatus,speckled_warbler,polyandry,103,10.7,48,12.5,-35.27,149.15,no,DNA_fingerprinting,1997,2000,4,September,January,no,223,Chthonicola_sagittatus,Chthonicola_sagittatus,Pyrrholaemus_sagittatus,Pyrrholaemus_sagittatus,no_fam,no_fam,Pair,Pair,biparental,biparental,biparental,8,17.5,,12.1,15,13.22,0,0,1,0,0,0,NA,Poly,polygamy,Poly,0,DM,2,4,NA,NA,NA,NA,1,4,0,Territorial,Weak,-35.27,149.15,Chthonicola_sagittatus_-35.27_149.15,polygamy,ground,polygamy,polygamy,DNA_fingerprinting,4,no,species_coordinates,6,42,11,92,biparental,biparental
115Bolopo2017,total,Clamator_glandarius,great_spotted_cuckoo,no social bond,NA,NA,19,68.4,42.62,-5.43,no,microsatellite,2009,2010,2,March,June,no,224,Clamator_glandarius,Clamator_glandarius,Clamator_glandarius,Clamator_glandarius,no_fam,no_fam,Brood parasite,Brood parasite,broodparasite,broodparasite,NA,118,151.7,,128,192,145.95,0,0,0,0,0,0,Mono,NA,monogamy,Mono,0,NO,15,23,NA,NA,NA,NA,3,4,0,Non-territorial,Strong,42.62,-5.43,Clamator_glandarius_42.62_-5.43,polygamy,ground,polygamy,polygamy,microsatellite,2,no,species_coordinates,13,6,NA,NA,brood_parasite,NA
115Bolopo2017,total,Clamator_glandarius,great_spotted_cuckoo,no social bond,NA,NA,9,88.9,37.3,-3.18,no,microsatellite,2009,2010,2,March,June,no,224,Clamator_glandarius,Clamator_glandarius,Clamator_glandarius,Clamator_glandarius,no_fam,no_fam,Brood parasite,Brood parasite,broodparasite,broodparasite,NA,118,151.7,,128,192,145.95,0,0,0,0,0,0,Mono,NA,monogamy,Mono,0,NO,15,23,NA,NA,NA,NA,3,4,0,Non-territorial,Strong,37.3,-3.18,Clamator_glandarius_37.3_-3.18,polygamy,ground,polygamy,polygamy,microsatellite,2,no,species_coordinates,8,1,NA,NA,brood_parasite,NA
222Martinez 1998,total,Clamator_glandarius,great_spotted_cuckoo,no social bond,57,NA,10,20,37.18,-3.05,no,microsatellite,1993,1993,1,March,June,single-year study,224,Clamator_glandarius,Clamator_glandarius,Clamator_glandarius,Clamator_glandarius,no_fam,no_fam,Brood parasite,Brood parasite,broodparasite,broodparasite,NA,118,151.7,,128,192,145.95,0,0,0,0,0,0,Mono,NA,monogamy,Mono,0,NO,15,23,NA,NA,NA,NA,3,4,0,Non-territorial,Strong,37.18,-3.05,Clamator_glandarius_37.18_-3.05,polygamy,ground,polygamy,polygamy,microsatellite,1,no,species_coordinates,2,8,NA,NA,brood_parasite,NA
252Wiebe2009,total,Colaptes_auratus,northern_flicker,polyandry,41,2.4,7,14.3,52.87,-123.03,no,microsatellite,2001,2007,7,April,July,no,64,Colaptes_auratus,Colaptes_auratus,Colaptes_auratus,Colaptes_auratus,NA,no_fam,Pair,Pair,biparental,biparental,biparental,106,164,,114,160,136.1666667,0,1,1,0,0,0,Mono,Poly,mixed,MonoPoly,0,CV,3,17,no,0,Clements_name,NA,0,4,0,Territorial,Weak,52.87,-123.03,Colaptes_auratus_52.87_-123.03,polygamy,cavity,polygamy,polygamy,microsatellite,7,no,species_coordinates,1,6,1,40,biparental,biparental
387Dias2013,total,Colaptes_campestris,campo_flicker,cooperative breeder,90,1.1,33,3,-15.93,-47.92,no,microsatellite,2007,2009,3,August,August,no,225,Colaptes_campestris,Colaptes_campestris,Colaptes_campestris,Colaptes_campestris,family,family,Cooperation,Cooperation,cooperation,cooperation,cooperation,147.3,170,,151.6,177,159.9833333,0,0,1,0,0,0,Mono,NA,monogamy,Mono,1,CV,4,5,yes,47.4,Clements_name,NA,1,4,0,Territorial,Weak,-15.93,-47.92,Colaptes_campestris_-15.93_-47.92,monogamy,cavity,monogamy,monogamy,microsatellite,3,no,species_coordinates,1,32,1,89,NA,NA
386Heinsohn2000,total,Corcorax_melanorhamphos,white-winged_chough,cooperative breeder,68,0,28,0,-35.27,149.15,no,DNA_fingerprinting,1993,1997,5,September,March,no,226,Corcorax_melanorhamphos,Corcorax_melanorhamphos,Corcorax_melanorhamphos,Corcorax_melanorhamphos,coop_families,coop_families,Cooperation,Cooperation,cooperation,cooperation,cooperation,NA,NA,,NA,NA,352.5,0,1,0,0,0,0,NA,NA,NA,NA,1,CP,3,5,yes,94.9,Clements_name,NA,0,4,0,Territorial,Weak,-35.27,149.15,Corcorax_melanorhamphos_-35.27_149.15,monogamy,open,monogamy,monogamy,DNA_fingerprinting,5,no,species_coordinates,0,28,0,68,NA,NA
19Townsend2009,total,Corvus_brachyrhynchos,American_crow,cooperative breeder,202,10.4,60,21.7,42.4,-76.5,no,microsatellite,2005,2008,4,February,July,no,227,Corvus_brachyrhynchos,Corvus_brachyrhynchos,Corvus_brachyrhynchos,Corvus_brachyrhynchos,coop_families,coop_families,Cooperation,Cooperation,cooperation,cooperation,cooperation,347.6,610,,378,637,455.9333333,0,1,0,0,0,0,Mono,NA,monogamy,Mono,1,CP,3,7,yes,83.3,Clements_name,NA,1,4,0,Non-territorial,Weak,42.4,-76.5,Corvus_brachyrhynchos_42.4_-76.5,monogamy,open,monogamy,monogamy,microsatellite,4,no,species_coordinates,13,47,21,181,NA,NA
461 Baglione2002,total,Corvus_corone,carrion_crow,monogamy_cooperative breeder,NA,NA,19,15.8,42,-5,no,microsatellite,1999,2000,2,March,July,no,228,Corvus_corone,Corvus_corone,Corvus_corone,Corvus_corone,coop_families,coop_families,Cooperation,Cooperation,cooperation,cooperation,cooperation,455,604,,465,645,527.8333333,0,0,1,0,0,0,Mono,NA,monogamy,Mono,2,PL,4,5,yes,73.3,Clements_name,NA,0,4,0,Non-territorial,Weak,42,-5,Corvus_corone_42_-5,monogamy,open,monogamy,monogamy,microsatellite,2,no,species_coordinates,3,16,NA,NA,NA,NA
107Riehl2012,total,Crotophaga_major,greater_ani,polygynandry,357,13.7,53,71.7,9.2,-80,no,microsatellite,2007,2009,3,June,October,no,229,Crotophaga_major,Crotophaga_major,Crotophaga_major,Crotophaga_major,family,family,nk-coop,nk-coop,nk_cooperation,nk_cooperation,nk_cooperation,130,210,,139.5,259,184.625,0,1,0,0,0,0,Mono,NA,monogamy,Mono,1,PL,3,7,yes,100,Clements_name,NA,2,4,0,Territorial,Weak,9.2,-80,Crotophaga_major_9.2_-80,polygamy,open,polygamy,polygamy,microsatellite,3,no,species_coordinates,38,15,49,308,NA,NA
257Marchetti1998,total,Cuculus_canorus,common_cuckoo,no social bond,NA,NA,21,14.3,36,138,no,microsatellite,1991,1994,4,NA,NA,no,230,Cuculus_canorus,Cuculus_canorus,Cuculus_canorus,Cuculus_canorus,no_fam,no_fam,Brood parasite,Brood parasite,broodparasite,broodparasite,NA,106,112,,114,133,116.25,0,0,0,0,1,0,NA,Poly,polygamy,Poly,0,O,1,18,NA,NA,NA,NA,3,4,0,Non-territorial,Strong,36,138,Cuculus_canorus_36_138,polygamy,open,polygamy,polygamy,microsatellite,4,no,species_coordinates,3,18,NA,NA,brood_parasite,NA
141Willimas2004,total,Cyanocorax_morio,brown_jay,cooperative breeder,113,16.8,37,21.6,10.2,-84.7,no,DNA_fingerprinting,1994,1996,3,February,July,no,231,Cyanocorax_morio,Cyanocorax_morio,Cyanocorax_morio,Cyanocorax_morio,coop_families,coop_families,Cooperation,Cooperation,cooperation,cooperation,cooperation,173.2,203.2,,193.6,224.3,198.55,0,1,0,0,0,0,NA,NA,NA,NA,1,NA,2,8,yes,100,Clements_name,NA,3,3,0,Territorial,Weak,10.2,-84.7,Cyanocorax_morio_10.2_-84.7,monogamy,NA,monogamy,monogamy,DNA_fingerprinting,3,no,species_coordinates,8,29,19,94,NA,NA
420Legge2000,total,Dacelo_novaeguineae,laughing_kookaburra,cooperative breeder,140,0,62,0,-35.48,149.1,no,DNA_fingerprinting,1994,1998,5,September,January,no,232,Dacelo_novaeguineae,Dacelo_novaeguineae,Dacelo_novaeguineae,Dacelo_novaeguineae,coop_families,coop_families,Cooperation,Cooperation,cooperation,cooperation,cooperation,190,465,,196,450,325.25,0,0,1,0,0,0,Mono,NA,monogamy,Mono,0,CV,1,5,yes,66.2,Clements_name,NA,0,4,0,Territorial,Weak,-35.48,149.1,Dacelo_novaeguineae_-35.48_149.1,monogamy,cavity,monogamy,monogamy,DNA_fingerprinting,5,no,species_coordinates,0,62,0,140,NA,NA
385Heinsohn2007,total,Eclectus_roratus,eclectus_parrot,cooperative breeder,198,8.1,99,8.1,-12.75,143.28,no,DNA_fingerprinting,1993,1997,5,September,March,no,233,Eclectus_roratus,Eclectus_roratus,Eclectus_roratus,Eclectus_roratus,no_fam,no_fam,nk-coop,nk-coop,nk_cooperation,nk_cooperation,nk_cooperation,NA,NA,,NA,NA,485,0,0,0,0,0,0,Mono,Poly,mixed,MonoPoly,1,CV,2,2,NA,NA,NA,NA,2,4,0,Non-territorial,Weak,-12.75,143.28,Eclectus_roratus_-12.75_143.28,monogamy,cavity,monogamy,monogamy,DNA_fingerprinting,5,no,species_coordinates,8,91,16,182,NA,NA
23Ribeiro2012,total,Erythropygia_coryphaeus,karoo_scrub-robin,cooperative breeder,33,18.2,12,33.3,-33.68,18.43,no,microsatellite,2003,2007,5,August,November,no,234,Erythropygia_coryphaeus,Erythropygia_coryphaeus,Tychaedon_coryphoeus,Tychaedon_coryphoeus,coop_families,coop_families,Cooperation,Cooperation,cooperation,cooperation,cooperation,21.6,NA,,22.4,NA,21.4,0,0,0,0,0,0,NA,NA,NA,NA,1,CP,2,4,yes,15,Clements_name,NA,1,4,0,Territorial,Weak,-33.68,18.43,Erythropygia_coryphaeus_-33.68_18.43,monogamy,open,monogamy,monogamy,microsatellite,5,no,species_coordinates,4,8,6,27,NA,NA
179Gibbs1994,total,Gallinula_mortierii,Tasmanian_native_hen,polyandry_polygynandry,28,0,6,0,-42.68,148.02,no,DNA_fingerprinting,1989,1989,1,September,December,no,235,Gallinula_mortierii,Gallinula_mortierii,Tribonyx_mortierii,Tribonyx_mortierii,coop_families,coop_families,Cooperation,Cooperation,cooperation,cooperation,cooperation,1251,NA,,1334,NA,1292.5,0,1,0,0,0,0,Mono,Poly,mixed,MonoPoly,0,CP,5,8,yes,49,Clements_name,NA,1,4,1,Territorial,Weak,-42.68,148.02,Gallinula_mortierii_-42.68_148.02,polygamy,open,polygamy,polygamy,DNA_fingerprinting,1,no,species_coordinates,0,6,0,28,NA,NA
324Lima2011,total,Guira_guira,guira_cuckoo,monogamy_polyandry_polygynandry,99,11.1,NA,NA,-15.78,-47.93,no,microsatellite,1997,2001,5,August,March,no,236,Guira_guira,Guira_guira,Guira_guira,Guira_guira,family,family,nk-coop,nk-coop,nk_cooperation,nk_cooperation,nk_cooperation,103,168.6,,128.6,168.2,141.7333333,0,1,0,0,0,0,NA,NA,NA,NA,0,PL,NA,8.25,yes,100,Clements_name,NA,3,4,0,Territorial,Weak,-15.78,-47.93,Guira_guira_-15.78_-47.93,mixed,open,mixed,NA,microsatellite,5,no,species_coordinates,NA,NA,11,88,NA,NA
251Durrant2005,total,Gymnorhina_tibicen,Australian_magpie,cooperative breeder,79,44.3,NA,NA,-37.72,144.4,no,microsatellite,2000,2002,3,June,December,no,237,Gymnorhina_tibicen,Gymnorhina_tibicen,Gymnorhina_tibicen,Gymnorhina_tibicen,coop_families,coop_families,Cooperation,Cooperation,cooperation,cooperation,cooperation,314,NA,,NA,NA,294.6666667,0,0,1,0,0,0,NA,NA,NA,NA,3,HC,3,5,yes,54.8,Clements_name,NA,3,4,0,Territorial,Weak,-37.72,144.4,Gymnorhina_tibicen_-37.72_144.4,monogamy,open,monogamy,monogamy,microsatellite,3,no,species_coordinates,NA,NA,35,44,NA,NA
238Hughes2003,total,Gymnorhina_tibicen,Australian_magpie,cooperative breeder,43,81.4,32,87.5,-31.9,115.98,no,microsatellite,1996,1998,3,July,February,yes,237,Gymnorhina_tibicen,Gymnorhina_tibicen,Gymnorhina_tibicen,Gymnorhina_tibicen,coop_families,coop_families,Cooperation,Cooperation,cooperation,cooperation,cooperation,314,NA,,NA,NA,294.6666667,0,0,1,0,0,0,NA,NA,NA,NA,3,HC,3,5,yes,54.8,Clements_name,NA,3,4,0,Territorial,Weak,-31.9,115.98,Gymnorhina_tibicen_-31.9_115.98,monogamy,open,monogamy,monogamy,microsatellite,3,no,species_coordinates,28,4,35,8,NA,NA
424Haig2003,total,Irediparra_gallinacea,comb-crested_jacana,polyandry,35,2.9,10,10,-19.57,146.78,no,other,1996,1997,2,January,June,no,238,Irediparra_gallinacea,Irediparra_gallinacea,Irediparra_gallinacea,Irediparra_gallinacea,NA,no_fam,Male only,Male only,uniparental,uniparental,uniparental,120,168,,68,97,113.25,0,0,0,0,0,0,NA,Poly,polygamy,Poly,0,NA,4,4,NA,NA,NA,NA,3,4,1,Territorial,Weak,-19.57,146.78,Irediparra_gallinacea_-19.57_146.78,polygamy,NA,polygamy,polygamy,mixed_other,2,no,species_coordinates,1,9,1,34,uniparental,uniparental
434Emlen1998,total,Jacana_jacana,wattled_jacana,polyandry,235,1.3,74,17.9,9.23,-79.5,no,DNA_fingerprinting,1990,1995,6,NA,NA,no,239,Jacana_jacana,Jacana_jacana,Jacana_jacana,Jacana_jacana,family,family,Male only,Male only,uniparental,uniparental,uniparental,129,151,,81,118,119.75,0,0,0,0,0,0,NA,Poly,polygamy,Poly,0,PL,4,4,NA,NA,NA,NA,3,4,1,Territorial,Weak,9.23,-79.5,Jacana_jacana_9.23_-79.5,polygamy,open,polygamy,polygamy,DNA_fingerprinting,6,no,species_coordinates,13,61,3,232,uniparental,uniparental
283Weinman2015,total,Lamprotornis_superbus,superb_starling,cooperative breeder,NA,NA,208,17.8,0.12,37.87,no,microsatellite/SNPs,2001,2012,12,NA,NA,no,240,Lamprotornis_superbus,Lamprotornis_superbus,Lamprotornis_superbus,Lamprotornis_superbus,coop_families,coop_families,Cooperation,Cooperation,cooperation,cooperation,cooperation,56,77,,63,86,68.5,0,0,0,0,0,0,Mono,NA,monogamy,Mono,1,NA,4,4,yes,91.2,Clements_name,NA,1,4,0,Territorial,Weak,0.12,37.87,Lamprotornis_superbus_0.12_37.87,monogamy,NA,monogamy,monogamy,mixed_other,12,no,species_coordinates,37,171,NA,NA,NA,NA
277Fornasari1992,total,Lanius_collurio,red-backed_shrike,cooperative breeder,19,5.3,6,16.7,46.2,9.4,no,NA,1986,1989,4,May,August,no,241,Lanius_collurio,Lanius_collurio,Lanius_collurio,Lanius_collurio,no_fam,no_fam,pair,Pair,biparental,biparental,biparental,23,36.5,,22.5,33.5,28.66666667,1,1,0,0,0,0,Mono,NA,monogamy,Mono,3,CP,1,8,NA,NA,NA,NA,1,4,0,Territorial,Strong,46.2,9.4,Lanius_collurio_46.2_9.4,monogamy,open,monogamy,monogamy,NA,4,no,species_coordinates,1,5,1,18,biparental,biparental
290Zeng2016,total,Lophura_leucomelanos,kalij_pheasant,cooperative breeder,79,30.4,13,53.8,19.43,-155.3,no,microsatellite,2009,2011,3,April,July,no,242,Lophura_leucomelanos,Lophura_leucomelanos,Lophura_leucomelanos,Lophura_leucomelanos,family,family,NA,Pair,uniparental,uniparental,uniparental,564,1025,,795,1150,883.5,0,1,0,0,0,0,Mono,Poly,mixed,MonoPoly,0,SC,5,10,NA,NA,NA,NA,2,4,0,Non-territorial,Weak,19.43,-155.3,Lophura_leucomelanos_19.43_-155.3,monogamy,ground,monogamy,monogamy,microsatellite,3,no,species_coordinates,7,6,24,55,uniparental,uniparental
399Kingma2013,total,Malurus_coronatus,purple-crowned_fairy-wren,cooperative breeder,509,5.7,217,6.9,-17.52,126.1,no,microsatellite,2005,2010,6,July,September,no,243,Malurus_coronatus,Malurus_coronatus,Malurus_coronatus,Malurus_coronatus,coop_families,coop_families,Cooperation,Cooperation,cooperation,cooperation,cooperation,9.6,12.6,,10,13,11.03333333,0,0,1,0,0,0,Mono,NA,monogamy,Mono,2,DM,2,3,yes,46.6,Clements_name,NA,1,3,0,Territorial,Weak,-17.52,126.1,Malurus_coronatus_-17.52_126.1,monogamy,ground,monogamy,monogamy,microsatellite,6,no,species_coordinates,15,202,29,480,NA,NA
118Colombelli-Négrel2009,total,Malurus_cyaneus,superb_fairy-wren,cooperative breeder,27,66.7,12,83.3,-35.62,138.03,no,microsatellite,2006,2007,2,August,December,no,244,Malurus_cyaneus,Malurus_cyaneus,Malurus_cyaneus,Malurus_cyaneus,coop_families,coop_families,Cooperation,Cooperation,cooperation,cooperation,cooperation,9,12.2,,10,13.8,11.33333333,0,0,1,0,0,0,Mono,NA,monogamy,Mono,2,DM,2,4,yes,47.9,Clements_name,NA,3,4,0,Territorial,Weak,-35.62,138.03,Malurus_cyaneus_-35.62_138.03,monogamy,ground,monogamy,monogamy,microsatellite,2,no,species_coordinates,10,2,18,9,NA,NA
169Bain2014,total,Malurus_cyaneus,superb_fairy-wren,cooperative breeder,70,58.6,31,67.7,-38.02,144.4,no,microsatellite,2011,2012,2,September,March,no,244,Malurus_cyaneus,Malurus_cyaneus,Malurus_cyaneus,Malurus_cyaneus,coop_families,coop_families,Cooperation,Cooperation,cooperation,cooperation,cooperation,9,12.2,,10,13.8,11.33333333,0,0,1,0,0,0,Mono,NA,monogamy,Mono,2,DM,2,4,yes,47.9,Clements_name,NA,3,4,0,Territorial,Weak,-38.02,144.4,Malurus_cyaneus_-38.02_144.4,monogamy,ground,monogamy,monogamy,microsatellite,2,no,species_coordinates,21,10,41,29,NA,NA
169Bain2014,total,Malurus_cyaneus,superb_fairy-wren,cooperative breeder,44,41,17,52.9,-36.78,145.8,no,microsatellite,2011,2012,2,September,March,no,244,Malurus_cyaneus,Malurus_cyaneus,Malurus_cyaneus,Malurus_cyaneus,coop_families,coop_families,Cooperation,Cooperation,cooperation,cooperation,cooperation,9,12.2,,10,13.8,11.33333333,0,0,1,0,0,0,Mono,NA,monogamy,Mono,2,DM,2,4,yes,47.9,Clements_name,NA,3,4,0,Territorial,Weak,-36.78,145.8,Malurus_cyaneus_-36.78_145.8,monogamy,ground,monogamy,monogamy,microsatellite,2,no,species_coordinates,9,8,18,26,NA,NA
110Varian-Ramos2012,total,Malurus_melanocephalus,red-backed_fairy-wren,cooperative breeder,673,53.8,231,68.4,-17.37,125.75,no,microsatellite,1998,2007,10,October,February,yes,246,Malurus_melanocephalus,Malurus_melanocephalus,Malurus_melanocephalus,Malurus_melanocephalus,coop_families,coop_families,Cooperation,Cooperation,cooperation,cooperation,cooperation,5.9,8.5,,6.5,8.6,7.416666667,0,1,0,0,0,0,Mono,NA,monogamy,Mono,2,DM,2,5,yes,20,Clements_name,NA,3,4,0,Territorial,Weak,-17.37,125.75,Malurus_melanocephalus_-17.37_125.75,monogamy,ground,monogamy,monogamy,microsatellite,10,no,species_coordinates,158,73,362,311,NA,NA
326Webster2004,total,Malurus_splendens,splendid_fairy-wren,cooperative breeder,386,42.2,159,55.3,-34.33,139.03,no,microsatellite,1992,1998,7,October,December,yes,247,Malurus_splendens,Malurus_splendens,Malurus_splendens,Malurus_splendens,coop_families,coop_families,Cooperation,Cooperation,cooperation,cooperation,cooperation,8.6,10.2,,9.2,11.1,9.683333333,0,0,1,0,0,0,NA,NA,NA,NA,2,DM,2,4,yes,66.2,Clements_name,NA,3,4,0,Territorial,Weak,-34.33,139.03,Malurus_splendens_-34.33_139.03,monogamy,ground,monogamy,monogamy,microsatellite,7,no,species_coordinates,88,71,163,223,NA,NA
451Põldmaa1995,total,Manorina_melanocephala,noisy_miner,cooperative breeder,85,5.9,35,5.7,-27.33,152.55,no,DNA_fingerprinting,1992,1993,2,July,November,yes,248,Manorina_melanocephala,Manorina_melanocephala,Manorina_melanocephala,Manorina_melanocephala,coop_families,coop_families,Cooperation,Cooperation,cooperation,cooperation,cooperation,46.7,74,,40,91,66.65,1,0,0,0,0,0,NA,NA,NA,NA,1,CP,2,4,yes,84.2,Clements_name,NA,2,4,0,Territorial,Weak,-27.33,152.55,Manorina_melanocephala_-27.33_152.55,monogamy,open,monogamy,monogamy,DNA_fingerprinting,2,no,species_coordinates,2,33,5,80,NA,NA
112Conrad1998,signe-year,Manorina_melanophrys,bell_miner,cooperative breeder,24,4.2,13,7.7,-37.41,145.31,no,DNA_fingerprinting,1993,1994,2,October,February,no,249,Manorina_melanophrys,Manorina_melanophrys,Manorina_melanophrys,Manorina_melanophrys,coop_families,coop_families,Cooperation,Cooperation,cooperation,cooperation,cooperation,25,33,,24.2,45,31.8,1,0,0,0,0,0,Mono,NA,monogamy,Mono,1,CP,1,3,NA,NA,NA,NA,1,4,0,Territorial,Weak,-37.41,145.31,Manorina_melanophrys_-37.41_145.31,monogamy,open,monogamy,monogamy,DNA_fingerprinting,2,no,species_coordinates,1,12,1,23,NA,NA
227Haydock2001,total,Melanerpes_formicivorus,acorn_woodpecker,cooperative breeder,386,0,123,0,36.37,-121.05,no,DNA_fingerprinting,1974,1999,26,April,June,no,250,Melanerpes_formicivorus,Melanerpes_formicivorus,Melanerpes_formicivorus,Melanerpes_formicivorus,coop_families,coop_families,Cooperation,Cooperation,cooperation,cooperation,cooperation,63,95,,61,97,78.5,0,0,1,1,0,0,Mono,Poly,mixed,MonoPoly,3,CV,4,6,yes,83.2,Clements_name,NA,2,4,0,Territorial,Weak,36.37,-121.05,Melanerpes_formicivorus_36.37_-121.05,monogamy,cavity,monogamy,monogamy,DNA_fingerprinting,26,no,species_coordinates,0,123,0,386,NA,NA
15Krakauer2008,total,Meleagris_gallopavo,wild_turkey,polyandry,250,11.6,31,45.2,36.37,-121.05,no,microsatellite,2001,2003,3,March,May,no,251,Meleagris_gallopavo,Meleagris_gallopavo,Meleagris_gallopavo,Meleagris_gallopavo,family,family,Female only,Female only,uniparental,uniparental,uniparental,3200,6500,,6100,10400,6550,0,1,0,0,0,0,NA,Poly,polygamy,Poly,0,SC,8,26,NA,NA,NA,NA,4,4,0,Non-territorial,Weak,36.37,-121.05,Meleagris_gallopavo_36.37_-121.05,polygamy,ground,polygamy,polygamy,microsatellite,3,no,species_coordinates,14,17,29,221,uniparental,uniparental
56Woolfenden2002,total,Molothrus_ater,brown-headed_cowbird,no social bond,NA,NA,42,42.9,50.18,-98.38,no,DNA_fingerprinting,1993,1998,6,May,July,no,252,Molothrus_ater,Molothrus_ater,Molothrus_ater,Molothrus_ater,family,family,Brood parasite,Brood parasite,broodparasite,broodparasite,NA,30.5,42.3,,40.2,58,42.75,0,0,0,0,0,0,NA,NA,NA,NA,0,NO,4,5,NA,NA,NA,NA,3,4,0,Non-territorial,Strong,50.18,-98.38,Molothrus_ater_50.18_-98.38,polygamy,ground,polygamy,polygamy,DNA_fingerprinting,6,no,species_coordinates,18,24,NA,NA,brood_parasite,NA
342Seddon2005,total,Monias_benschi,subdesert_mesite,polygynandry_cooperative breeder,17,11.8,NA,NA,-23.07,43.62,no,microsatellite,1997,2000,4,September,January,no,253,Monias_benschi,Monias_benschi,Monias_benschi,Monias_benschi,coop_families,coop_families,Cooperation,Cooperation,cooperation,cooperation,cooperation,115,172,,112,158,139,0,1,0,0,0,0,Mono,Poly,mixed,MonoPoly,1,PL,1,2,yes,87,Clements_name,NA,2,4,0,Territorial,Weak,-23.07,43.62,Monias_benschi_-23.07_43.62,polygamy,open,polygamy,polygamy,microsatellite,4,no,species_coordinates,NA,NA,2,15,NA,NA
230Martínez2013,total,Myiopsitta_monachus,monk_parakeet,monogamy_cooperative breeder,NA,NA,33,45.5,-31.67,-62.82,no,microsatellite,2000,2000,1,November,December,single-year study,145,Myiopsitta_monachus,Myiopsitta_monachus,Myiopsitta_monachus,Myiopsitta_monachus,family,family,Pair,Pair,pair,pair,pair,112,140,,90,134,114.3333333,1,0,0,0,0,0,Mono,NA,monogamy,Mono,3,DM,5,7,no,3.6,Clements_name,NA,0,4,0,Non-territorial,Weak,-31.67,-62.82,Myiopsitta_monachus_-31.67_-62.82,monogamy,ground,monogamy,monogamy,microsatellite,1,no,species_coordinates,15,18,NA,NA,biparental,biparental
11Silvia2010,total,Myiopsitta_monachus,monk_parakeet,cooperative breeder,34,0,12,0,-31,-59,no,microsatellite,NA,NA,#VALUE!,November,December,no,145,Myiopsitta_monachus,Myiopsitta_monachus,Myiopsitta_monachus,Myiopsitta_monachus,family,family,Pair,Pair,pair,pair,pair,112,140,,90,134,114.3333333,1,0,0,0,0,0,Mono,NA,monogamy,Mono,3,DM,5,7,no,3.6,Clements_name,NA,0,4,0,Non-territorial,Weak,-31,-59,Myiopsitta_monachus_-31_-59,monogamy,ground,monogamy,monogamy,microsatellite,NA,no,species_coordinates,0,12,0,34,biparental,biparental
355Gienapp2010,total,Perisoreus_infaustus,Siberian_jay,cooperative breeder,40,0,23,0,62.37,21.5,no,microsatellite,1976,2003,28,July,October,no,254,Perisoreus_infaustus,Perisoreus_infaustus,Perisoreus_infaustus,Perisoreus_infaustus,family,family,Pair,Pair,biparental,biparental,biparental,97,84.4,,92,73,86.56666667,0,0,1,0,0,0,Mono,NA,monogamy,Mono,3,CP,3,5,no,0,Clements_name,NA,0,4,0,Territorial,Weak,62.37,21.5,Perisoreus_infaustus_62.37_21.5,monogamy,open,monogamy,monogamy,microsatellite,28,no,species_coordinates,0,23,0,40,biparental,biparental
216Dale1999,total,Phalaropus_fulicarius,red_phalarope,polyandry,70,8.6,18,33.3,69.4,81.82,no,DNA_fingerprinting,1993,1993,1,June,July,single-year study,255,Phalaropus_fulicarius,Phalaropus_fulicarius,Phalaropus_fulicarius,Phalaropus_fulicarius,no_fam,no_fam,Male only,Male only,uniparental,uniparental,uniparental,49.4,77,,37,77,60.1,0,0,0,0,0,0,Mono,Poly,mixed,MonoPoly,0,SC,3,4,NA,NA,NA,NA,2,4,1,Non-territorial,Strong,69.4,81.82,Phalaropus_fulicarius_69.4_81.82,polygamy,ground,polygamy,polygamy,DNA_fingerprinting,1,no,species_coordinates,6,12,6,64,uniparental,uniparental
381Covas2006,total,Philetairus_socius,sociable_weaver,cooperative breeder,56,0,20,0,-28.88,24.89,no,microsatellite,1999,2001,3,September,January,no,256,Philetairus_socius,Philetairus_socius,Philetairus_socius,Philetairus_socius,coop_families,coop_families,Cooperation,Cooperation,cooperation,cooperation,cooperation,NA,NA,,NA,NA,27.9,1,0,0,0,0,0,Mono,NA,monogamy,Mono,1,SP,2,6,yes,70.3,Clements_name,NA,0,4,0,Non-territorial,Weak,-28.88,24.89,Philetairus_socius_-28.88_24.89,monogamy,other_enclosed,monogamy,monogamy,microsatellite,3,no,species_coordinates,0,20,0,56,NA,NA
241Thuman2005,total,Philomachus_pugnax,ruff,lekking,NA,NA,66,51.5,57.17,18.33,no,microsatellite,1999,2000,2,May,June,no,257,Philomachus_pugnax,Philomachus_pugnax,Calidris_pugnax,Calidris_pugnax,no_fam,no_fam,Female only,Female only,uniparental,uniparental,uniparental,70,170,,130,254,156,1,1,0,0,1,1,NA,Poly,polygamy,Poly,0,SC,3,4,NA,NA,NA,NA,4,4,0,Non-territorial,Strong,57.17,18.33,Philomachus_pugnax_57.17_18.33,polygamy,ground,polygamy,polygamy,microsatellite,2,no,species_coordinates,34,32,NA,NA,uniparental,uniparental
113Lank2002,total,Philomachus_pugnax,ruff,lekking,NA,NA,34,50,60.83,25.33,no,DNA_fingerprinting,1987,1990,4,May,June,yes,257,Philomachus_pugnax,Philomachus_pugnax,Calidris_pugnax,Calidris_pugnax,no_fam,no_fam,Female only,Female only,uniparental,uniparental,uniparental,70,170,,130,254,156,1,1,0,0,1,1,NA,Poly,polygamy,Poly,0,SC,3,4,NA,NA,NA,NA,4,4,0,Non-territorial,Strong,60.83,25.33,Philomachus_pugnax_60.83_25.33,polygamy,ground,polygamy,polygamy,DNA_fingerprinting,4,no,species_coordinates,17,17,NA,NA,uniparental,uniparental
423Haig1994,total,Picoides_borealis,red-cockaded_woodpecker,cooperative breeder,80,1.2,44,2.3,35.52,-79.45,no,DNA_fingerprinting,1990,1992,3,September,November,no,258,Picoides_borealis,Picoides_borealis,Leuconotopicus_borealis,Dryobates_borealis,coop_families,coop_families,Cooperation,Cooperation,cooperation,cooperation,cooperation,45.3,48.8,,42.4,52.2,47.28333333,1,1,1,1,1,0,NA,NA,NA,NA,3,CV,2,5,yes,35,Clements_name,NA,0,4,0,Territorial,Weak,35.52,-79.45,Picoides_borealis_35.52_-79.45,monogamy,cavity,monogamy,monogamy,DNA_fingerprinting,3,no,species_coordinates,1,43,1,79,NA,NA
476Harrison2013,total,Plocepasser_mahali,white-browed_sparrow_weaver,cooperative breeder,292,11.6,180,13.9,-27.27,22.42,no,microsatellite,2011,2011,1,October,April,no,259,Plocepasser_mahali,Plocepasser_mahali,Plocepasser_mahali,Plocepasser_mahali,coop_families,coop_families,Cooperation,Cooperation,cooperation,cooperation,cooperation,44.9,NA,,36.5,NA,42.85,1,1,1,0,0,0,Mono,NA,monogamy,Mono,1,PN,2,3,yes,77.6,Clements_name,NA,1,4,0,Territorial,Weak,-27.27,22.42,Plocepasser_mahali_-27.27_22.42,monogamy,other_enclosed,monogamy,monogamy,microsatellite,1,no,species_coordinates,25,155,34,258,NA,NA
75Blackmore2008,total,Pomatostomus_temporalis,grey-crowned_babbler,cooperative breeder,112,18.8,60,25,-30.88,14.5,no,microsatellite,2003,2005,3,June,October,no,260,Pomatostomus_temporalis,Pomatostomus_temporalis,Pomatostomus_temporalis,Pomatostomus_temporalis,coop_families,coop_families,Cooperation,Cooperation,cooperation,cooperation,cooperation,NA,NA,,NA,NA,72.5,0,1,1,0,0,0,Mono,NA,monogamy,Mono,1,DM,2,6,yes,87,Clements_name,NA,1,4,0,Territorial,Weak,-30.88,14.5,Pomatostomus_temporalis_-30.88_14.5,monogamy,ground,monogamy,monogamy,microsatellite,3,no,species_coordinates,15,45,21,91,NA,NA
197Jamieson1994,total,Porphyrio_porphyrio,pukeko,cooperative breeder,73,0,12,0,-45.93,170.25,no,DNA_fingerprinting,1990,1992,3,NA,NA,no,261,Porphyrio_porphyrio,Porphyrio_porphyrio,Porphyrio_porphyrio,Porphyrio_porphyrio,coop_families,coop_families,Cooperation,Cooperation,cooperation,cooperation,cooperation,520,870,,720,1000,777.5,0,1,0,0,0,0,Mono,NA,monogamy,Mono,0,"HC,PL",2,7,yes,78.1,Clements_name,NA,1,4,0,Territorial,Weak,-45.93,170.25,Porphyrio_porphyrio_-45.93_170.25,monogamy,open,monogamy,monogamy,DNA_fingerprinting,3,no,species_coordinates,0,12,0,73,NA,NA
203Hartley1995,total,Prunella_collaris,Alpine_accentor,polyandry,110,0,38,0,42.97,1.58,no,DNA_fingerprinting,1990,1993,4,NA,NA,no,262,Prunella_collaris,Prunella_collaris,Prunella_collaris,Prunella_collaris,family,family,nk-coop,nk-coop,nk_cooperation,nk_cooperation,nk_cooperation,36,40,,40,46.9,38.58,0,1,1,0,0,0,NA,Poly,polygamy,Poly,1,"CP,CR",3,4,yes,57.9,Clements_name,NA,3,4,0,Territorial,Weak,42.97,1.58,Prunella_collaris_42.97_1.58,polygamy,cavity,polygamy,polygamy,DNA_fingerprinting,4,no,species_coordinates,0,38,0,110,NA,NA
280Heer1996,total,Prunella_collaris,Alpine_accentor,polyandry,NA,NA,5,60,46.2,7.63,no,other,1993,1993,1,May,July,single-year study,262,Prunella_collaris,Prunella_collaris,Prunella_collaris,Prunella_collaris,family,family,nk-coop,nk-coop,nk_cooperation,nk_cooperation,nk_cooperation,36,40,,40,46.9,38.58,0,1,1,0,0,0,NA,Poly,polygamy,Poly,1,"CP,CR",3,4,yes,57.9,Clements_name,NA,3,4,0,Territorial,Weak,46.2,7.63,Prunella_collaris_46.2_7.63,polygamy,cavity,polygamy,polygamy,mixed_other,1,no,species_coordinates,3,2,NA,NA,NA,NA
442Burke1989,total,Prunella_modularis,dunnock,monogamy_polyandry_polygynandry,133,0.8,45,2.2,52.18,0.12,no,DNA_fingerprinting,1981,1988,8,NA,NA,no,263,Prunella_modularis,Prunella_modularis,Prunella_modularis,Prunella_modularis,no_fam,no_fam,nk-coop,nk-coop,nk_cooperation,nk_cooperation,nk_cooperation,16.7,25,,16.4,22.3,19.9,0,0,1,0,1,0,Mono,Poly,mixed,MonoPoly,1,CP,3,6,NA,NA,NA,NA,3,4,0,Territorial,Weak,52.18,0.12,Prunella_modularis_52.18_0.12,mixed,open,mixed,NA,DNA_fingerprinting,8,no,species_coordinates,1,44,1,132,NA,NA
160Santos2015,total,Prunella_modularis,dunnock,monogamy_polyandry,288,17,98,26.5,-45.87,170.5,no,microsatellite,2009,2012,4,July,January,no,263,Prunella_modularis,Prunella_modularis,Prunella_modularis,Prunella_modularis,no_fam,no_fam,nk-coop,nk-coop,nk_cooperation,nk_cooperation,nk_cooperation,16.7,25,,16.4,22.3,19.9,0,0,1,0,1,0,Mono,Poly,mixed,MonoPoly,1,CP,3,6,NA,NA,NA,NA,3,4,0,Territorial,Weak,-45.87,170.5,Prunella_modularis_-45.87_170.5,mixed,open,mixed,NA,microsatellite,4,no,species_coordinates,26,72,49,239,NA,NA
226Bruce1996,signe-year,Psaltriparus_minimus,bushtit,cooperative breeder,59,0,10,0,31.85,-109.25,no,DNA_fingerprinting,1992,1992,1,March,July,no,264,Psaltriparus_minimus,Psaltriparus_minimus,Psaltriparus_minimus,Psaltriparus_minimus,coop_families,coop_families,Cooperation,Cooperation,cooperation,cooperation,cooperation,5.3,NA,,5,NA,5.2,0,0,1,0,0,0,Mono,Poly,mixed,MonoPoly,1,PN,4,8,yes,35.1,Clements_name,NA,2,3,0,Non-territorial,Weak,31.85,-109.25,Psaltriparus_minimus_31.85_-109.25,monogamy,other_enclosed,monogamy,monogamy,DNA_fingerprinting,1,no,species_coordinates,0,10,0,59,NA,NA
275Johannessen2011,total,Pseudopodoces_humilis,ground_tit,cooperative breeder,352,0.3,75,1.3,30.48,91.1,no,microsatellite,2005,2006,2,April,September,no,265,Pseudopodoces_humilis,Pseudopodoces_humilis,Pseudopodoces_humilis,Pseudopodoces_humilis,coop_families,coop_families,Cooperation,Cooperation,cooperation,cooperation,cooperation,NA,NA,,42.5,48.5,45.5,0,0,0,1,0,0,NA,NA,NA,NA,3,NA,4,6,yes,6.9,Clements_name,NA,1,4,0,Territorial,Weak,30.48,91.1,Pseudopodoces_humilis_30.48_91.1,monogamy,NA,monogamy,monogamy,microsatellite,2,no,species_coordinates,1,74,1,351,NA,NA
111Wang2014,total,Pseudopodoces_humilis,ground_tit,monogamy_cooperative breeder,966,12.6,172,32,34.23,102.03,no,microsatellite,2007,2012,6,May,July,no,265,Pseudopodoces_humilis,Pseudopodoces_humilis,Pseudopodoces_humilis,Pseudopodoces_humilis,coop_families,coop_families,Cooperation,Cooperation,cooperation,cooperation,cooperation,NA,NA,,42.5,48.5,45.5,0,0,0,1,0,0,NA,NA,NA,NA,3,NA,4,6,yes,6.9,Clements_name,NA,1,4,0,Territorial,Weak,34.23,102.03,Pseudopodoces_humilis_34.23_102.03,monogamy,NA,monogamy,monogamy,microsatellite,6,no,species_coordinates,55,117,122,844,NA,NA
338 Klauke2013,total,Pyrrhura_orcesi,el_oro_parakeet,cooperative breeder,104,1,28,3.6,-3.65,-79.77,yes,microsatellite,2008,2008,1,December,March,no,266,Pyrrhura_orcesi,Pyrrhura_orcesi,Pyrrhura_orcesi,Pyrrhura_orcesi,coop_families,coop_families,Cooperation,Cooperation,cooperation,cooperation,cooperation,NA,NA,,NA,NA,70,0,0,0,0,0,0,Mono,NA,monogamy,Mono,0,NA,NA,NA,NA,NA,NA,NA,0,4,0,Non-territorial,Weak,-3.65,-79.77,Pyrrhura_orcesi_-3.65_-79.77,monogamy,NA,monogamy,monogamy,microsatellite,1,yes,species_coordinates,1,27,1,103,NA,NA
186Temple2009,total,Ramphocinclus_brachyurus,white-breasted_thrasher,cooperative breeder,67,7.5,30,13.3,13.92,-60.92,no,microsatellite,2002,2004,3,April,September,no,267,Ramphocinclus_brachyurus,Ramphocinclus_brachyurus,Ramphocinclus_brachyurus,Ramphocinclus_brachyurus,coop_families,coop_families,Cooperation,Cooperation,cooperation,cooperation,cooperation,NA,NA,,NA,NA,50,0,0,1,1,0,0,Mono,NA,monogamy,Mono,1,CP,1,4,yes,44.2,Clements_name,NA,1,4,0,Territorial,Weak,13.92,-60.92,Ramphocinclus_brachyurus_13.92_-60.92,monogamy,open,monogamy,monogamy,microsatellite,3,no,species_coordinates,4,26,5,62,NA,NA
55Schleiche1997,total,Remiz_pendulinus,penduline_tit,polygynandry,201,7,52,17.3,47.93,17.72,no,DNA_fingerprinting,1993,1994,2,April,August,no,268,Remiz_pendulinus,Remiz_pendulinus,Remiz_pendulinus,Remiz_pendulinus,no_fam,no_fam,Female only,Female only,uniparental,uniparental,uniparental,NA,NA,,NA,NA,10.25,0,1,1,0,0,0,Mono,Poly,mixed,MonoPoly,0,PN,2,7,no,0,Clements_name,NA,3,4,0,Territorial,Strong,47.93,17.72,Remiz_pendulinus_47.93_17.72,polygamy,other_enclosed,polygamy,polygamy,DNA_fingerprinting,2,no,species_coordinates,9,43,14,187,uniparental,uniparental
382van Dijk2010,total,Remiz_pendulinus,penduline_tit,polygynandry,166,23.5,55,52.7,46.32,20.1,no,microsatellite,2002,2007,6,April,August,no,268,Remiz_pendulinus,Remiz_pendulinus,Remiz_pendulinus,Remiz_pendulinus,no_fam,no_fam,Female only,Female only,uniparental,uniparental,uniparental,NA,NA,,NA,NA,10.25,0,1,1,0,0,0,Mono,Poly,mixed,MonoPoly,0,PN,2,7,no,0,Clements_name,NA,3,4,0,Territorial,Strong,46.32,20.1,Remiz_pendulinus_46.32_20.1,polygamy,other_enclosed,polygamy,polygamy,microsatellite,6,no,species_coordinates,29,26,39,127,uniparental,uniparental
271Whittingham1997,total,Sericornis_frontalis,white-browed_scrubwren,cooperative breeder,137,12.4,51,23.5,-35.27,149.1,yes,DNA_fingerprinting,1992,1993,2,April,May,no,269,Sericornis_frontalis,Sericornis_frontalis,Sericornis_frontalis,Sericornis_frontalis,coop_families,coop_families,Cooperation,Cooperation,cooperation,cooperation,cooperation,9.6,14,,11,15.8,12.88,0,0,1,0,0,0,Mono,Poly,mixed,MonoPoly,3,DM,2,3,yes,47.4,Clements_name,NA,2,4,0,Territorial,Weak,-35.27,149.1,Sericornis_frontalis_-35.27_149.1,monogamy,ground,monogamy,monogamy,DNA_fingerprinting,2,yes,species_coordinates,12,39,17,120,NA,NA
2Jacobs2015,total,Sialia_mexicana,Western_bluebird,cooperative breeder,324,35.2,72,70.8,35.88,-106.03,yes,microsatellite,2010,2012,3,May,August,yes,270,Sialia_mexicana,Sialia_mexicana,Sialia_mexicana,Sialia_mexicana,coop_families,coop_families,Cooperation,Cooperation,cooperation,cooperation,cooperation,24.5,31.5,,23.5,28.5,27,0,1,0,0,0,0,Mono,NA,monogamy,Mono,1,CP,2,6,yes,7.4,Clements_name,NA,1,4,0,Territorial,Weak,35.88,-106.03,Sialia_mexicana_35.88_-106.03,monogamy,open,monogamy,monogamy,microsatellite,3,yes,species_coordinates,51,21,114,210,NA,NA
233Dickinson1998,total,Sialia_mexicana,Western_bluebird,cooperative breeder,207,18.8,51,45.1,36.37,-121.05,yes,DNA_fingerprinting,1993,1995,3,March,May,no,270,Sialia_mexicana,Sialia_mexicana,Sialia_mexicana,Sialia_mexicana,coop_families,coop_families,Cooperation,Cooperation,cooperation,cooperation,cooperation,24.5,31.5,,23.5,28.5,27,0,1,0,0,0,0,Mono,NA,monogamy,Mono,1,CP,2,6,yes,7.4,Clements_name,NA,1,4,0,Territorial,Weak,36.37,-121.05,Sialia_mexicana_36.37_-121.05,monogamy,open,monogamy,monogamy,DNA_fingerprinting,3,yes,species_coordinates,23,28,39,168,NA,NA
145Ferree2011,total,Sialia_mexicana,Western_bluebird,cooperative breeder,1046,22.1,256,44.9,36.37,-121.05,yes,microsatellite,2000,2005,6,March,May,no,270,Sialia_mexicana,Sialia_mexicana,Sialia_mexicana,Sialia_mexicana,coop_families,coop_families,Cooperation,Cooperation,cooperation,cooperation,cooperation,24.5,31.5,,23.5,28.5,27,0,1,0,0,0,0,Mono,NA,monogamy,Mono,1,CP,2,6,yes,7.4,Clements_name,NA,1,4,0,Territorial,Weak,36.37,-121.05,Sialia_mexicana_36.37_-121.05,monogamy,open,monogamy,monogamy,microsatellite,6,yes,species_coordinates,115,141,231,815,NA,NA
267Han2015,total,Sitta_pusilla,brown-headed_nuthatch,cooperative breeder,237,27.8,59,40.7,30.65,-84.2,no,microsatellite,2006,2010,5,February,NA,no,271,Sitta_pusilla,Sitta_pusilla,Sitta_pusilla,Sitta_pusilla,coop_families,coop_families,Cooperation,Cooperation,cooperation,cooperation,cooperation,9.31,10.4,,9.92,10.55,10.076,1,0,0,0,0,0,NA,NA,NA,NA,3,CV,3,9,yes,23.2,Clements_name,NA,2,4,0,Territorial,Weak,30.65,-84.2,Sitta_pusilla_30.65_-84.2,monogamy,cavity,monogamy,monogamy,microsatellite,5,no,species_coordinates,24,35,66,171,NA,NA
175Maguire2008,total,Stipiturus_malachurus,southern_emu-wren,cooperative breeder,50,12,27,14.8,-38.38,141.6,no,microsatellite,2000,2002,3,August,March,yes,272,Stipiturus_malachurus,Stipiturus_malachurus,Stipiturus_malachurus,Stipiturus_malachurus,coop_families,coop_families,Cooperation,Cooperation,cooperation,cooperation,cooperation,NA,NA,,NA,NA,7.25,0,0,1,0,0,0,NA,NA,NA,NA,3,DM,2,4,NA,NA,NA,NA,1,4,0,Territorial,Weak,-38.38,141.6,Stipiturus_malachurus_-38.38_141.6,monogamy,ground,monogamy,monogamy,microsatellite,3,no,species_coordinates,4,23,6,44,NA,NA
304Warrington2013,total,Struthidea_cinerea,apostlebird,polyandry_cooperative breeder,NA,NA,78,2.6,-31,142,no,microsatellite,2006,2010,5,August,December,no,273,Struthidea_cinerea,Struthidea_cinerea,Struthidea_cinerea,Struthidea_cinerea,coop_families,coop_families,Cooperation,Cooperation,cooperation,cooperation,cooperation,NA,NA,,NA,NA,132.5,0,1,0,0,0,0,NA,NA,NA,NA,1,CP,2,5,yes,100,Clements_name,NA,0,4,0,Territorial,Weak,-31,142,Struthidea_cinerea_-31_142,polygamy,open,polygamy,polygamy,microsatellite,5,no,species_coordinates,2,76,NA,NA,NA,NA
192Woxvold2007,total,Struthidea_cinerea,apostlebird,polyandry_cooperative breeder,41,0,15,0,-34.57,145.75,no,microsatellite,1998,2001,4,August,January,no,273,Struthidea_cinerea,Struthidea_cinerea,Struthidea_cinerea,Struthidea_cinerea,coop_families,coop_families,Cooperation,Cooperation,cooperation,cooperation,cooperation,NA,NA,,NA,NA,132.5,0,1,0,0,0,0,NA,NA,NA,NA,1,CP,2,5,yes,100,Clements_name,NA,0,4,0,Territorial,Weak,-34.57,145.75,Struthidea_cinerea_-34.57_145.75,polygamy,open,polygamy,polygamy,microsatellite,4,no,species_coordinates,0,15,0,41,NA,NA
100Kimwele2002,total,Struthio_camelus,ostrich,polyandry,61,49.2,6,100,-1.4,36.8,no,microsatellite,1998,1998,1,July,December,single-year study,274,Struthio_camelus,Struthio_camelus,Struthio_camelus,Struthio_camelus,family,family,Pair,Pair,biparental,biparental,biparental,90000,110000,,100000,156000,114500,0,0,1,1,0,0,NA,Poly,polygamy,Poly,1,SC,2,11,NA,NA,NA,NA,3,4,0,Non-territorial,Weak,-1.4,36.8,Struthio_camelus_-1.4_36.8,polygamy,ground,polygamy,polygamy,microsatellite,1,no,species_coordinates,6,0,30,31,biparental,biparental
393Alatalo1996,total,Tetrao_tetrix,black_grouse,no social bond,66,0,11,0,62.17,25.08,NA,NA,1987,1994,8,April,May,no,275,Tetrao_tetrix,Tetrao_tetrix,Lyrurus_tetrix,Lyrurus_tetrix,family,family,Female only,Female only,uniparental,uniparental,uniparental,750,1100,,1100,2100,1262.5,0,1,1,1,0,1,NA,Poly,polygamy,Poly,0,SC,6,11,NA,NA,NA,NA,4,4,0,Non-territorial,Weak,62.17,25.08,Tetrao_tetrix_62.17_25.08,polygamy,ground,polygamy,polygamy,NA,8,NA,species_coordinates,0,11,0,66,uniparental,uniparental
79 Lebigre2007,total,Tetrao_tetrix,black_grouse,no social bond,NA,NA,130,3.8,63,26,no,microsatellite,2001,2005,5,April,May,no,275,Tetrao_tetrix,Tetrao_tetrix,Lyrurus_tetrix,Lyrurus_tetrix,family,family,Female only,Female only,uniparental,uniparental,uniparental,750,1100,,1100,2100,1262.5,0,1,1,1,0,1,NA,Poly,polygamy,Poly,0,SC,6,11,NA,NA,NA,NA,4,4,0,Non-territorial,Weak,63,26,Tetrao_tetrix_63_26,polygamy,ground,polygamy,polygamy,microsatellite,5,no,species_coordinates,5,125,NA,NA,uniparental,uniparental
398Gill2005,total,Thryothorus_leucotis,buff-breasted_wrens,cooperative breeder,53,3.8,31,3.2,10.17,-79.7,no,microsatellite,1997,1999,3,February,June,no,276,Thryothorus_leucotis,Thryothorus_leucotis,Cantorchilus_leucotis,Cantorchilus_leucotis,family,family,pair,Pair,biparental,biparental,biparental,16,19.5,,18.5,25,19.75,0,0,1,1,0,0,Mono,NA,monogamy,Mono,0,SP,2,3,NA,NA,NA,NA,0,4,0,Territorial,Weak,10.17,-79.7,Thryothorus_leucotis_10.17_-79.7,monogamy,other_enclosed,monogamy,monogamy,microsatellite,3,no,species_coordinates,1,30,2,51,biparental,biparental
364Brennan2012,total,Tinamus_major,great_tinamou,polyandry,121,24,28,57.1,10.43,-83.98,no,microsatellite,2000,2002,3,February,May,no,277,Tinamus_major,Tinamus_major,Tinamus_major,Tinamus_major,NA,NA,Male only,Male only,uniparental,uniparental,uniparental,945,1240,,700,1142,1006.75,0,0,0,0,1,0,NA,Poly,polygamy,Poly,0,SC,3,6,NA,NA,NA,NA,3,3,1,Territorial,Weak,10.43,-83.98,Tinamus_major_10.43_-83.98,polygamy,ground,polygamy,polygamy,microsatellite,3,no,species_coordinates,16,12,29,92,uniparental,uniparental
377Lanctot1997,total,Tryngites_subruficollis,buff-breasted_sandpiper,no social bond,NA,NA,47,40.4,70.2,-148.25,no,DNA_fingerprinting,1993,1994,2,June,August,yes,278,Tryngites_subruficollis,Tryngites_subruficollis,Calidris_subruficollis,Calidris_subruficollis,no_fam,no_fam,Female only,Female only,uniparental,uniparental,uniparental,42,87.1,,43,117,66.5,0,1,1,0,1,1,NA,Poly,polygamy,Poly,0,NA,3,4,NA,NA,NA,NA,4,4,0,Non-territorial,Strong,70.2,-148.25,Tryngites_subruficollis_70.2_-148.25,polygamy,NA,polygamy,polygamy,DNA_fingerprinting,2,no,species_coordinates,19,28,NA,NA,uniparental,uniparental
309Nelson-Flower 2011,total,Turdoides_bicolor,pied_babbler,cooperative breeder,145,4.8,NA,NA,-26.97,21.82,no,microsatellite,2004,2008,5,September,May,no,279,Turdoides_bicolor,Turdoides_bicolor,Turdoides_bicolor,Turdoides_bicolor,coop_families,coop_families,Cooperation,Cooperation,cooperation,cooperation,cooperation,69.2,82.4,,72,77,75.26666667,0,1,0,0,0,0,NA,NA,NA,NA,1,CP,2,5,NA,NA,NA,NA,1,3,0,Territorial,Weak,-26.97,21.82,Turdoides_bicolor_-26.97_21.82,monogamy,open,monogamy,monogamy,microsatellite,5,no,species_coordinates,NA,NA,7,138,NA,NA
248Lundy1998,total,Turdoides_squamiceps,Arabian_babbler,cooperative breeder,186,0,44,0,30.77,35.27,no,DNA_fingerprinting,1993,1995,3,February,July,no,280,Turdoides_squamiceps,Turdoides_squamiceps,Argya_squamiceps,Argya_squamiceps,coop_families,coop_families,Cooperation,Cooperation,cooperation,cooperation,cooperation,NA,NA,,NA,NA,73.5,0,1,0,0,0,0,NA,NA,NA,NA,1,CP,3,5,yes,90.6,Clements_name,NA,0,4,0,Territorial,Weak,30.77,35.27,Turdoides_squamiceps_30.77_35.27,monogamy,open,monogamy,monogamy,DNA_fingerprinting,3,no,species_coordinates,0,44,0,186,NA,NA
248Lundy1998,total,Tympanuchus_cupido,prairie_chicken,lekking,NA,NA,25,44,44.33,-89.63,no,DNA_fingerprinting,1993,1995,3,February,August,no,281,Tympanuchus_cupido,Tympanuchus_cupido,Tympanuchus_cupido,Tympanuchus_cupido,no_fam,no_fam,Female only,Female only,uniparental,uniparental,uniparental,709,885,,760,1135,872.25,0,1,0,0,0,1,NA,Poly,polygamy,Poly,0,SC,5,17,NA,NA,NA,NA,4,4,0,Non-territorial,Weak,44.33,-89.63,Tympanuchus_cupido_44.33_-89.63,polygamy,ground,polygamy,polygamy,DNA_fingerprinting,3,no,species_coordinates,11,14,NA,NA,uniparental,uniparental
468Saracura2008,total,Vanellus_chilensis,Southern_lapwing,cooperative breeder,41,9.8,16,18.8,-15.77,-47.87,no,DNA_fingerprinting,2000,2002,3,July,June,no,282,Vanellus_chilensis,Vanellus_chilensis,Vanellus_chilensis,Vanellus_chilensis,coop_families,coop_families,nk-coop,nk-coop,nk_cooperation,nk_cooperation,nk_cooperation,244.1,269.9,,246.4,285.6,291.5,0,1,1,0,0,0,Mono,NA,monogamy,Mono,0,SC,3,4,yes,56.7,Clements_name,NA,1,4,0,Territorial,Weak,-15.77,-47.87,Vanellus_chilensis_-15.77_-47.87,monogamy,ground,monogamy,monogamy,DNA_fingerprinting,3,no,species_coordinates,3,13,4,37,NA,NA
397Rubenstein2007,total,Lamprotornis_superbus,superb_starling,cooperative breeder,271,34,100,25,0.28,37.87,no,microsatellite,2005,2008,4,NA,NA,no,240,Lamprotornis_superbus,Lamprotornis_superbus,Lamprotornis_superbus,Lamprotornis_superbus,coop_families,coop_families,Cooperation,Cooperation,cooperation,cooperation,cooperation,56,77,,63,86,68.5,0,0,0,0,0,0,Mono,NA,monogamy,Mono,1,NA,4,4,yes,91.2,Clements_name,NA,1,4,0,Territorial,Weak,0.28,37.87,Lamprotornis_superbus_0.28_37.87,monogamy,NA,monogamy,monogamy,microsatellite,4,no,species_coordinates,25,75,92,179,NA,NA
333Mulder1994,total,Malurus_cyane,superb_fairywren,cooperative breeder,181,76,40,95,-35.28,149.11,no,DNA_fingerprinting,1989,1991,3,August,December,no,283,Malurus_cyaneus,Malurus_cyaneus,Malurus_cyaneus,Malurus_cyaneus,coop_families,coop_families,Cooperation,Cooperation,cooperation,cooperation,cooperation,9,12.2,,10,13.8,11.33333333,0,0,1,0,0,0,Mono,NA,monogamy,Mono,2,DM,2,4,yes,47.9,Clements_name,NA,3,4,0,Territorial,Weak,-35.28,149.11,Malurus_cyane_-35.28_149.11,monogamy,ground,monogamy,monogamy,DNA_fingerprinting,3,no,species_coordinates,38,2,138,43,NA,NA
475Wrege1987,total,Merops_bullockoides,white-fronted_bee-eater,cooperative breeder,NA,NA,65,6.1,-0.37,36.08,no,other,1982,1984,3,October,December,yes,284,Merops_bullockoides,Merops_bullockoides,Merops_bullockoides,Merops_bullockoides,coop_families,coop_families,Cooperation,Cooperation,cooperation,cooperation,cooperation,NA,NA,,NA,NA,33,1,0,0,0,0,0,Mono,NA,monogamy,Mono,1,BU,2,5,yes,50,Clements_name,NA,0,4,0,Non-territorial,Weak,-0.37,36.08,Merops_bullockoides_-0.37_36.08,monogamy,cavity,monogamy,monogamy,mixed_other,3,no,species_coordinates,4,61,NA,NA,NA,NA
57Blackmore2007,total,Pomatostomus_temporalis,grey-crowned_babbler,cooperative breeder,NA,NA,60,18.33,-30.54,149.38,no,microsatellite,2003,2004,2,July,March,no,260,Pomatostomus_temporalis,Pomatostomus_temporalis,Pomatostomus_temporalis,Pomatostomus_temporalis,coop_families,coop_families,Cooperation,Cooperation,cooperation,cooperation,cooperation,NA,NA,,NA,NA,72.5,0,1,1,0,0,0,Mono,NA,monogamy,Mono,1,DM,2,6,yes,87,Clements_name,NA,1,4,0,Territorial,Weak,-30.54,149.38,Pomatostomus_temporalis_-30.54_149.38,monogamy,ground,monogamy,monogamy,microsatellite,2,no,species_coordinates,11,49,NA,NA,NA,NA
179Gibbs1994,signe-year,Tribonyx mortierii,Tasmanian_native-hen,cooperative breeder,NA,NA,6,0,-42.63,148.06135,no,DNA_fingerprinting,1989,1989,1,July,September,single-year study,285,Gallinula_mortierii,Gallinula_mortierii,Tribonyx_mortierii,Tribonyx_mortierii,coop_families,coop_families,Cooperation,Cooperation,cooperation,cooperation,cooperation,1251,NA,,1334,NA,1292.5,0,1,0,0,0,0,Mono,Poly,mixed,MonoPoly,0,CP,5,8,yes,49,Clements_name,NA,1,4,1,Territorial,Weak,-42.63,148.06,Tribonyx mortierii_-42.63_148.06,monogamy,open,monogamy,monogamy,DNA_fingerprinting,1,no,species_coordinates,0,6,NA,NA,NA,NA
178Gavin1998,total,Accipiter gentilis atricapillus,northern_goshawk,monogamy,77,1.3,39,2.6,36.71,-112.22,no,other,1991,1993,3,April,August,yes,286,Accipiter_gentilis,Accipiter_gentilis,Astur_gentilis,Astur_gentilis,no_fam,no_fam,Pair,Pair,biparental,biparental,biparental,820,2045,,550,1200,1153.75,0,0,0,1,0,0,Mono,NA,monogamy,Mono,0,PL,1,5,no,0,Scientific_name_amended,NA,0,3,0,Territorial,Weak,36.71,-112.22,Accipiter gentilis atricapillus_36.71_-112.22,monogamy,open,monogamy,monogamy,mixed_other,3,no,species_coordinates,1,38,1,76,biparental,biparental
206Stewart2006,total,Passer_domesticus,house_sparrow,monogamy,419,10.7,126,26.2,35,-83,yes,microsatellite,1995,1996,2,March,August,yes,166,Passer_domesticus,Passer_domesticus,Passer_domesticus,Passer_domesticus,no_fam,no_fam,Pair,Pair,biparental,biparental,biparental,20.1,36,,20,36.5,27.44,0,0,0,0,0,0,Mono,NA,monogamy,Mono,3,"CV,SP,CR",1,8,yes,63.4,Clements_name,"well, in some pop house sparrows are CBs, but in most they are not!",1,4,0,Non-territorial,Weak,35,-83,Passer_domesticus_35_-83,monogamy,cavity,monogamy,monogamy,microsatellite,2,yes,species_coordinates,33,93,45,374,biparental,biparental
205Stewart2015,total,Passer_domesticus,house_sparrow,monogamy,267,12.7,75,26.7,35,-83,yes,microsatellite,2004,2004,1,March,August,single-year study,166,Passer_domesticus,Passer_domesticus,Passer_domesticus,Passer_domesticus,no_fam,no_fam,Pair,Pair,biparental,biparental,biparental,20.1,36,,20,36.5,27.44,0,0,0,0,0,0,Mono,NA,monogamy,Mono,3,"CV,SP,CR",1,8,yes,63.4,Clements_name,"well, in some pop house sparrows are CBs, but in most they are not!",1,4,0,Non-territorial,Weak,35,-83,Passer_domesticus_35_-83,monogamy,cavity,monogamy,monogamy,microsatellite,1,yes,species_coordinates,20,55,34,233,biparental,biparental
395Václav2007,total,Passer_domesticus,house_sparrow,monogamy,129,10.1,35,28.6,48.17,16.3,yes,microsatellite,2000,2000,1,March,July,single-year study,166,Passer_domesticus,Passer_domesticus,Passer_domesticus,Passer_domesticus,no_fam,no_fam,Pair,Pair,biparental,biparental,biparental,20.1,36,,20,36.5,27.44,0,0,0,0,0,0,Mono,NA,monogamy,Mono,3,"CV,SP,CR",1,8,yes,63.4,Clements_name,"well, in some pop house sparrows are CBs, but in most they are not!",1,4,0,Non-territorial,Weak,48.17,16.3,Passer_domesticus_48.17_16.3,monogamy,cavity,monogamy,monogamy,microsatellite,1,yes,species_coordinates,10,25,13,116,biparental,biparental
394Vaclav2003,total,Passer_domesticus,house_sparrow,monogamy,136,18.4,46,43.5,48.17,16.3,yes,DNA_fingerprinting,1999,1999,1,March,July,single-year study,166,Passer_domesticus,Passer_domesticus,Passer_domesticus,Passer_domesticus,no_fam,no_fam,Pair,Pair,biparental,biparental,biparental,20.1,36,,20,36.5,27.44,0,0,0,0,0,0,Mono,NA,monogamy,Mono,3,"CV,SP,CR",1,8,yes,63.4,Clements_name,"well, in some pop house sparrows are CBs, but in most they are not!",1,4,0,Non-territorial,Weak,48.17,16.3,Passer_domesticus_48.17_16.3,monogamy,cavity,monogamy,monogamy,DNA_fingerprinting,1,yes,species_coordinates,20,26,25,111,biparental,biparental
227Veiga2000,total,Passer_domesticus,house_sparrow,monogamy,171,7,54,9.3,40.63,-4,yes,DNA_fingerprinting,1995,1995,1,March,August,single-year study,166,Passer_domesticus,Passer_domesticus,Passer_domesticus,Passer_domesticus,no_fam,no_fam,Pair,Pair,biparental,biparental,biparental,20.1,36,,20,36.5,27.44,0,0,0,0,0,0,Mono,NA,monogamy,Mono,3,"CV,SP,CR",1,8,yes,63.4,Clements_name,"well, in some pop house sparrows are CBs, but in most they are not!",1,4,0,Non-territorial,Weak,40.63,-4,Passer_domesticus_40.63_-4,monogamy,cavity,monogamy,monogamy,DNA_fingerprinting,1,yes,species_coordinates,5,49,12,159,biparental,biparental
224Wetton1991,total,Passer_domesticus,house_sparrow,monogamy,536,13.6,183,26.8,53.07,-0.95,yes,DNA_fingerprinting,1985,1989,5,March,August,yes,166,Passer_domesticus,Passer_domesticus,Passer_domesticus,Passer_domesticus,no_fam,no_fam,Pair,Pair,biparental,biparental,biparental,20.1,36,,20,36.5,27.44,0,0,0,0,0,0,Mono,NA,monogamy,Mono,3,"CV,SP,CR",1,8,yes,63.4,Clements_name,"well, in some pop house sparrows are CBs, but in most they are not!",1,4,0,Non-territorial,Weak,53.07,-0.95,Passer_domesticus_53.07_-0.95,monogamy,cavity,monogamy,monogamy,DNA_fingerprinting,5,yes,species_coordinates,49,134,73,463,biparental,biparental
391Whitekiller2000,total,Passer_domesticus,house_sparrow,monogamy,136,19.9,41,36.6,35.2,-97.43,yes,DNA_fingerprinting,1994,1997,4,March,August,yes,166,Passer_domesticus,Passer_domesticus,Passer_domesticus,Passer_domesticus,no_fam,no_fam,Pair,Pair,biparental,biparental,biparental,20.1,36,,20,36.5,27.44,0,0,0,0,0,0,Mono,NA,monogamy,Mono,3,"CV,SP,CR",1,8,yes,63.4,Clements_name,"well, in some pop house sparrows are CBs, but in most they are not!",1,4,0,Non-territorial,Weak,35.2,-97.43,Passer_domesticus_35.2_-97.43,monogamy,cavity,monogamy,monogamy,DNA_fingerprinting,4,yes,species_coordinates,15,26,27,109,biparental,biparental
359Cordero2002,total,Passer_montanus,tree_sparrow,monogamy,114,10.5,35,22.9,46.52,6.57,yes,DNA_fingerprinting,1991,1992,2,April,August,no,287,Passer_montanus,Passer_montanus,Passer_montanus,Passer_montanus,no_fam,no_fam,Pair,Pair,biparental,biparental,biparental,20.5,26.5,,18,28,23.33333333,0,0,0,0,0,0,Mono,NA,monogamy,Mono,0,"CV,BU",2,9,NA,NA,NA,NA,1,4,0,Non-territorial,Weak,46.52,6.57,Passer_montanus_46.52_6.57,monogamy,cavity,monogamy,monogamy,DNA_fingerprinting,2,yes,species_coordinates,8,27,12,102,biparental,biparental
359Cordero2002,total,Passer_montanus,tree_sparrow,monogamy,151,7.9,40,25,41.58,-2.43,yes,DNA_fingerprinting,1993,1995,3,April,August,no,287,Passer_montanus,Passer_montanus,Passer_montanus,Passer_montanus,no_fam,no_fam,Pair,Pair,biparental,biparental,biparental,20.5,26.5,,18,28,23.33333333,0,0,0,0,0,0,Mono,NA,monogamy,Mono,0,"CV,BU",2,9,NA,NA,NA,NA,1,4,0,Non-territorial,Weak,41.58,-2.43,Passer_montanus_41.58_-2.43,monogamy,cavity,monogamy,monogamy,DNA_fingerprinting,3,yes,species_coordinates,10,30,12,139,biparental,biparental
177Seress2007,total,Passer_montanus,tree_sparrow,monogamy,76,9.2,19,21.1,46.25,20.13,yes,microsatellite,2006,2006,1,March,August,single-year study,287,Passer_montanus,Passer_montanus,Passer_montanus,Passer_montanus,no_fam,no_fam,Pair,Pair,biparental,biparental,biparental,20.5,26.5,,18,28,23.33333333,0,0,0,0,0,0,Mono,NA,monogamy,Mono,0,"CV,BU",2,9,NA,NA,NA,NA,1,4,0,Non-territorial,Weak,46.25,20.13,Passer_montanus_46.25_20.13,monogamy,cavity,monogamy,monogamy,microsatellite,1,yes,species_coordinates,4,15,7,69,biparental,biparental
102Freeman-Gallant1996,total,Passerculus_sandwichensis,savannah_sparrow,monogamy,160,23.1,42,42.9,44.58,-66.77,no,DNA_fingerprinting,1992,1993,2,May,July,no,288,Passerculus_sandwichensis,Passerculus_sandwichensis,Passerculus_sandwichensis,Passerculus_sandwichensis,no_fam,no_fam,Pair,Pair,biparental,biparental,biparental,19.5,NA,,20.6,NA,21.4,0,0,0,0,0,0,NA,Poly,polygamy,Poly,0,CP,2,6,NA,NA,NA,NA,2,4,0,Territorial,Strong,44.58,-66.77,Passerculus_sandwichensis_44.58_-66.77,monogamy,open,monogamy,monogamy,DNA_fingerprinting,2,no,species_coordinates,18,24,37,123,biparental,biparental
103Freeman-Gallant2003,total,Passerculus_sandwichensis,savannah_sparrow,monogamy,145,47.6,43,65.1,44.58,-66.77,no,DNA_fingerprinting,1994,1995,2,May,July,no,288,Passerculus_sandwichensis,Passerculus_sandwichensis,Passerculus_sandwichensis,Passerculus_sandwichensis,no_fam,no_fam,Pair,Pair,biparental,biparental,biparental,19.5,NA,,20.6,NA,21.4,0,0,0,0,0,0,NA,Poly,polygamy,Poly,0,CP,2,6,NA,NA,NA,NA,2,4,0,Territorial,Strong,44.58,-66.77,Passerculus_sandwichensis_44.58_-66.77,monogamy,open,monogamy,monogamy,DNA_fingerprinting,2,no,species_coordinates,28,15,69,76,biparental,biparental
104Freeman-Gallant2005,total,Passerculus_sandwichensis,savannah_sparrow,monogamy,411,47.2,116,68.1,44.58,-66.77,no,microsatellite,2002,2003,2,May,July,yes,288,Passerculus_sandwichensis,Passerculus_sandwichensis,Passerculus_sandwichensis,Passerculus_sandwichensis,no_fam,no_fam,Pair,Pair,biparental,biparental,biparental,19.5,NA,,20.6,NA,21.4,0,0,0,0,0,0,NA,Poly,polygamy,Poly,0,CP,2,6,NA,NA,NA,NA,2,4,0,Territorial,Strong,44.58,-66.77,Passerculus_sandwichensis_44.58_-66.77,monogamy,open,monogamy,monogamy,microsatellite,2,no,species_coordinates,79,37,194,217,biparental,biparental
337Perlut2008,total,Passerculus_sandwichensis,savannah_sparrow,monogamy,191,54,77,72,44,-72,no,microsatellite,2002,2005,4,May,July,no,288,Passerculus_sandwichensis,Passerculus_sandwichensis,Passerculus_sandwichensis,Passerculus_sandwichensis,no_fam,no_fam,Pair,Pair,biparental,biparental,biparental,19.5,NA,,20.6,NA,21.4,0,0,0,0,0,0,NA,Poly,polygamy,Poly,0,CP,2,6,NA,NA,NA,NA,2,4,0,Territorial,Strong,44,-72,Passerculus_sandwichensis_44_-72,monogamy,open,monogamy,monogamy,microsatellite,4,no,species_coordinates,55,22,103,88,biparental,biparental
281Estep2005,total,Passerina_caerulea,blue_grosbeak,monogamy,55,52.7,20,70,32.6,-85.3,no,microsatellite,1997,1998,2,May,August,no,289,Passerina_caerulea,Passerina_caerulea,Passerina_caerulea,Passerina_caerulea,no_fam,no_fam,Pair,Pair,biparental,biparental,biparental,23,32.5,,22,40.5,29,0,1,1,0,0,0,NA,NA,NA,NA,0,CP,3,5,NA,NA,NA,NA,3,4,0,Territorial,Strong,32.6,-85.3,Passerina_caerulea_32.6_-85.3,monogamy,open,monogamy,monogamy,microsatellite,2,no,species_coordinates,14,6,29,26,biparental,biparental
120Westneat1990,total,Passerina_cyanea,indigo_bunting,monogamy,63,34.9,25,48,35.88,-79.02,no,DNA_fingerprinting,1986,1986,1,May,August,single-year study,290,Passerina_cyanea,Passerina_cyanea,Passerina_cyanea,Passerina_cyanea,no_fam,no_fam,Pair,Pair,biparental,biparental,biparental,11.3,19.8,,11.2,20.3,15.65,0,1,0,1,1,0,Mono,Poly,mixed,MonoPoly,0,CP,3,4,no,0,Clements_name,NA,2,4,0,Territorial,Strong,35.88,-79.02,Passerina_cyanea_35.88_-79.02,monogamy,open,monogamy,monogamy,DNA_fingerprinting,1,no,species_coordinates,12,13,22,41,biparental,biparental
416Ardern1997,total,Petroica_australis,New_Zealand_robin,monogamy,62,0,37,0,-41.08,174.27,no,microsatellite,1992,1995,4,October,January,no,291,Petroica_australis,Petroica_australis,Petroica_longipes,Petroica_longipes,no_fam,no_fam,Pair,Pair,biparental,biparental,biparental,25.9,31.5,,26.7,35,29.775,0,0,0,0,0,0,Mono,NA,monogamy,Mono,0,CP,1,3,NA,NA,NA,NA,0,4,0,Territorial,Weak,-41.08,174.27,Petroica_australis_-41.08_174.27,monogamy,open,monogamy,monogamy,microsatellite,4,no,species_coordinates,0,37,0,62,biparental,biparental
130Dowling2006,total,Petroica_goodenovii,red-capped_robin,monogamy,240,22.1,NA,37,-36.17,144.22,no,microsatellite,2000,2002,3,August,January,no,292,Petroica_goodenovii,Petroica_goodenovii,Petroica_goodenovii,Petroica_goodenovii,no_fam,no_fam,Pair,Pair,biparental,biparental,biparental,7,NA,,9,NA,8,0,0,0,0,0,0,Mono,NA,monogamy,Mono,0,CP,2,3,NA,NA,NA,NA,1,4,0,Territorial,Weak,-36.17,144.22,Petroica_goodenovii_-36.17_144.22,monogamy,open,monogamy,monogamy,microsatellite,3,no,species_coordinates,NA,NA,53,187,biparental,biparental
154Nemeth2012,total,Petronia_petronia,rock_sparrow,monogamy,277,24.5,56,44.6,44.97,6.63,yes,microsatellite,2008,2009,2,May,July,no,293,Petronia_petronia,Petronia_petronia,Petronia_petronia,Petronia_petronia,NA,no_fam,Pair,Pair,biparental,biparental,biparental,NA,NA,,NA,NA,32.5,0,0,0,0,0,0,NA,Poly,polygamy,Poly,0,"CR,DM",4,8,NA,NA,NA,NA,2,4,0,Territorial,Weak,44.97,6.63,Petronia_petronia_44.97_6.63,monogamy,cavity,monogamy,monogamy,microsatellite,2,yes,species_coordinates,25,31,68,209,biparental,biparental
29Pilastro2002,total,Petronia_petronia,rock_sparrow,monogamy,181,32,42,57.1,NA,NA,yes,DNA_fingerprinting,1997,1999,3,NA,NA,no,293,Petronia_petronia,Petronia_petronia,Petronia_petronia,Petronia_petronia,NA,no_fam,Pair,Pair,biparental,biparental,biparental,NA,NA,,NA,NA,32.5,0,0,0,0,0,0,NA,Poly,polygamy,Poly,0,"CR,DM",4,8,NA,NA,NA,NA,2,4,0,Territorial,Weak,NA,NA,Petronia_petronia_29Pilastro2002,monogamy,cavity,monogamy,monogamy,DNA_fingerprinting,3,yes,species_study_id_missing_coordinates,24,18,58,123,biparental,biparental
296Chu2002,total,Phainopepla_nitens,phainopepla,monogamy,48,0,25,0,33.68,-117,no,DNA_fingerprinting,1995,1999,5,NA,NA,no,294,Phainopepla_nitens,Phainopepla_nitens,Phainopepla_nitens,Phainopepla_nitens,no_fam,no_fam,Pair,Pair,biparental,biparental,biparental,21,24.9,,20.7,23,22.6,1,1,1,0,1,0,Mono,NA,monogamy,Mono,0,CP,2,4,NA,NA,NA,NA,0,4,0,Territorial,Weak,33.68,-117,Phainopepla_nitens_33.68_-117,monogamy,open,monogamy,monogamy,DNA_fingerprinting,5,no,species_coordinates,0,25,0,48,biparental,biparental
224Graves1992,total,Phalacrocorax_aristotelis,shag,monogamy,28,17.9,15,20,56.18,-2.57,no,DNA_fingerprinting,1987,1987,1,April,July,single-year study,295,Phalacrocorax_aristotelis,Phalacrocorax_aristotelis,Gulosus_aristotelis,Gulosus_aristotelis,no_fam,no_fam,Pair,Pair,biparental,biparental,biparental,1407,1788,,1760,2154,1777.25,1,0,0,0,0,0,NA,Poly,polygamy,Poly,0,PL,1,6,NA,NA,NA,NA,1,4,0,Non-territorial,Weak,56.18,-2.57,Phalacrocorax_aristotelis_56.18_-2.57,monogamy,open,monogamy,monogamy,DNA_fingerprinting,1,no,species_coordinates,3,12,5,23,biparental,biparental
274Calderón2012,total,Phalacrocorax_atriceps,imperial_shag,monogamy,110,0,37,0,-43.08,-64.5,no,microsatellite,2004,2005,2,August,March,no,296,Phalacrocorax_atriceps,Phalacrocorax_atriceps,Leucocarbo_atriceps,Leucocarbo_atriceps,no_fam,no_fam,Pair,Pair,biparental,biparental,biparental,2087,2400,,1920,3341,2294.666667,1,0,0,0,0,0,NA,NA,NA,NA,0,PL,1,5,NA,NA,NA,NA,0,4,0,Non-territorial,Weak,-43.08,-64.5,Phalacrocorax_atriceps_-43.08_-64.5,monogamy,open,monogamy,monogamy,microsatellite,2,no,species_coordinates,0,37,0,110,biparental,biparental
366Minias2016,total,Phalacrocorax_carbo,great_cormorant,monogamy,124,10.5,30,30,51.73,18.63,no,microsatellite,2010,2011,2,March,NA,no,297,Phalacrocorax_carbo,Phalacrocorax_carbo,Phalacrocorax_carbo,Phalacrocorax_carbo,no_fam,no_fam,Pair,Pair,biparental,biparental,biparental,1673,3455,,1975,4380,2874.166667,1,0,0,0,0,0,Mono,NA,monogamy,Mono,0,"PL,M",1,7,NA,NA,NA,NA,1,4,0,Non-territorial,Weak,51.73,18.63,Phalacrocorax_carbo_51.73_18.63,monogamy,ground,monogamy,monogamy,microsatellite,2,no,species_coordinates,9,21,13,111,biparental,biparental
139Schamel2004,total,Phalaropus_lobatus,red-necked_phalarope,monogamy,226,1.8,63,6.3,66.55,-163.61,no,DNA_fingerprinting,1977,1999,23,June,July,no,298,Phalaropus_lobatus,Phalaropus_lobatus,Phalaropus_lobatus,Phalaropus_lobatus,no_fam,no_fam,Male only,Male only,uniparental,uniparental,uniparental,31.7,43.8,,29.2,38.3,35.16666667,0,1,1,1,1,0,Mono,Poly,mixed,MonoPoly,0,SC,3,4,NA,NA,NA,NA,2,4,1,Non-territorial,Strong,66.55,-163.61,Phalaropus_lobatus_66.55_-163.61,monogamy,ground,monogamy,monogamy,DNA_fingerprinting,23,no,species_coordinates,4,59,4,222,uniparental,uniparental
432Taylor2008,total,Philesturnus_carunculatus,saddleback,monogamy,202,0,39,0,-46.9,168.1,no,microsatellite,2001,2007,7,September,February,yes,299,Philesturnus_carunculatus,Philesturnus_carunculatus,Philesturnus_carunculatus,Philesturnus_carunculatus,no_fam,no_fam,Pair,Pair,biparental,biparental,biparental,64,83,,75.5,94,78.58333333,0,0,0,0,0,0,NA,NA,NA,NA,0,CP,1,3,NA,NA,NA,NA,0,4,0,Territorial,Weak,-46.9,168.1,Philesturnus_carunculatus_-46.9_168.1,monogamy,open,monogamy,monogamy,microsatellite,7,no,species_coordinates,0,39,0,202,biparental,biparental
259Huyvaert2000,total,Phoebastria_irrorata,waved_albatross,monogamy,16,25,16,25,-1.38,-89.62,no,DNA_fingerprinting,1996,1996,1,April,NA,single-year study,300,Phoebastria_irrorata,Phoebastria_irrorata,Phoebastria_irrorata,Phoebastria_irrorata,no_fam,no_fam,Pair,Pair,biparental,biparental,biparental,2700,3380,,3110,4390,3395,1,0,0,0,0,0,Mono,NA,monogamy,Mono,0,M,1,1,NA,NA,NA,NA,1,4,0,Non-territorial,Weak,-1.38,-89.62,Phoebastria_irrorata_-1.38_-89.62,monogamy,ground,monogamy,monogamy,DNA_fingerprinting,1,no,species_coordinates,4,12,4,12,biparental,biparental
259Huyvaert2006,total,Phoebastria_irrorata,waved_albatross,monogamy,154,16.9,154,16.9,-1.38,-89.62,no,DNA_fingerprinting,2000,2002,3,March,December,yes,300,Phoebastria_irrorata,Phoebastria_irrorata,Phoebastria_irrorata,Phoebastria_irrorata,no_fam,no_fam,Pair,Pair,biparental,biparental,biparental,2700,3380,,3110,4390,3395,1,0,0,0,0,0,Mono,NA,monogamy,Mono,0,M,1,1,NA,NA,NA,NA,1,4,0,Non-territorial,Weak,-1.38,-89.62,Phoebastria_irrorata_-1.38_-89.62,monogamy,ground,monogamy,monogamy,DNA_fingerprinting,3,no,species_coordinates,26,128,26,128,biparental,biparental
101Villavicencio2014,total,Phoenicurus_ochruros,black_redstart,monogamy,222,28.8,53,30.2,47.97,11.23,no,microsatellite,2010,2011,2,March,July,no,301,Phoenicurus_ochruros,Phoenicurus_ochruros,Phoenicurus_ochruros,Phoenicurus_ochruros,no_fam,no_fam,nk-coop,nk-coop,nk_cooperation,nk_cooperation,nk_cooperation,NA,NA,,NA,NA,16,0,0,0,0,0,0,Mono,NA,monogamy,Mono,1,"CP,CR",4,6,yes,16.7,Clements_name,NA,2,4,0,Territorial,Weak,47.97,11.23,Phoenicurus_ochruros_47.97_11.23,monogamy,cavity,monogamy,monogamy,microsatellite,2,no,species_coordinates,16,37,64,158,NA,NA
346Kleven2007,total,Phoenicurus_phoenicurus,common_redstart,monogamy,253,2,38,10.5,62.47,11.8,yes,microsatellite,2002,2006,5,May,June,yes,302,Phoenicurus_phoenicurus,Phoenicurus_phoenicurus,Phoenicurus_phoenicurus,Phoenicurus_phoenicurus,no_fam,no_fam,Pair,Pair,biparental,biparental,biparental,9,21,,10,19,15.5,0,0,1,0,1,0,Mono,Poly,mixed,MonoPoly,0,"CV,CR",5,8,NA,NA,NA,NA,0,4,0,Territorial,Strong,62.47,11.8,Phoenicurus_phoenicurus_62.47_11.8,monogamy,cavity,monogamy,monogamy,microsatellite,5,yes,species_coordinates,4,34,5,248,biparental,biparental
221Ewen2008,total,Phylidonyris_pyrrhopterus,crescent_honeyeater,monogamy,19,57.9,NA,NA,-39.03,146.33,no,microsatellite,1995,2000,6,November,February,no,303,Phylidonyris_pyrrhopterus,Phylidonyris_pyrrhopterus,Phylidonyris_pyrrhopterus,Phylidonyris_pyrrhopterus,no_fam,no_fam,Pair,Pair,biparental,biparental,biparental,12,20,,15,23,17.5,1,1,0,1,0,0,NA,NA,NA,NA,0,CP,1,3,NA,NA,NA,NA,3,4,0,Territorial,Weak,-39.03,146.33,Phylidonyris_pyrrhopterus_-39.03_146.33,monogamy,open,monogamy,monogamy,microsatellite,6,no,species_coordinates,NA,NA,11,8,biparental,biparental
470Forstmeier2002,total,Phylloscopus_fuscatus,dusky_warbler,monogamy,195,45.1,46,58.7,59.85,154.02,no,microsatellite,1998,1999,2,NA,NA,no,304,Phylloscopus_fuscatus,Phylloscopus_fuscatus,Phylloscopus_fuscatus,Phylloscopus_fuscatus,NA,no_fam,Pair,Pair,biparental,biparental,biparental,7,13.5,,6,11,9.916666667,0,0,1,1,0,0,NA,NA,NA,NA,0,SP,4,6,NA,NA,NA,NA,2,4,0,Territorial,Strong,59.85,154.02,Phylloscopus_fuscatus_59.85_154.02,monogamy,other_enclosed,monogamy,monogamy,microsatellite,2,no,species_coordinates,27,19,88,107,biparental,biparental
13Grendelmeier2017,total,Phylloscopus_sibilatrix,wood_warbler,monogamy,12,25,10,20,47.42,7.55,no,microsatellite,2013,2014,2,March,June,no,305,Phylloscopus_sibilatrix,Phylloscopus_sibilatrix,Phylloscopus_sibilatrix,Phylloscopus_sibilatrix,no_fam,no_fam,Pair,Pair,biparental,biparental,biparental,NA,NA,,NA,NA,10.7,0,0,1,1,0,0,Mono,Poly,mixed,MonoPoly,0,SP,2,10,NA,NA,NA,NA,2,4,0,Territorial,Strong,47.42,7.55,Phylloscopus_sibilatrix_47.42_7.55,monogamy,other_enclosed,monogamy,monogamy,microsatellite,2,no,species_coordinates,2,8,3,9,biparental,biparental
460Gyllensten1990,total,Phylloscopus_sibilatrix,wood_warbler,monogamy,56,0,13,0,59.32,18,no,DNA_fingerprinting,1986,1987,2,May,June,no,305,Phylloscopus_sibilatrix,Phylloscopus_sibilatrix,Phylloscopus_sibilatrix,Phylloscopus_sibilatrix,no_fam,no_fam,Pair,Pair,biparental,biparental,biparental,NA,NA,,NA,NA,10.7,0,0,1,1,0,0,Mono,Poly,mixed,MonoPoly,0,SP,2,10,NA,NA,NA,NA,2,4,0,Territorial,Strong,59.32,18,Phylloscopus_sibilatrix_59.32_18,monogamy,other_enclosed,monogamy,monogamy,DNA_fingerprinting,2,no,species_coordinates,0,13,0,56,biparental,biparental
18Fridolfsson1997,total,Phylloscopus_trochilus,willow_warbler,monogamy,68,27.9,12,58.3,56.92,18.12,no,microsatellite,1992,1993,2,April,July,yes,306,Phylloscopus_trochilus,Phylloscopus_trochilus,Phylloscopus_trochilus,Phylloscopus_trochilus,no_fam,no_fam,pair,Pair,biparental,biparental,biparental,7.3,10.2,,8.2,10.8,9.533333333,0,1,1,1,1,0,Mono,Poly,mixed,MonoPoly,0,SP,4,8,NA,NA,NA,NA,2,4,0,Territorial,Strong,56.92,18.12,Phylloscopus_trochilus_56.92_18.12,monogamy,other_enclosed,monogamy,monogamy,microsatellite,2,no,species_coordinates,7,5,19,49,biparental,biparental
122Gil2007,total,Phylloscopus_trochilus,willow_warbler,monogamy,200,23.5,34,47.1,56.28,-2.7,no,microsatellite,1994,1996,3,April,June,no,306,Phylloscopus_trochilus,Phylloscopus_trochilus,Phylloscopus_trochilus,Phylloscopus_trochilus,no_fam,no_fam,pair,Pair,biparental,biparental,biparental,7.3,10.2,,8.2,10.8,9.533333333,0,1,1,1,1,0,Mono,Poly,mixed,MonoPoly,0,SP,4,8,NA,NA,NA,NA,2,4,0,Territorial,Strong,56.28,-2.7,Phylloscopus_trochilus_56.28_-2.7,monogamy,other_enclosed,monogamy,monogamy,microsatellite,3,no,species_coordinates,16,18,47,153,biparental,biparental
460Gyllensten1990,total,Phylloscopus_trochilus,willow_warbler,monogamy,120,0,19,0,59.32,18,no,DNA_fingerprinting,1986,1987,2,April,July,no,306,Phylloscopus_trochilus,Phylloscopus_trochilus,Phylloscopus_trochilus,Phylloscopus_trochilus,no_fam,no_fam,pair,Pair,biparental,biparental,biparental,7.3,10.2,,8.2,10.8,9.533333333,0,1,1,1,1,0,Mono,Poly,mixed,MonoPoly,0,SP,4,8,NA,NA,NA,NA,2,4,0,Territorial,Strong,59.32,18,Phylloscopus_trochilus_59.32_18,monogamy,other_enclosed,monogamy,monogamy,DNA_fingerprinting,2,no,species_coordinates,0,19,0,120,biparental,biparental
332Li2009,total,Picoides_tridactylus,Eurasian_three-toed_woodpecker,monogamy,80,2.5,26,7.7,61.18,25.1,no,microsatellite,2004,2007,4,April,June,no,307,Picoides_tridactylus,Picoides_tridactylus,Picoides_tridactylus,Picoides_tridactylus,no_fam,no_fam,Pair,Pair,biparental,biparental,biparental,54,66,,65,74,63.5,0,0,0,0,0,0,Mono,NA,monogamy,Mono,0,CV,3,6,NA,NA,NA,NA,1,3,0,Territorial,Weak,61.18,25.1,Picoides_tridactylus_61.18_25.1,monogamy,cavity,monogamy,monogamy,microsatellite,4,no,species_coordinates,2,24,2,78,biparental,biparental
370Pechacek2005,total,Picoides_tridactylus,Eurasian_three-toed_woodpecker,monogamy,55,7.3,26,15.4,47.53,12.93,no,DNA_fingerprinting,1994,2004,11,May,June,no,307,Picoides_tridactylus,Picoides_tridactylus,Picoides_tridactylus,Picoides_tridactylus,no_fam,no_fam,Pair,Pair,biparental,biparental,biparental,54,66,,65,74,63.5,0,0,0,0,0,0,Mono,NA,monogamy,Mono,0,CV,3,6,NA,NA,NA,NA,1,3,0,Territorial,Weak,47.53,12.93,Picoides_tridactylus_47.53_12.93,monogamy,cavity,monogamy,monogamy,DNA_fingerprinting,11,no,species_coordinates,4,22,4,51,biparental,biparental
404Smith2016,total,Pipilo_maculatus,spotted_towhee,monogamy,575,26.3,228,44.3,45.5,-122.68,no,microsatellite,2004,2006,3,NA,NA,yes,308,Pipilo_maculatus,Pipilo_maculatus,Pipilo_maculatus,Pipilo_maculatus,no_fam,no_fam,Pair,Pair,NA,NA,NA,52.3,NA,,32.1,45.8,42.96,0,0,0,0,0,0,Mono,NA,monogamy,Mono,0,CP,2,6,NA,NA,NA,NA,2,4,0,Territorial,Weak,45.5,-122.68,Pipilo_maculatus_45.5_-122.68,monogamy,open,monogamy,monogamy,microsatellite,3,no,species_coordinates,101,127,151,424,NA,NA
356Klatt2008,total,Piranga_olivacea,scarlet_tanager,monogamy,54,16.7,17,29.4,41.77,-79.93,no,microsatellite,2001,2005,5,May,NA,no,309,Piranga_olivacea,Piranga_olivacea,Piranga_olivacea,Piranga_olivacea,no_fam,no_fam,Pair,Pair,biparental,biparental,biparental,32,38,,23.5,33,30.71666667,0,1,1,1,1,0,Mono,NA,monogamy,Mono,0,CP,3,5,NA,NA,NA,NA,1,4,0,Territorial,Strong,41.77,-79.93,Piranga_olivacea_41.77_-79.93,monogamy,open,monogamy,monogamy,microsatellite,5,no,species_coordinates,5,12,9,45,biparental,biparental
74Miño2011b,total,Platalea_ajaja,roseate_spoonbill,monogamy,74,2.7,37,5.4,NA,NA,no,microsatellite,2006,2008,3,NA,NA,no,310,Platalea_ajaja,Platalea_ajaja,Platalea_ajaja,Platalea_ajaja,no_fam,no_fam,Pair,Pair,biparental,biparental,biparental,1520,NA,,1430,NA,1475,1,0,0,0,0,0,Mono,NA,monogamy,Mono,0,PL,1,7,NA,NA,NA,NA,0,4,0,Non-territorial,Weak,NA,NA,Platalea_ajaja_74Miño2011b,monogamy,open,monogamy,monogamy,microsatellite,3,no,species_study_id_missing_coordinates,2,35,2,72,biparental,biparental
262Hoset2014,total,Plectrophenax_nivalis,snow_bunting,monogamy,380,10.8,91,20.9,78.22,15.63,yes,microsatellite,1999,2003,5,April,July,yes,311,Plectrophenax_nivalis,Plectrophenax_nivalis,Plectrophenax_nivalis,Plectrophenax_nivalis,no_fam,no_fam,Pair,Pair,biparental,biparental,biparental,29.6,41.7,,30.4,39,37.78333333,0,0,0,0,0,0,Mono,NA,monogamy,Mono,0,CR,2,8,NA,NA,NA,NA,1,4,0,Territorial,Strong,78.22,15.63,Plectrophenax_nivalis_78.22_15.63,monogamy,cavity,monogamy,monogamy,microsatellite,5,yes,species_coordinates,19,72,41,339,biparental,biparental
437Yezerinac2013,total,Pluvialis_dominica,American_golden_plover,monogamy,131,7.6,37,16.2,71.29,-156.8,no,microsatellite,2004,2009,6,June,July,yes,312,Pluvialis_dominica,Pluvialis_dominica,Pluvialis_dominica,Pluvialis_dominica,no_fam,no_fam,Pair,Pair,biparental,biparental,biparental,126,190,,122,194,154.3333333,0,0,0,0,0,0,Mono,NA,monogamy,Mono,0,SC,3,4,NA,NA,NA,NA,1,4,0,Non-territorial,Strong,71.29,-156.8,Pluvialis_dominica_71.29_-156.8,monogamy,ground,monogamy,monogamy,microsatellite,6,no,species_coordinates,6,31,10,121,biparental,biparental
156van Rooij2016,total,Poephila_acuticauda,long-tailed_finch,monogamy,391,12.8,101,25.7,-15.55,128,yes,microsatellite,2008,2010,3,March,September,yes,313,Poephila_acuticauda,Poephila_acuticauda,Poephila_acuticauda,Poephila_acuticauda,no_fam,no_fam,Pair,Pair,biparental,biparental,biparental,NA,NA,,NA,NA,14.05,0,0,0,0,0,0,NA,NA,NA,NA,3,SP,3,6,NA,NA,NA,NA,1,4,0,Territorial,Weak,-15.55,128,Poephila_acuticauda_-15.55_128,monogamy,other_enclosed,monogamy,monogamy,microsatellite,3,yes,species_coordinates,26,75,50,341,biparental,biparental
319Lettink2002,total,Porphyrio_hochstetteri,takahe,monogamy,27,0,9,0,NA,NA,no,DNA_fingerprinting,1998,1998,1,NA,NA,single-year study,314,Porphyrio_hochstetteri,Porphyrio_hochstetteri,Porphyrio_hochstetteri,Porphyrio_hochstetteri,coop_families,coop_families,Cooperation,Cooperation,cooperation,cooperation,cooperation,1850,2600,,2250,3250,2487.5,1,0,0,0,0,0,Mono,NA,monogamy,Mono,2,CP,1,3,NA,NA,NA,NA,0,4,0,Territorial,Weak,NA,NA,Porphyrio_hochstetteri_319Lettink2002,monogamy,open,monogamy,monogamy,DNA_fingerprinting,1,no,species_study_id_missing_coordinates,0,9,0,27,NA,NA
401Tarof2012,total,Progne_subis,purple_martin,monogamy,1235,22.1,297,46.1,42.13,-80.3,yes,microsatellite,2006,2008,3,May,August,no,315,Progne_subis,Progne_subis,Progne_subis,Progne_subis,no_fam,no_fam,Pair,Pair,biparental,biparental,biparental,43.1,64,,44,59.1,50.23333333,1,1,1,1,1,0,Mono,NA,monogamy,Mono,0,CR,2,8,NA,NA,NA,NA,1,4,0,Non-territorial,Weak,42.13,-80.3,Progne_subis_42.13_-80.3,monogamy,cavity,monogamy,monogamy,microsatellite,3,yes,species_coordinates,137,160,273,962,biparental,biparental
384Wagner1996,total,Progne_subis,purple_martin,monogamy,138,18.8,NA,NA,39.08,-76.57,yes,DNA_fingerprinting,1991,1993,3,April,July,no,315,Progne_subis,Progne_subis,Progne_subis,Progne_subis,no_fam,no_fam,Pair,Pair,biparental,biparental,biparental,43.1,64,,44,59.1,50.23333333,1,1,1,1,1,0,Mono,NA,monogamy,Mono,0,CR,2,8,NA,NA,NA,NA,1,4,0,Non-territorial,Weak,39.08,-76.57,Progne_subis_39.08_-76.57,monogamy,cavity,monogamy,monogamy,DNA_fingerprinting,3,yes,species_coordinates,NA,NA,26,112,biparental,biparental
318McFarlane2010,total,Promerops_cafer,cape_sugarbird,monogamy,185,64.9,104,70.2,-34,18.97,no,microsatellite,2003,2005,3,February,September,no,316,Promerops_cafer,Promerops_cafer,Promerops_cafer,Promerops_cafer,no_fam,no_fam,Pair,Pair,biparental,biparental,biparental,26,39,,30.5,43.5,34.75,1,1,0,0,0,0,Mono,NA,monogamy,Mono,0,CP,1,2,NA,NA,NA,NA,3,4,0,Territorial,Weak,-34,18.97,Promerops_cafer_-34_18.97,monogamy,open,monogamy,monogamy,microsatellite,3,no,species_coordinates,73,31,120,65,biparental,biparental
229Austin1996,total,Puffinus_tenuirostris,short-tailed_shearwater,monogamy,83,10.8,83,10.8,-43.1,147.42,no,DNA_fingerprinting,1992,1993,2,September,April,no,318,Puffinus_tenuirostris,Puffinus_tenuirostris,Ardenna_tenuirostris,Ardenna_tenuirostris,no_fam,no_fam,Pair,Pair,biparental,biparental,biparental,NA,NA,,NA,NA,695,1,0,0,0,0,0,Mono,NA,monogamy,Mono,0,BU,1,1,NA,NA,NA,NA,1,4,0,Non-territorial,Strong,-43.1,147.42,Puffinus_tenuirostris_-43.1_147.42,monogamy,cavity,monogamy,monogamy,DNA_fingerprinting,2,no,species_coordinates,9,74,9,74,biparental,biparental
28Pilastro2001,total,Pygoscelis_adeliae,adélie_penguin,monogamy,22,9.1,18,11.1,-74.35,165.13,no,DNA_fingerprinting,1998,1999,2,November,January,single-year study,319,Pygoscelis_adeliae,Pygoscelis_adeliae,Pygoscelis_adeliae,Pygoscelis_adeliae,no_fam,no_fam,pair,Pair,biparental,biparental,biparental,4700,NA,,5000,NA,5425,1,0,0,0,0,0,NA,NA,NA,NA,0,SC,2,2,no,4.7,Clements_name,NA,1,4,0,Non-territorial,Weak,-74.35,165.13,Pygoscelis_adeliae_-74.35_165.13,monogamy,ground,monogamy,monogamy,DNA_fingerprinting,2,no,species_coordinates,2,16,2,20,biparental,biparental
244Moreno2000,total,Pygoscelis_antarcticus,chinstrap_penguin,monogamy,76,0,38,0,-63,-60.67,no,DNA_fingerprinting,1998,1998,1,December,January,single-year study,320,Pygoscelis_antarcticus,Pygoscelis_antarcticus,Pygoscelis_antarcticus,Pygoscelis_antarcticus,no_fam,no_fam,Pair,Pair,biparental,biparental,biparental,3200,5300,,3200,4435,4105.833333,1,0,0,0,0,0,NA,NA,NA,NA,0,PL,2,2,NA,NA,NA,NA,0,4,0,Non-territorial,Weak,-63,-60.67,Pygoscelis_antarcticus_-63_-60.67,monogamy,open,monogamy,monogamy,DNA_fingerprinting,1,no,species_coordinates,0,38,0,76,biparental,biparental
298Dallimer2007,total,Quelea_quelea,red-billed_quelea,monogamy,56,21.4,37,32.4,-21.08,31.92,no,microsatellite,1998,1998,1,NA,NA,single-year study,321,Quelea_quelea,Quelea_quelea,Quelea_quelea,Quelea_quelea,NA,no_fam,Pair,Pair,biparental,biparental,biparental,10,31,,9,32,20.5,1,1,0,0,0,0,Mono,Poly,mixed,MonoPoly,0,SP,1,5,NA,NA,NA,NA,2,4,0,Territorial,Weak,-21.08,31.92,Quelea_quelea_-21.08_31.92,monogamy,other_enclosed,monogamy,monogamy,microsatellite,1,no,species_coordinates,12,25,12,44,biparental,biparental
454Krueger2008,total,Ramphocelus_costaricensis,Cherrie’s_tanager,monogamy,55,49.1,31,54.8,8.7,-83.2,no,microsatellite,2000,2001,2,January,July,no,322,Ramphocelus_costaricensis,Ramphocelus_costaricensis,Ramphocelus_passerinii,Ramphocelus_passerinii,NA,no_fam,NA,NA,NA,NA,NA,27,33.1,,25.5,35.4,30.58333333,0,1,1,0,0,0,NA,NA,NA,NA,0,CP,1,3,NA,NA,NA,NA,2,4,0,Territorial,Weak,8.7,-83.2,Ramphocelus_costaricensis_8.7_-83.2,monogamy,open,monogamy,monogamy,microsatellite,2,no,species_coordinates,17,14,27,28,NA,NA
7Ball 2017,total,Remiz_coronatus,white-crowned_penduline_tit,monogamy,29,0,5,0,42.42,70.48,no,microsatellite,2008,2008,1,April,July,single-year study,323,Remiz_coronatus,Remiz_coronatus,Remiz_coronatus,Remiz_coronatus,no_fam,no_fam,NA,Pair,NA,NA,NA,7.8,NA,,NA,NA,7.833333333,0,1,0,0,0,0,Mono,Poly,mixed,MonoPoly,0,PN,3,9,no,0,Clements_name,NA,0,4,0,Territorial,Strong,42.42,70.48,Remiz_coronatus_42.42_70.48,monogamy,other_enclosed,monogamy,monogamy,microsatellite,1,no,species_coordinates,0,5,0,29,NA,NA
228Hoffman2010,total,Rhipidura_fuliginosa,grey_fantail,monogamy,49,55.1,25,64,-35.45,149.28,no,microsatellite,2002,2005,4,September,February,yes,324,Rhipidura_fuliginosa,Rhipidura_fuliginosa,Rhipidura_albiscapa,Rhipidura_albiscapa,no_fam,no_fam,Pair,Pair,biparental,biparental,biparental,6,11.8,,6.8,10.5,8.433333333,0,0,0,0,0,0,NA,NA,NA,NA,0,CP,1,5,NA,NA,NA,NA,2,4,0,Territorial,Weak,-35.45,149.28,Rhipidura_fuliginosa_-35.45_149.28,monogamy,open,monogamy,monogamy,microsatellite,4,no,species_coordinates,16,9,27,22,biparental,biparental
293 Alves1998,total,Riparia_riparia,sand_martin,monogamy,167,13.8,45,35.6,56.2,-3.98,no,DNA_fingerprinting,1990,1992,3,April,August,no,325,Riparia_riparia,Riparia_riparia,Riparia_riparia,Riparia_riparia,no_fam,no_fam,Pair,Pair,biparental,biparental,biparental,10.2,18.8,,10.6,16.4,13.7,1,0,0,0,0,0,Mono,Poly,mixed,MonoPoly,0,BU,2,7,NA,NA,NA,NA,1,4,0,Non-territorial,Strong,56.2,-3.98,Riparia_riparia_56.2_-3.98,monogamy,cavity,monogamy,monogamy,DNA_fingerprinting,3,no,species_coordinates,16,29,23,144,biparental,biparental
211Augustin2007,total,Riparia_riparia,sand_martin,monogamy,168,20.2,41,36.6,48.3,21.08,no,DNA_fingerprinting,2002,2002,1,May,June,single-year study,325,Riparia_riparia,Riparia_riparia,Riparia_riparia,Riparia_riparia,no_fam,no_fam,Pair,Pair,biparental,biparental,biparental,10.2,18.8,,10.6,16.4,13.7,1,0,0,0,0,0,Mono,Poly,mixed,MonoPoly,0,BU,2,7,NA,NA,NA,NA,1,4,0,Non-territorial,Strong,48.3,21.08,Riparia_riparia_48.3_21.08,monogamy,cavity,monogamy,monogamy,DNA_fingerprinting,1,no,species_coordinates,15,26,34,134,biparental,biparental
165Helfenstein2004,total,Rissa_tridactyla,black-legged_kittiwake,monogamy,119,0,86,0,48.08,-4.58,no,microsatellite,1999,2001,3,March,July,no,326,Rissa_tridactyla,Rissa_tridactyla,Rissa_tridactyla,Rissa_tridactyla,no_fam,no_fam,Pair,Pair,biparental,biparental,biparental,305,540,,310,585,439.3333333,1,0,0,0,0,0,Mono,NA,monogamy,Mono,0,HC,1,3,NA,NA,NA,NA,0,4,0,Non-territorial,Weak,48.08,-4.58,Rissa_tridactyla_48.08_-4.58,monogamy,open,monogamy,monogamy,microsatellite,3,no,species_coordinates,0,86,0,119,biparental,biparental
31Beheler2003,total,Sayornis_phoebe,Eastern_phoebe,monogamy,769,5.1,174,9.2,38.9,-86.9,no,microsatellite,1998,2000,3,March,July,no,327,Sayornis_phoebe,Sayornis_phoebe,Sayornis_phoebe,Sayornis_phoebe,no_fam,no_fam,Pair,Pair,biparental,biparental,biparental,16.7,20.5,,19.4,20,19.13333333,0,0,0,0,0,0,Mono,Poly,mixed,MonoPoly,0,NA,2,6,NA,NA,NA,NA,1,4,0,Territorial,Strong,38.9,-86.9,Sayornis_phoebe_38.9_-86.9,monogamy,NA,monogamy,monogamy,microsatellite,3,no,species_coordinates,16,158,39,730,biparental,biparental
245Conrad1998,total,Sayornis_phoebe,Eastern_phoebe,monogamy,76,11.8,20,20,44.57,-76.32,no,DNA_fingerprinting,1993,1994,2,April,August,no,327,Sayornis_phoebe,Sayornis_phoebe,Sayornis_phoebe,Sayornis_phoebe,no_fam,no_fam,Pair,Pair,biparental,biparental,biparental,16.7,20.5,,19.4,20,19.13333333,0,0,0,0,0,0,Mono,Poly,mixed,MonoPoly,0,NA,2,6,NA,NA,NA,NA,1,4,0,Territorial,Strong,44.57,-76.32,Sayornis_phoebe_44.57_-76.32,monogamy,NA,monogamy,monogamy,DNA_fingerprinting,2,no,species_coordinates,4,16,9,67,biparental,biparental
108Voigt2003,total,Serinus_canaria,canary,monogamy,45,0,15,0,32.58,-16.47,no,DNA_fingerprinting,1996,1997,2,February,June,no,328,Serinus_canaria,Serinus_canaria,Serinus_canaria,Serinus_canaria,no_fam,no_fam,Pair,Pair,biparental,biparental,biparental,NA,NA,,20.1,29.8,21.225,0,0,0,0,0,0,Mono,NA,monogamy,Mono,0,CP,3,4,NA,NA,NA,NA,0,4,0,Territorial,Weak,32.58,-16.47,Serinus_canaria_32.58_-16.47,monogamy,open,monogamy,monogamy,DNA_fingerprinting,2,no,species_coordinates,0,15,0,45,biparental,biparental
306Hoi-Leitner1999,total,Serinus_serinus,serin,monogamy,139,9.4,47,14.9,37.87,-3.92,no,DNA_fingerprinting,1995,1997,3,February,July,no,329,Serinus_serinus,Serinus_serinus,Serinus_serinus,Serinus_serinus,NA,no_fam,Pair,Pair,biparental,biparental,biparental,NA,NA,,NA,NA,11.25,1,1,1,1,1,0,Mono,NA,monogamy,Mono,0,PL,3,4,NA,NA,NA,NA,1,4,0,Territorial,Weak,37.87,-3.92,Serinus_serinus_37.87_-3.92,monogamy,open,monogamy,monogamy,DNA_fingerprinting,3,no,species_coordinates,7,40,13,126,biparental,biparental
354Mota2003,total,Serinus_serinus,serin,monogamy,61,0,21,0,40.17,-8.55,no,DNA_fingerprinting,1991,1993,3,March,July,no,329,Serinus_serinus,Serinus_serinus,Serinus_serinus,Serinus_serinus,NA,no_fam,Pair,Pair,biparental,biparental,biparental,NA,NA,,NA,NA,11.25,1,1,1,1,1,0,Mono,NA,monogamy,Mono,0,PL,3,4,NA,NA,NA,NA,1,4,0,Territorial,Weak,40.17,-8.55,Serinus_serinus_40.17_-8.55,monogamy,open,monogamy,monogamy,DNA_fingerprinting,3,no,species_coordinates,0,21,0,61,biparental,biparental
360Kappes2009,total,Setophaga_ruticilla,American_redstart,monogamy,81,44.4,28,64.3,41.77,-79.93,no,microsatellite,2002,2003,2,May,July,yes,330,Setophaga_ruticilla,Setophaga_ruticilla,Setophaga_ruticilla,Setophaga_ruticilla,no_fam,no_fam,Pair,Pair,biparental,biparental,biparental,6.4,10,,6.5,10.2,8.275,0,1,0,1,1,0,Mono,NA,monogamy,Mono,0,CP,1,5,NA,NA,NA,NA,2,4,0,Territorial,Strong,41.77,-79.93,Setophaga_ruticilla_41.77_-79.93,monogamy,open,monogamy,monogamy,microsatellite,2,no,species_coordinates,18,10,36,45,biparental,biparental
428Perreault1997,total,Setophaga_ruticilla,American_redstart,monogamy,108,39.8,32,59.4,45.07,-67.03,no,DNA_fingerprinting,1987,1989,3,May,July,yes,330,Setophaga_ruticilla,Setophaga_ruticilla,Setophaga_ruticilla,Setophaga_ruticilla,no_fam,no_fam,Pair,Pair,biparental,biparental,biparental,6.4,10,,6.5,10.2,8.275,0,1,0,1,1,0,Mono,NA,monogamy,Mono,0,CP,1,5,NA,NA,NA,NA,2,4,0,Territorial,Strong,45.07,-67.03,Setophaga_ruticilla_45.07_-67.03,monogamy,open,monogamy,monogamy,DNA_fingerprinting,3,no,species_coordinates,19,13,43,65,biparental,biparental
329Reudink2009,total,Setophaga_ruticilla,American_redstart,monogamy,239,23.4,75,42.7,44.57,-76.32,no,microsatellite,2004,2007,4,May,July,no,330,Setophaga_ruticilla,Setophaga_ruticilla,Setophaga_ruticilla,Setophaga_ruticilla,no_fam,no_fam,Pair,Pair,biparental,biparental,biparental,6.4,10,,6.5,10.2,8.275,0,1,0,1,1,0,Mono,NA,monogamy,Mono,0,CP,1,5,NA,NA,NA,NA,2,4,0,Territorial,Strong,44.57,-76.32,Setophaga_ruticilla_44.57_-76.32,monogamy,open,monogamy,monogamy,microsatellite,4,no,species_coordinates,32,43,56,183,biparental,biparental
417Balenger2009,total,Sialia_currucoides,mountain_bluebird,monogamy,465,36.3,92,71.7,44.63,-107,yes,microsatellite,2004,2005,2,May,July,no,331,Sialia_currucoides,Sialia_currucoides,Sialia_currucoides,Sialia_currucoides,no_fam,no_fam,pair,Pair,biparental,biparental,biparental,24,37,,25,34.3,30.075,0,1,0,0,0,0,NA,NA,NA,NA,3,CP,5,6,NA,NA,NA,NA,2,4,0,Territorial,Strong,44.63,-107,Sialia_currucoides_44.63_-107,monogamy,open,monogamy,monogamy,microsatellite,2,yes,species_coordinates,66,26,169,296,biparental,biparental
151O’Brien2011,total,Sialia_currucoides,mountain_bluebird,monogamy,900,32,177,65,51,-122,yes,microsatellite,2006,2008,3,April,NA,no,331,Sialia_currucoides,Sialia_currucoides,Sialia_currucoides,Sialia_currucoides,no_fam,no_fam,pair,Pair,biparental,biparental,biparental,24,37,,25,34.3,30.075,0,1,0,0,0,0,NA,NA,NA,NA,3,CP,5,6,NA,NA,NA,NA,2,4,0,Territorial,Strong,51,-122,Sialia_currucoides_51_-122,monogamy,open,monogamy,monogamy,microsatellite,3,yes,species_coordinates,115,62,288,612,biparental,biparental
403Meek1994,total,Sialia_sialis,Eastern_bluebird,monogamy,83,8.4,21,23.8,44.57,-76.32,yes,DNA_fingerprinting,1989,1991,3,NA,NA,no,332,Sialia_sialis,Sialia_sialis,Sialia_sialis,Sialia_sialis,family,family,pair,Pair,biparental,biparental,biparental,29,32,,28,31,29.88333333,1,1,0,0,0,0,Mono,Poly,mixed,MonoPoly,3,CP,4,5,NA,NA,NA,NA,1,4,0,Territorial,Weak,44.57,-76.32,Sialia_sialis_44.57_-76.32,monogamy,open,monogamy,monogamy,DNA_fingerprinting,3,yes,species_coordinates,5,16,7,76,biparental,biparental
176Segelbacher2005,total,Sitta_europaea,European_nuthatch,monogamy,188,9.6,32,37.5,48.53,9.05,yes,microsatellite,1995,1999,5,April,May,no,333,Sitta_europaea,Sitta_europaea,Sitta_europaea,Sitta_europaea,no_fam,no_fam,Pair,Pair,biparental,biparental,biparental,10.3,30.5,,15.5,28,21.51666667,0,1,0,1,0,0,Mono,NA,monogamy,Mono,0,"CV,CR,O",4,13,NA,NA,NA,NA,1,4,0,Territorial,Weak,48.53,9.05,Sitta_europaea_48.53_9.05,monogamy,cavity,monogamy,monogamy,microsatellite,5,yes,species_coordinates,12,20,18,170,biparental,biparental
310Schwartz1999,total,Spheniscus_humboldti,Humboldt_penguin,monogamy,49,0,21,0,-15.37,-75.2,no,DNA_fingerprinting,1995,1995,1,March,December,single-year study,334,Spheniscus_humboldti,Spheniscus_humboldti,Spheniscus_humboldti,Spheniscus_humboldti,no_fam,no_fam,Pair,Pair,biparental,biparental,biparental,2950,5400,,3450,6000,4416.666667,1,0,0,0,0,0,NA,NA,NA,NA,0,"BU,CR",2,2,NA,NA,NA,NA,0,4,0,Non-territorial,Weak,-15.37,-75.2,Spheniscus_humboldti_-15.37_-75.2,monogamy,cavity,monogamy,monogamy,DNA_fingerprinting,1,no,species_coordinates,0,21,0,49,biparental,biparental
43Sousa2013,total,Spiza_americana,dickcissel,monogamy,218,38.5,92,52.2,39.08,-96.58,no,microsatellite,2006,2007,2,May,August,no,335,Spiza_americana,Spiza_americana,Spiza_americana,Spiza_americana,no_fam,no_fam,Female only,Female only,uniparental,uniparental,uniparental,21.8,36,,25,42.24,31.26,0,1,0,0,1,0,Mono,Poly,mixed,MonoPoly,0,CP,3,7,NA,NA,NA,NA,3,4,0,Territorial,Strong,39.08,-96.58,Spiza_americana_39.08_-96.58,monogamy,open,monogamy,monogamy,microsatellite,2,no,species_coordinates,48,44,84,134,uniparental,uniparental
3Celis-Murillo2017,total,Spizella_pusilla,field_sparrow,monogamy,308,9.7,80,40,40.2,-87.72,no,microsatellite,2012,2014,3,May,July,no,336,Spizella_pusilla,Spizella_pusilla,Spizella_pusilla,Spizella_pusilla,no_fam,no_fam,Pair,Pair,biparental,biparental,biparental,11.4,14,,11.5,15,13.81666667,0,0,0,0,0,0,NA,NA,NA,NA,0,CP,2,6,NA,NA,NA,NA,1,4,0,Territorial,Weak,40.2,-87.72,Spizella_pusilla_40.2_-87.72,monogamy,open,monogamy,monogamy,microsatellite,3,no,species_coordinates,32,48,30,278,biparental,biparental
127Dlehanty1998,total,Steganopus_tricolor,Wilson’s_phalarope,monogamy,43,0,15,0,51.45,-105.17,no,DNA_fingerprinting,1990,1990,1,June,August,single-year study,337,Steganopus_tricolor,Steganopus_tricolor,Phalaropus_tricolor,Phalaropus_tricolor,no_fam,no_fam,Male only,Male only,uniparental,uniparental,uniparental,46,128,,35,103,78,0,0,0,0,0,0,NA,Poly,polygamy,Poly,0,SC,4,4,NA,NA,NA,NA,2,4,1,Non-territorial,Strong,51.45,-105.17,Steganopus_tricolor_51.45_-105.17,monogamy,ground,monogamy,monogamy,DNA_fingerprinting,1,no,species_coordinates,0,15,0,43,uniparental,uniparental
223Gonzalez-Solis2001,total,Sterna_hirundo,common_tern,monogamy,102,1,34,2.9,53.52,8.08,no,DNA_fingerprinting,1999,1999,1,April,June,single-year study,338,Sterna_hirundo,Sterna_hirundo,Sterna_hirundo,Sterna_hirundo,family,family,pair,Pair,biparental,biparental,biparental,117,128,,116.5,124,125.75,1,0,0,0,1,0,Mono,NA,monogamy,Mono,3,SC,2,3,no,0,Clements_name,NA,0,4,0,Non-territorial,Strong,53.52,8.08,Sterna_hirundo_53.52_8.08,monogamy,ground,monogamy,monogamy,DNA_fingerprinting,1,no,species_coordinates,1,33,1,101,biparental,biparental
303Griggio2004,total,Sterna_hirundo,common_tern,monogamy,29,0,10,0,45.35,12.27,no,DNA_fingerprinting,1996,1998,3,May,July,no,338,Sterna_hirundo,Sterna_hirundo,Sterna_hirundo,Sterna_hirundo,family,family,pair,Pair,biparental,biparental,biparental,117,128,,116.5,124,125.75,1,0,0,0,1,0,Mono,NA,monogamy,Mono,3,SC,2,3,no,0,Clements_name,NA,0,4,0,Non-territorial,Strong,45.35,12.27,Sterna_hirundo_45.35_12.27,monogamy,ground,monogamy,monogamy,DNA_fingerprinting,3,no,species_coordinates,0,10,0,29,biparental,biparental
467Saladin2007,total,Strix_aluco,tawny_owl,monogamy,137,0.7,37,2.7,46,6,yes,microsatellite,2004,2004,1,January,NA,single-year study,339,Strix_aluco,Strix_aluco,Strix_aluco,Strix_aluco,no_fam,no_fam,Pair,Pair,biparental,biparental,biparental,415,620,,385,500,480,0,0,0,0,0,0,Mono,NA,monogamy,Mono,0,"CR,CV,O",2,9,NA,NA,NA,NA,0,4,0,Territorial,Weak,46,6,Strix_aluco_46_6,monogamy,cavity,monogamy,monogamy,microsatellite,1,yes,species_coordinates,1,36,1,136,biparental,biparental
358Cordero2003,total,Sturnus_unicolor,spotless_starling,monogamy,334,15.9,96,41.7,40.5,-4,yes,DNA_fingerprinting,1996,1997,2,April,NA,yes,340,Sturnus_unicolor,Sturnus_unicolor,Sturnus_unicolor,Sturnus_unicolor,no_fam,no_fam,Pair,Pair,biparental,biparental,biparental,90.2,NA,,94.1,NA,88.575,1,1,0,0,0,0,Mono,Poly,mixed,MonoPoly,0,O,3,5,NA,NA,NA,NA,1,4,0,Non-territorial,Weak,40.5,-4,Sturnus_unicolor_40.5_-4,monogamy,open,monogamy,monogamy,DNA_fingerprinting,2,yes,species_coordinates,40,56,53,281,biparental,biparental
147García-Vigón2008,total,Sturnus_unicolor,spotless_starling,monogamy,202,15.3,56,48.2,40.5,-4,yes,microsatellite,1998,2000,3,April,NA,no,340,Sturnus_unicolor,Sturnus_unicolor,Sturnus_unicolor,Sturnus_unicolor,no_fam,no_fam,Pair,Pair,biparental,biparental,biparental,90.2,NA,,94.1,NA,88.575,1,1,0,0,0,0,Mono,Poly,mixed,MonoPoly,0,O,3,5,NA,NA,NA,NA,1,4,0,Non-territorial,Weak,40.5,-4,Sturnus_unicolor_40.5_-4,monogamy,open,monogamy,monogamy,microsatellite,3,yes,species_coordinates,27,29,31,171,biparental,biparental
22Loyau2005,total,Sturnus_vulgaris,common_starling,monogamy,196,16.8,48,43.8,46.52,6.57,yes,microsatellite,2001,2002,2,April,June,yes,341,Sturnus_vulgaris,Sturnus_vulgaris,Sturnus_vulgaris,Sturnus_vulgaris,no_fam,no_fam,Pair,Pair,biparental,biparental,biparental,62.2,97,,66,106,81.03333333,0,0,0,0,0,0,Mono,Poly,mixed,MonoPoly,3,CV,4,7,no,1.1,Clements_name,NA,2,4,0,Non-territorial,Weak,46.52,6.57,Sturnus_vulgaris_46.52_6.57,monogamy,cavity,monogamy,monogamy,microsatellite,2,yes,species_coordinates,21,27,33,163,biparental,biparental
390Pinxten1993,total,Sturnus_vulgaris,common_starling,monogamy,62,9.7,14,28.6,51.22,4.67,yes,DNA_fingerprinting,1988,1989,2,April,June,yes,341,Sturnus_vulgaris,Sturnus_vulgaris,Sturnus_vulgaris,Sturnus_vulgaris,no_fam,no_fam,Pair,Pair,biparental,biparental,biparental,62.2,97,,66,106,81.03333333,0,0,0,0,0,0,Mono,Poly,mixed,MonoPoly,3,CV,4,7,no,1.1,Clements_name,NA,2,4,0,Non-territorial,Weak,51.22,4.67,Sturnus_vulgaris_51.22_4.67,monogamy,cavity,monogamy,monogamy,DNA_fingerprinting,2,yes,species_coordinates,4,10,6,56,biparental,biparental
183Smith1998,total,Sturnus_vulgaris,common_starling,monogamy,157,15.9,37,40.5,55.72,13.45,yes,DNA_fingerprinting,1991,1997,7,April,June,no,341,Sturnus_vulgaris,Sturnus_vulgaris,Sturnus_vulgaris,Sturnus_vulgaris,no_fam,no_fam,Pair,Pair,biparental,biparental,biparental,62.2,97,,66,106,81.03333333,0,0,0,0,0,0,Mono,Poly,mixed,MonoPoly,3,CV,4,7,no,1.1,Clements_name,NA,2,4,0,Non-territorial,Weak,55.72,13.45,Sturnus_vulgaris_55.72_13.45,monogamy,cavity,monogamy,monogamy,DNA_fingerprinting,7,yes,species_coordinates,15,22,25,132,biparental,biparental
320Baumgarten2001,total,Sula_dactylatra,masked_booby,monogamy,6,0,6,0,-18.17,-39.33,no,DNA_fingerprinting,1996,1997,2,September,October,no,342,Sula_dactylatra,Sula_dactylatra,Sula_dactylatra,Sula_dactylatra,no_fam,no_fam,Pair,Pair,biparental,biparental,biparental,1375,2353,,1220,2211,1811.8,1,0,0,0,0,0,NA,NA,NA,NA,0,SC,1,2,NA,NA,NA,NA,0,4,0,Non-territorial,Weak,-18.17,-39.33,Sula_dactylatra_-18.17_-39.33,monogamy,ground,monogamy,monogamy,DNA_fingerprinting,2,no,species_coordinates,0,6,0,6,biparental,biparental
126Anderson2006,total,Sula_granti,Nazca_booby,monogamy,32,0,21,0,-1.33,-89.67,no,DNA_fingerprinting,1990,1990,1,NA,NA,single-year study,343,Sula_granti,Sula_granti,Sula_granti,Sula_granti,NA,NA,NA,NA,NA,NA,NA,1470,2350,,1220,1970,1752.5,1,0,0,0,0,0,NA,NA,NA,NA,0,NA,1,2,no,0,Clements_name,NA,0,4,0,Non-territorial,Weak,-1.33,-89.67,Sula_granti_-1.33_-89.67,monogamy,NA,monogamy,monogamy,DNA_fingerprinting,1,no,species_coordinates,0,21,0,32,NA,NA
12Ramos2014,total,Sula_nebouxii,blue-footed_booby,monogamy,799,6.9,453,10.6,21.87,-105.9,no,microsatellite,2011,2011,1,February,July,single-year study,344,Sula_nebouxii,Sula_nebouxii,Sula_nebouxii,Sula_nebouxii,no_fam,no_fam,Pair,Pair,biparental,biparental,biparental,1450,2230,,1100,1580,1590,1,0,0,0,0,0,NA,NA,NA,NA,0,NA,1,3,NA,NA,NA,NA,1,4,0,Non-territorial,Weak,21.87,-105.9,Sula_nebouxii_21.87_-105.9,monogamy,NA,monogamy,monogamy,microsatellite,1,no,species_coordinates,48,405,55,744,biparental,biparental
352Baião2009,total,Sula_sula,red-footed_booby,monogamy,14,0,14,0,-1.33,-89.67,no,DNA_fingerprinting,2005,2005,1,NA,NA,single-year study,345,Sula_sula,Sula_sula,Sula_sula,Sula_sula,family,family,Cooperation,Cooperation,cooperation,cooperation,cooperation,1131,1218,,1028,NA,1086.6,1,0,0,0,0,0,Mono,NA,monogamy,Mono,0,PL,1,1,yes,20,Clements_name,NA,0,4,0,Non-territorial,Weak,-1.33,-89.67,Sula_sula_-1.33_-89.67,monogamy,open,monogamy,monogamy,DNA_fingerprinting,1,no,species_coordinates,0,14,0,14,NA,NA
347Moore1999,total,Tachycineta_albilinea,mangrove_swallow,monogamy,97,15.5,31,25.8,9.17,-79.85,yes,DNA_fingerprinting/microsatellite,1996,1996,1,January,July,single-year study,346,Tachycineta_albilinea,Tachycineta_albilinea,Tachycineta_albilinea,Tachycineta_albilinea,NA,no_fam,Pair,Pair,biparental,biparental,biparental,13.6,16,,10,14,14.26666667,0,0,0,1,0,0,Mono,NA,monogamy,Mono,0,"CV,O",3,5,NA,NA,NA,NA,1,4,0,Non-territorial,Weak,9.17,-79.85,Tachycineta_albilinea_9.17_-79.85,monogamy,cavity,monogamy,monogamy,mixed_other,1,yes,species_coordinates,8,23,15,82,biparental,biparental
59Barber1996,total,Tachycineta_bicolor,tree_swallow,monogamy,111,68.5,25,84,44.7,-76.2,no,DNA_fingerprinting,1992,1993,2,June,June,yes,167,Tachycineta_bicolor,Tachycineta_bicolor,Tachycineta_bicolor,Tachycineta_bicolor,no_fam,no_fam,pair,Pair,biparental,biparental,biparental,NA,NA,,20,21,20.875,0,1,1,1,1,0,Mono,Poly,mixed,MonoPoly,0,CV,2,8,NA,NA,NA,NA,2,4,0,Non-territorial,Strong,44.7,-76.2,Tachycineta_bicolor_44.7_-76.2,monogamy,cavity,monogamy,monogamy,DNA_fingerprinting,2,no,species_coordinates,21,4,76,35,biparental,biparental
59Barber1996,total,Tachycineta_bicolor,tree_swallow,monogamy,172,55.8,39,71.8,44.7,-76.2,yes,DNA_fingerprinting,1990,1991,2,April,June,yes,167,Tachycineta_bicolor,Tachycineta_bicolor,Tachycineta_bicolor,Tachycineta_bicolor,no_fam,no_fam,pair,Pair,biparental,biparental,biparental,NA,NA,,20,21,20.875,0,1,1,1,1,0,Mono,Poly,mixed,MonoPoly,0,CV,2,8,NA,NA,NA,NA,2,4,0,Non-territorial,Strong,44.7,-76.2,Tachycineta_bicolor_44.7_-76.2,monogamy,cavity,monogamy,monogamy,DNA_fingerprinting,2,yes,species_coordinates,28,11,96,76,biparental,biparental
244Conrad2001,total,Tachycineta_bicolor,tree_swallow,monogamy,529,51.4,106,74.5,44.57,-76.32,yes,microsatellite,1990,1995,6,April,June,no,167,Tachycineta_bicolor,Tachycineta_bicolor,Tachycineta_bicolor,Tachycineta_bicolor,no_fam,no_fam,pair,Pair,biparental,biparental,biparental,NA,NA,,20,21,20.875,0,1,1,1,1,0,Mono,Poly,mixed,MonoPoly,0,CV,2,8,NA,NA,NA,NA,2,4,0,Non-territorial,Strong,44.57,-76.32,Tachycineta_bicolor_44.57_-76.32,monogamy,cavity,monogamy,monogamy,microsatellite,6,yes,species_coordinates,79,27,272,257,biparental,biparental
244Conrad2001,total,Tachycineta_bicolor,tree_swallow,monogamy,67,55.2,13,84.6,44.58,-66.77,yes,microsatellite,1993,1993,1,April,June,single-year study,167,Tachycineta_bicolor,Tachycineta_bicolor,Tachycineta_bicolor,Tachycineta_bicolor,no_fam,no_fam,pair,Pair,biparental,biparental,biparental,NA,NA,,20,21,20.875,0,1,1,1,1,0,Mono,Poly,mixed,MonoPoly,0,CV,2,8,NA,NA,NA,NA,2,4,0,Non-territorial,Strong,44.58,-66.77,Tachycineta_bicolor_44.58_-66.77,monogamy,cavity,monogamy,monogamy,microsatellite,1,yes,species_coordinates,11,2,37,30,biparental,biparental
243Delmore2008,total,Tachycineta_bicolor,tree_swallow,monogamy,365,47.9,67,82.1,44.57,-76.32,yes,microsatellite,2006,2006,1,April,June,single-year study,167,Tachycineta_bicolor,Tachycineta_bicolor,Tachycineta_bicolor,Tachycineta_bicolor,no_fam,no_fam,pair,Pair,biparental,biparental,biparental,NA,NA,,20,21,20.875,0,1,1,1,1,0,Mono,Poly,mixed,MonoPoly,0,CV,2,8,NA,NA,NA,NA,2,4,0,Non-territorial,Strong,44.57,-76.32,Tachycineta_bicolor_44.57_-76.32,monogamy,cavity,monogamy,monogamy,microsatellite,1,yes,species_coordinates,55,12,175,190,biparental,biparental
368Dunn2006,total,Tachycineta_bicolor,tree_swallow,monogamy,NA,NA,23,69.6,43.38,-88.02,yes,microsatellite,2001,2002,2,April,May,no,167,Tachycineta_bicolor,Tachycineta_bicolor,Tachycineta_bicolor,Tachycineta_bicolor,no_fam,no_fam,pair,Pair,biparental,biparental,biparental,NA,NA,,20,21,20.875,0,1,1,1,1,0,Mono,Poly,mixed,MonoPoly,0,CV,2,8,NA,NA,NA,NA,2,4,0,Non-territorial,Strong,43.38,-88.02,Tachycineta_bicolor_43.38_-88.02,monogamy,cavity,monogamy,monogamy,microsatellite,2,yes,species_coordinates,16,7,NA,NA,biparental,biparental
21Lessard2014,total,Tachycineta_bicolor,tree_swallow,monogamy,3438,49,587,84,45,-74,yes,microsatellite,2007,2010,4,April,June,yes,167,Tachycineta_bicolor,Tachycineta_bicolor,Tachycineta_bicolor,Tachycineta_bicolor,no_fam,no_fam,pair,Pair,biparental,biparental,biparental,NA,NA,,20,21,20.875,0,1,1,1,1,0,Mono,Poly,mixed,MonoPoly,0,CV,2,8,NA,NA,NA,NA,2,4,0,Non-territorial,Strong,45,-74,Tachycineta_bicolor_45_-74,monogamy,cavity,monogamy,monogamy,microsatellite,4,yes,species_coordinates,493,94,1685,1753,biparental,biparental
375Bitton2007,total,Tachycineta_bicolor,tree_swallow,monogamy,216,35.2,40,85,53,-123,yes,microsatellite,2004,2004,1,April,June,single-year study,167,Tachycineta_bicolor,Tachycineta_bicolor,Tachycineta_bicolor,Tachycineta_bicolor,no_fam,no_fam,pair,Pair,biparental,biparental,biparental,NA,NA,,20,21,20.875,0,1,1,1,1,0,Mono,Poly,mixed,MonoPoly,0,CV,2,8,NA,NA,NA,NA,2,4,0,Non-territorial,Strong,53,-123,Tachycineta_bicolor_53_-123,monogamy,cavity,monogamy,monogamy,microsatellite,1,yes,species_coordinates,34,6,76,140,biparental,biparental
311Stapleton2007,total,Tachycineta_bicolor,tree_swallow,monogamy,502,47.2,99,82.8,44.57,-76.32,yes,microsatellite,1997,2003,7,April,June,no,167,Tachycineta_bicolor,Tachycineta_bicolor,Tachycineta_bicolor,Tachycineta_bicolor,no_fam,no_fam,pair,Pair,biparental,biparental,biparental,NA,NA,,20,21,20.875,0,1,1,1,1,0,Mono,Poly,mixed,MonoPoly,0,CV,2,8,NA,NA,NA,NA,2,4,0,Non-territorial,Strong,44.57,-76.32,Tachycineta_bicolor_44.57_-76.32,monogamy,cavity,monogamy,monogamy,microsatellite,7,yes,species_coordinates,82,17,237,265,biparental,biparental
432Taylor2008,total,Petroica_australis,New_Zealand_robin,monogamy,NA,NA,54,1.9,-45,168,no,microsatellite,2001,2005,5,NA,NA,yes,291,Petroica_australis,Petroica_australis,Petroica_longipes,Petroica_longipes,no_fam,no_fam,Pair,Pair,biparental,biparental,biparental,25.9,31.5,,26.7,35,29.775,0,0,0,0,0,0,Mono,NA,monogamy,Mono,0,CP,1,3,NA,NA,NA,NA,0,4,0,Territorial,Weak,-45,168,Petroica_australis_-45_168,monogamy,open,monogamy,monogamy,microsatellite,5,no,species_coordinates,1,53,NA,NA,biparental,biparental
485Gregory2018,total,Tympanuchus_cupido,greater_prairie-chicken,lekking,230,25.2,28,17.8,NA,NA,no,microsatellite,2007,2010,4,March,April,NA,281,Tympanuchus_cupido,Tympanuchus_cupido,Tympanuchus_cupido,Tympanuchus_cupido,no_fam,no_fam,Female only,Female only,uniparental,uniparental,uniparental,709,885,,760,1135,872.25,0,1,0,0,0,1,NA,Poly,polygamy,Poly,0,SC,5,17,NA,NA,NA,NA,4,4,0,Non-territorial,Weak,NA,NA,Tympanuchus_cupido_485Gregory2018,polygamy,ground,polygamy,polygamy,microsatellite,4,no,species_study_id_missing_coordinates,5,23,58,172,uniparental,uniparental
486Turjeman2021,total,Coloeus_monedula,Eurasian_jackdaw,monogamy,28,NA,13,15.4,31.6597,34.8797,yes,microsatellite,2012,2015,4,NA,NA,NA,348,Corvus_monedula,Corvus_monedula,Coloeus_monedula,Coloeus_monedula,no_fam,no_fam,Pair,Pair,biparental,biparental,biparental,NA,NA,,NA,NA,200.5,1,1,0,0,0,0,Mono,NA,monogamy,Mono,0,CV,3,7,no,0,Scientific_name_amended,NA,0,4,0,Non-territorial,Weak,31.66,34.88,Coloeus_monedula_31.66_34.88,monogamy,cavity,monogamy,monogamy,microsatellite,4,yes,species_coordinates,2,11,NA,NA,biparental,biparental
487Chamberlain2025,total,Molothrus_ater,Brown-headed_cowbird,no social bond,7,NA,NA,NA,40.1983,-87.725,no,microsatellite,2022,2024,3,April,July,NA,252,Molothrus_ater,Molothrus_ater,Molothrus_ater,Molothrus_ater,family,family,Brood parasite,Brood parasite,broodparasite,broodparasite,NA,30.5,42.3,,40.2,58,42.75,0,0,0,0,0,0,NA,NA,NA,NA,0,NO,4,5,NA,NA,NA,NA,3,4,0,Non-territorial,Strong,40.2,-87.72,Molothrus_ater_40.2_-87.72,polygamy,ground,polygamy,polygamy,microsatellite,3,no,species_coordinates,NA,NA,NA,NA,brood_parasite,NA
489Barber2025,total,Sturnus_vulgaris,European_starling,monogamy,221,23,62,NA,44.6167,-63.5667,yes,microsatellite,2007,2011,5,April,July,yes,341,Sturnus_vulgaris,Sturnus_vulgaris,Sturnus_vulgaris,Sturnus_vulgaris,no_fam,no_fam,Pair,Pair,biparental,biparental,biparental,62.2,97,,66,106,81.03333333,0,0,0,0,0,0,Mono,Poly,mixed,MonoPoly,3,CV,4,7,no,1.1,Clements_name,NA,2,4,0,Non-territorial,Weak,44.62,-63.57,Sturnus_vulgaris_44.62_-63.57,monogamy,cavity,monogamy,monogamy,microsatellite,5,yes,species_coordinates,NA,NA,51,170,biparental,biparental
490Schilicht2023,total,Cyanistes_caeruleus,blue_tit,monogamy,13872,11.7,1583,44.6,48.1406,10.8914,yes,microsatellite,2007,2020,14,March,June,no,349,Parus_caeruleus,Parus_caeruleus,Cyanistes_caeruleus,Cyanistes_caeruleus,no_fam,no_fam,pair,Pair,biparental,biparental,biparental,9.1,15,,8.4,13.6,11.38333333,0,0,0,1,1,0,Mono,Poly,mixed,MonoPoly,0,"CV,O",6,13,no,1.4,Clements_name,NA,1,4,0,Territorial,Weak,48.14,10.89,Cyanistes_caeruleus_48.14_10.89,monogamy,cavity,monogamy,monogamy,microsatellite,14,yes,species_coordinates,706,877,1623,12249,biparental,biparental
491Raj2020,total,Acrocephalus_sechellensis,Seychelles_warbler,cooperative breeder,848,42,NA,NA,-4.3333,55.6667,no,microsatellite,1997,2014,18,June,September,no,203,Acrocephalus_sechellensis,Acrocephalus_sechellensis,Acrocephalus_sechellensis,Acrocephalus_sechellensis,coop_families,coop_families,Cooperation,Cooperation,cooperation,cooperation,cooperation,15,NA,,16.8,NA,15.9,0,0,0,0,0,0,Mono,NA,monogamy,Mono,1,CP,1,3,yes,43.5,Clements_name,NA,2,4,0,Territorial,Weak,-4.33,55.67,Acrocephalus_sechellensis_-4.33_55.67,monogamy,open,monogamy,monogamy,microsatellite,18,no,species_coordinates,NA,NA,356,492,NA,NA
492Hsu2017,total,Passer_domesticus,house_sparrow,monogamy,3194,17.4,NA,NA,51.1833,-4.6667,yes,microsatellite,2000,2012,13,April,August,no,166,Passer_domesticus,Passer_domesticus,Passer_domesticus,Passer_domesticus,no_fam,no_fam,Pair,Pair,biparental,biparental,biparental,20.1,36,,20,36.5,27.44,0,0,0,0,0,0,Mono,NA,monogamy,Mono,3,"CV,SP,CR",1,8,yes,63.4,Clements_name,"well, in some pop house sparrows are CBs, but in most they are not!",1,4,0,Non-territorial,Weak,51.18,-4.67,Passer_domesticus_51.18_-4.67,monogamy,cavity,monogamy,monogamy,microsatellite,13,yes,species_coordinates,NA,NA,556,2638,biparental,biparental
493Hałupka2024,total,Acrocephalus_scirpaceus,Eurasian_reed_warbler,monogamy,786,13.4,259,21.6,51.5333,17.3333,no,microsatellite,2006,2011,6,May,August,yes,7,Acrocephalus_scirpaceus,Acrocephalus_scirpaceus,Acrocephalus_scirpaceus,Acrocephalus_scirpaceus,no_fam,no_fam,Pair,Pair,biparental,biparental,biparental,7,16.1,,7,14,12.88333333,1,1,0,0,0,0,NA,NA,NA,NA,3,CP,3,5,no,0,Clements_name,NA,1,4,0,Territorial,Strong,51.53,17.33,Acrocephalus_scirpaceus_51.53_17.33,monogamy,open,monogamy,monogamy,microsatellite,6,no,species_coordinates,56,203,105,681,biparental,biparental
494Gaiotti2020,total,Antilophia_bokermanni,araripe_manakin,monogamy,96,NA,60,NA,-7.3875,-40.2161,no,microsatellite,2013,2016,4,NA,NA,NA,350,Antilophia_bokermanni,Antilophia_bokermanni,Chiroxiphia_bokermanni,Chiroxiphia_bokermanni,NA,NA,NA,NA,NA,NA,NA,20.53,20.82,,20.55,20.75,20.07833333,0,0,0,0,0,0,NA,NA,NA,NA,0,CP,1,2,NA,NA,NA,NA,3,4,0,Non-territorial,Weak,-7.39,-40.22,Antilophia_bokermanni_-7.39_-40.22,monogamy,open,monogamy,monogamy,microsatellite,4,no,species_coordinates,NA,NA,NA,NA,NA,NA
496Koenig2021,total,Melanerpes_formicivorus,acorn_woodpecker,cooperative breeder,3460,NA,1017,NA,36.3833,-121.55,no,microsatellite,1986,2016,31,March,NA,no,250,Melanerpes_formicivorus,Melanerpes_formicivorus,Melanerpes_formicivorus,Melanerpes_formicivorus,coop_families,coop_families,Cooperation,Cooperation,cooperation,cooperation,cooperation,63,95,,61,97,78.5,0,0,1,1,0,0,Mono,Poly,mixed,MonoPoly,3,CV,4,6,yes,83.2,Clements_name,NA,2,4,0,Territorial,Weak,36.38,-121.55,Melanerpes_formicivorus_36.38_-121.55,monogamy,cavity,monogamy,monogamy,microsatellite,31,no,species_coordinates,NA,NA,NA,NA,NA,NA
497Harnandez2021,total,Tachycineta_bicolor,tree_swallow,monogamy,NA,NA,71,NA,37.1833,-80.5667,yes,microsatellite,2017,2017,1,March,August,single-year study,167,Tachycineta_bicolor,Tachycineta_bicolor,Tachycineta_bicolor,Tachycineta_bicolor,no_fam,no_fam,pair,Pair,biparental,biparental,biparental,NA,NA,,20,21,20.875,0,1,1,1,1,0,Mono,Poly,mixed,MonoPoly,0,CV,2,8,NA,NA,NA,NA,2,4,0,Non-territorial,Strong,37.18,-80.57,Tachycineta_bicolor_37.18_-80.57,monogamy,cavity,monogamy,monogamy,microsatellite,1,yes,species_coordinates,NA,NA,NA,NA,biparental,biparental
499D'Amelio2024,total,Philetairus_socius,sociable_weaver,cooperative breeder,8744,2.2,1275,5.2,-28.8667,24.8333,no,microsatellite,2008,2019,12,September,June,no,256,Philetairus_socius,Philetairus_socius,Philetairus_socius,Philetairus_socius,coop_families,coop_families,Cooperation,Cooperation,cooperation,cooperation,cooperation,NA,NA,,NA,NA,27.9,1,0,0,0,0,0,Mono,NA,monogamy,Mono,1,SP,2,6,yes,70.3,Clements_name,NA,0,4,0,Non-territorial,Weak,-28.87,24.83,Philetairus_socius_-28.87_24.83,monogamy,other_enclosed,monogamy,monogamy,microsatellite,12,no,species_coordinates,66,1209,192,8552,NA,NA
502Saunders2018,total,Calyptorhynchus_latirostris,Carnaby's_cockatoo,monogamy,44,13.6,22,27.3,NA,NA,no,microsatellite,2003,2013,11,NA,NA,NA,351,Calyptorhynchus_latirostris,Calyptorhynchus_latirostris,Zanda_latirostris,Zanda_latirostris,family,family,Pair,Pair,biparental,biparental,biparental,NA,NA,,NA,NA,625,0,1,0,0,0,0,Mono,NA,monogamy,Mono,0,CV,1,2,NA,NA,NA,NA,1,4,0,Territorial,Weak,NA,NA,Calyptorhynchus_latirostris_502Saunders2018,monogamy,cavity,monogamy,monogamy,microsatellite,11,no,species_study_id_missing_coordinates,6,16,6,38,biparental,biparental
504Safari2018,total,Centropus_grillii,black_coucal,polyandry,251,17,62,50,-8.6833,34.0833,no,microsatellite,2001,2016,16,January,June,no,220,Centropus_grillii,Centropus_grillii,Centropus_grillii,Centropus_grillii,NA,NA,Male only,Male only,uniparental,uniparental,uniparental,151,NA,,94,108,117.6666667,0,0,0,0,0,0,NA,Poly,polygamy,Poly,0,SP,3,6,no,0,Clements_name,NA,3,4,1,Territorial,Weak,-8.68,34.08,Centropus_grillii_-8.68_34.08,polygamy,other_enclosed,polygamy,polygamy,microsatellite,16,no,species_coordinates,31,31,43,208,uniparental,uniparental
504Safari2018,total,Centropus_superciliosus,white-browed_coucal,monogamy,265,2.1,68,4.8,-8.6833,NA,no,microsatellite,2001,2016,16,January,June,no,352,Centropus_superciliosus,Centropus_superciliosus,Centropus_superciliosus,Centropus_superciliosus,NA,NA,Pair,Pair,biparental,biparental,biparental,125,212,,110,213,165,0,0,0,0,0,0,Mono,Poly,mixed,MonoPoly,0,CP,3,5,NA,NA,NA,NA,0,4,0,Territorial,Weak,-8.68,NA,Centropus_superciliosus_504Safari2018,monogamy,open,monogamy,monogamy,microsatellite,16,no,species_study_id_missing_coordinates,3,65,6,259,biparental,biparental
506Rosenfield2024,total,Accipiter_cooperii,Cooper’s_hawk,monogamy,444,13.3,120,28.3,NA,NA,no,microsatellite,2011,2015,5,NA,NA,yes,2,Accipiter_cooperii,Accipiter_cooperii,Astur_cooperii,Astur_cooperii,no_fam,no_fam,pair,Pair,biparental,biparental,biparental,399,588,,269,380,429.6666667,0,0,0,0,1,0,NA,NA,NA,NA,0,PL,3,6,NA,NA,NA,NA,1,4,0,Territorial,Strong,NA,NA,Accipiter_cooperii_506Rosenfield2024,monogamy,open,monogamy,monogamy,microsatellite,5,no,species_study_id_missing_coordinates,34,86,59,385,biparental,biparental
508Hajdulk2021,total,Malurus_cyaneus,superb_fairy-wren,cooperative breeder,5485,62,1936,62.3,-35.2667,149.1,no,microsatellite,1988,2013,26,August,March,NA,244,Malurus_cyaneus,Malurus_cyaneus,Malurus_cyaneus,Malurus_cyaneus,coop_families,coop_families,Cooperation,Cooperation,cooperation,cooperation,cooperation,9,12.2,,10,13.8,11.33333333,0,0,1,0,0,0,Mono,NA,monogamy,Mono,2,DM,2,4,yes,47.9,Clements_name,NA,3,4,0,Territorial,Weak,-35.27,149.1,Malurus_cyaneus_-35.27_149.1,monogamy,ground,monogamy,monogamy,microsatellite,26,no,species_coordinates,1206,730,3401,2084,NA,NA
510Mennerat2018,total,Cyanistes_caeruleus,blue_tit,monogamy,NA,NA,146,47,43.6667,3.6667,yes,microsatellite,2000,2003,4,NA,NA,no,349,Parus_caeruleus,Parus_caeruleus,Cyanistes_caeruleus,Cyanistes_caeruleus,no_fam,no_fam,pair,Pair,biparental,biparental,biparental,9.1,15,,8.4,13.6,11.38333333,0,0,0,1,1,0,Mono,Poly,mixed,MonoPoly,0,"CV,O",6,13,no,1.4,Clements_name,NA,1,4,0,Territorial,Weak,43.67,3.67,Cyanistes_caeruleus_43.67_3.67,monogamy,cavity,monogamy,monogamy,microsatellite,4,yes,species_coordinates,69,77,NA,NA,biparental,biparental
511Bried2021,total,Bulweria_bulwerii,Bulwer’s_petrel,monogamy,37,0,28,0,36.9167,-25.1667,no,microsatellite,2002,2004,3,NA,NA,no,353,Bulweria_bulwerii,Bulweria_bulwerii,Bulweria_bulwerii,Bulweria_bulwerii,no_fam,no_fam,Pair,Pair,biparental,biparental,biparental,75,116,,87,131,103.1666667,1,0,0,0,0,0,Mono,NA,monogamy,Mono,0,"BU,CR",1,1,NA,NA,NA,NA,0,4,0,Non-territorial,Weak,36.92,-25.17,Bulweria_bulwerii_36.92_-25.17,monogamy,cavity,monogamy,monogamy,microsatellite,3,no,species_coordinates,0,28,0,37,biparental,biparental
512Ding2021,total,Prinia_flaviventris,yellow-bellied_prinia,monogamy,56,8.93,13,23,23.65,107.0667,no,SNPs,2013,2013,1,May,July,single-year study,354,Prinia_flaviventris,Prinia_flaviventris,Prinia_flaviventris,Prinia_flaviventris,NA,NA,Pair,Pair,biparental,biparental,biparental,NA,NA,,7,9,8.7,0,0,0,1,0,0,NA,NA,NA,NA,0,DM,3,4,NA,NA,NA,NA,1,4,0,Territorial,Weak,23.65,107.07,Prinia_flaviventris_23.65_107.07,monogamy,ground,monogamy,monogamy,SNPs,1,no,species_coordinates,3,10,5,51,biparental,biparental
515Dunning2024,total,Passer_domesticus,house_sparrow,monogamy,4963,18.8,1403,NA,51.11,-4.4,yes,microsatellite,2000,2019,20,NA,NA,no,166,Passer_domesticus,Passer_domesticus,Passer_domesticus,Passer_domesticus,no_fam,no_fam,Pair,Pair,biparental,biparental,biparental,20.1,36,,20,36.5,27.44,0,0,0,0,0,0,Mono,NA,monogamy,Mono,3,"CV,SP,CR",1,8,yes,63.4,Clements_name,"well, in some pop house sparrows are CBs, but in most they are not!",1,4,0,Non-territorial,Weak,51.11,-4.4,Passer_domesticus_51.11_-4.4,monogamy,cavity,monogamy,monogamy,microsatellite,20,yes,species_coordinates,NA,NA,933,4030,biparental,biparental
518Diniz2019,total,Furnarius_rufus,rufous_hornero,monogamy,120,3.33,46,6.52,-15.76,-47.86,no,SNPs,2013,2015,3,September,November,yes,355,Furnarius_rufus,Furnarius_rufus,Furnarius_rufus,Furnarius_rufus,family,family,Pair,Pair,biparental,biparental,biparental,NA,NA,,NA,NA,48,0,0,0,1,0,0,Mono,NA,monogamy,Mono,0,DM,2,5,NA,NA,NA,NA,0,4,0,Territorial,Weak,-15.76,-47.86,Furnarius_rufus_-15.76_-47.86,monogamy,ground,monogamy,monogamy,SNPs,3,no,species_coordinates,3,43,4,116,biparental,biparental
520Skujina2021,total,Pandion_haliaetus,osprey,monogamy,43,0,5,0,NA,NA,yes,microsatellite,2015,2019,5,NA,NA,NA,356,Pandion_haliaetus,Pandion_haliaetus,Pandion_haliaetus,Pandion_haliaetus,no_fam,no_fam,pair,Pair,biparental,biparental,biparental,1200,2050,,990,1800,1510,1,1,0,0,1,0,Mono,Poly,mixed,MonoPoly,3,PL,1,4,NA,NA,NA,NA,1,4,0,Territorial,Strong,NA,NA,Pandion_haliaetus_520Skujina2021,monogamy,open,monogamy,monogamy,microsatellite,5,yes,species_study_id_missing_coordinates,0,5,0,43,biparental,biparental
521Ferretti2018,total,Tachycineta_leucorrhoa,white-rumped_swallow,monogamy,342,56,78,77,-35.5667,-58.0167,yes,microsatellite,2006,2008,3,September,January,no,168,Tachycineta_leucorrhoa,Tachycineta_leucorrhoa,Tachycineta_leucorrhoa,Tachycineta_leucorrhoa,NA,no_fam,Pair,Pair,biparental,biparental,biparental,19,NA,,NA,NA,17.6,0,0,1,1,1,0,NA,NA,NA,NA,0,CV,4,7,NA,NA,NA,NA,3,4,0,Non-territorial,Strong,-35.57,-58.02,Tachycineta_leucorrhoa_-35.57_-58.02,monogamy,cavity,monogamy,monogamy,microsatellite,3,yes,species_coordinates,60,18,192,150,biparental,biparental
522Garant2018,total,Tachycineta_bicolor,tree_swallow,monogamy,NA,52.3,NA,NA,45,-72,yes,microsatellite,2012,2015,4,May,July,no,167,Tachycineta_bicolor,Tachycineta_bicolor,Tachycineta_bicolor,Tachycineta_bicolor,no_fam,no_fam,pair,Pair,biparental,biparental,biparental,NA,NA,,20,21,20.875,0,1,1,1,1,0,Mono,Poly,mixed,MonoPoly,0,CV,2,8,NA,NA,NA,NA,2,4,0,Non-territorial,Strong,45,-72,Tachycineta_bicolor_45_-72,monogamy,cavity,monogamy,monogamy,microsatellite,4,yes,species_coordinates,NA,NA,NA,NA,biparental,biparental
525Garrido2025,total,Cistothorus_platensis,grass_wren,monogamy,155,47.22,36,23.23,NA,NA,no,SNPs,2016,2017,2,October,February,yes,357,Cistothorus_platensis,Cistothorus_platensis,Cistothorus_stellaris,Cistothorus_stellaris,NA,family,Female only,Female only,uniparental,uniparental,uniparental,7.1,8.9,,7.8,8.9,8.366666667,0,0,0,0,0,0,NA,Poly,polygamy,Poly,0,SP,2,8,no,0,Scientific_name_amended,NA,1,4,0,Territorial,Weak,NA,NA,Cistothorus_platensis_525Garrido2025,monogamy,other_enclosed,monogamy,monogamy,SNPs,2,no,species_study_id_missing_coordinates,8,28,73,82,uniparental,uniparental
526LaBarbera2019,total,Junco_hyemalis,dark-eyed_junco,monogamy,165,25,60,38,38.25,-120,no,microsatellite,2013,2014,2,May,September,no,123,Junco_hyemalis,Junco_hyemalis,Junco_hyemalis,Junco_hyemalis,no_fam,no_fam,Pair,Pair,biparental,biparental,biparental,14.3,26.4,,14.3,26.7,20.53333333,0,0,0,0,0,0,NA,NA,NA,NA,0,"BU,CR,O,CP",3,5,NA,NA,NA,NA,2,4,0,Territorial,Strong,38.25,-120,Junco_hyemalis_38.25_-120,monogamy,cavity,monogamy,monogamy,microsatellite,2,no,species_coordinates,23,37,41,124,biparental,biparental
532Kleven2025,total,Parus_major,great_tit,monogamy,192,4.7,26,19.2,69.4667,-29.8333,yes,microsatellite,2016,2022,7,May,June,no,161,Parus_major,Parus_major,Parus_major,Parus_major,no_fam,no_fam,Pair,Pair,biparental,biparental,biparental,15,21.1,,16.2,23,18.36666667,0,0,0,1,0,0,Mono,NA,monogamy,Mono,0,CV,3,18,no,0,Clements_name,NA,1,4,0,Territorial,Weak,69.47,-29.83,Parus_major_69.47_-29.83,monogamy,cavity,monogamy,monogamy,microsatellite,7,yes,species_coordinates,5,21,9,183,biparental,biparental
533Kleven2019,total,Turdus_pilaris,fieldfare,monogamy,123,27.6,28,46.4,63.7333,11.3167,no,microsatellite,2017,2018,2,May,June,no,358,Turdus_pilaris,Turdus_pilaris,Turdus_pilaris,Turdus_pilaris,no_fam,no_fam,Pair,Pair,biparental,biparental,biparental,NA,NA,,NA,NA,111,1,1,1,1,0,0,Mono,NA,monogamy,Mono,0,CP,5,6,NA,NA,NA,NA,2,4,0,Territorial,Strong,63.73,11.32,Turdus_pilaris_63.73_11.32,monogamy,open,monogamy,monogamy,microsatellite,2,no,species_coordinates,13,15,34,89,biparental,biparental
534Knief2020,total,Corvus_corone/cornix,carrion_crow,monogamy_cooperative breeder,152,2.9,55,6.98,NA,NA,no,SNPs,2007,2014,8,May,June,no,359,Corvus_corone,Corvus_corone,Corvus_corone,Corvus_corone,coop_families,coop_families,Cooperation,Cooperation,cooperation,cooperation,cooperation,455,604,,465,645,527.8333333,0,0,1,0,0,0,Mono,NA,monogamy,Mono,2,PL,4,5,yes,73.3,Clements_name,NA,0,4,0,Non-territorial,Weak,NA,NA,Corvus_corone/cornix_534Knief2020,monogamy,open,monogamy,monogamy,SNPs,8,no,species_study_id_missing_coordinates,4,51,4,148,NA,NA
538Reitsma2018,total,Cardellina_canadensis,Canada_warbler,monogamy,185,41.6,61,57.4,43.6667,-72.05,no,microsatellite,2005,2010,6,NA,NA,no,360,Wilsonia_canadensis,Wilsonia_canadensis,Cardellina_canadensis,Cardellina_canadensis,no_fam,no_fam,pair,Pair,biparental,biparental,biparental,8.5,11.4,,9,11.7,10.8,0,1,1,1,1,0,Mono,Poly,mixed,MonoPoly,3,CP,2,6,NA,NA,NA,NA,2,4,0,Territorial,Strong,43.67,-72.05,Cardellina_canadensis_43.67_-72.05,monogamy,open,monogamy,monogamy,microsatellite,6,no,species_coordinates,35,26,77,108,biparental,biparental
539Sánchez2018,total,Poospiza_torquata,ringed_warbling-finch,monogamy,92,20.65,35,42.86,-28.05,-64.25,no,microsatellite,2008,2011,4,October,January,yes,361,Poospiza_torquata,Poospiza_torquata,Microspingus_torquatus,Microspingus_torquatus,family,family,NA,Pair,NA,NA,NA,10.3,NA,,NA,NA,10.83333333,0,1,1,0,0,0,NA,NA,NA,NA,0,CP,3,4,NA,NA,NA,NA,1,4,0,Territorial,Weak,-28.05,-64.25,Poospiza_torquata_-28.05_-64.25,monogamy,open,monogamy,monogamy,microsatellite,4,no,species_coordinates,15,20,19,73,NA,NA
540Ledwoń2022,total,Chlidonias_hybrida,whiskered_tern,monogamy,140,NA,56,NA,50,19.43,no,microsatellite,2006,2015,10,June,August,no,59,Chlidonias_hybrida,Chlidonias_hybrida,Chlidonias_hybrida,Chlidonias_hybrida,NA,no_fam,Pair,Pair,biparental,biparental,biparental,60,96,,80,110,84.5,1,0,0,0,0,0,Mono,NA,monogamy,Mono,0,"O,PL",2,3,NA,NA,NA,NA,1,4,0,Non-territorial,Strong,50,19.43,Chlidonias_hybrida_50_19.43,monogamy,open,monogamy,monogamy,microsatellite,10,no,species_coordinates,NA,NA,NA,NA,biparental,biparental
546Goretskaia2024,total,Phylloscopus_sibilatrix,wood_warbler,monogamy,212,24.5,39,41,55.6833,36.7167,no,microsatellite,2009,2015,7,May,NA,no,305,Phylloscopus_sibilatrix,Phylloscopus_sibilatrix,Phylloscopus_sibilatrix,Phylloscopus_sibilatrix,no_fam,no_fam,Pair,Pair,biparental,biparental,biparental,NA,NA,,NA,NA,10.7,0,0,1,1,0,0,Mono,Poly,mixed,MonoPoly,0,SP,2,10,NA,NA,NA,NA,2,4,0,Territorial,Strong,55.68,36.72,Phylloscopus_sibilatrix_55.68_36.72,monogamy,other_enclosed,monogamy,monogamy,microsatellite,7,no,species_coordinates,16,23,52,160,biparental,biparental
560Botero2020,total,Aphrastura_spinicauda,thorn-tailed_rayadito,monogamy,360,13.9,140,20.7,-30.6333,-71.6667,yes,microsatellite,2012,2017,6,September,December,yes,362,Aphrastura_spinicauda,Aphrastura_spinicauda,Aphrastura_spinicauda,Aphrastura_spinicauda,NA,no_fam,Pair,Pair,biparental,biparental,biparental,10.3,NA,,11.3,NA,11.025,0,1,1,0,0,0,Mono,NA,monogamy,Mono,0,"CR,CV",3,5,NA,NA,NA,NA,1,4,0,Territorial,Weak,-30.63,-71.67,Aphrastura_spinicauda_-30.63_-71.67,monogamy,cavity,monogamy,monogamy,microsatellite,6,yes,species_coordinates,29,111,50,310,biparental,biparental
560Botero2020,total,Aphrastura_spinicauda,thorn-tailed_rayadito,monogamy,535,5.8,126,14.3,-55.0667,-67.6667,yes,microsatellite,2010,2015,6,October,January,yes,362,Aphrastura_spinicauda,Aphrastura_spinicauda,Aphrastura_spinicauda,Aphrastura_spinicauda,NA,no_fam,Pair,Pair,biparental,biparental,biparental,10.3,NA,,11.3,NA,11.025,0,1,1,0,0,0,Mono,NA,monogamy,Mono,0,"CR,CV",3,5,NA,NA,NA,NA,1,4,0,Territorial,Weak,-55.07,-67.67,Aphrastura_spinicauda_-55.07_-67.67,monogamy,cavity,monogamy,monogamy,microsatellite,6,yes,species_coordinates,18,108,31,504,biparental,biparental
550Plaza2024,total,Ficedula_hypoleuca,pied_flycatcher,monogamy,1002,24.25,189,37.56,40,-3,yes,microsatellite,2015,2017,3,April,July,yes,99,Ficedula_hypoleuca,Ficedula_hypoleuca,Ficedula_hypoleuca,Ficedula_hypoleuca,no_fam,no_fam,pair,Pair,biparental,biparental,biparental,11.4,18.3,,10.2,13.5,14.21666667,0,0,0,0,0,0,Mono,Poly,mixed,MonoPoly,0,CP,3,10,no,0,Clements_name,NA,2,4,0,Territorial,Strong,40,-3,Ficedula_hypoleuca_40_-3,monogamy,open,monogamy,monogamy,microsatellite,3,yes,species_coordinates,71,118,243,759,biparental,biparental
551Michálková2019,total,Hirundo_rustica,European_barn_swallow,monogamy,694,19.8,160,51.2,49.0667,14.7,no,microsatellite,2010,2013,4,NA,NA,no,117,Hirundo_rustica,Hirundo_rustica,Hirundo_rustica,Hirundo_rustica,no_fam,no_fam,Pair,Pair,biparental,biparental,biparental,11,24.8,,12.1,28.2,19.35,1,1,1,1,1,0,Mono,NA,monogamy,Mono,1,CP,2,7,no,0,Clements_name,NA,2,4,0,Non-territorial,Strong,49.07,14.7,Hirundo_rustica_49.07_14.7,monogamy,open,monogamy,monogamy,microsatellite,4,no,species_coordinates,82,78,137,557,biparental,biparental
552DiLecce2023,total,Cyanistes_caeruleus,blue_tit,monogamy,197,8,30,37,52.2833,20.95,no,SNPs,2018,2019,2,March,May,no,349,Parus_caeruleus,Parus_caeruleus,Cyanistes_caeruleus,Cyanistes_caeruleus,no_fam,no_fam,pair,Pair,biparental,biparental,biparental,9.1,15,,8.4,13.6,11.38333333,0,0,0,1,1,0,Mono,Poly,mixed,MonoPoly,0,"CV,O",6,13,no,1.4,Clements_name,NA,1,4,0,Territorial,Weak,52.28,20.95,Cyanistes_caeruleus_52.28_20.95,monogamy,cavity,monogamy,monogamy,SNPs,2,no,species_coordinates,11,19,16,181,biparental,biparental
552DiLecce2023,total,Cyanistes_caeruleus,blue_tit,monogamy,237,12,37,46,52.2833,20.95,yes,SNPs,2018,2019,2,March,May,no,349,Parus_caeruleus,Parus_caeruleus,Cyanistes_caeruleus,Cyanistes_caeruleus,no_fam,no_fam,pair,Pair,biparental,biparental,biparental,9.1,15,,8.4,13.6,11.38333333,0,0,0,1,1,0,Mono,Poly,mixed,MonoPoly,0,"CV,O",6,13,no,1.4,Clements_name,NA,1,4,0,Territorial,Weak,52.28,20.95,Cyanistes_caeruleus_52.28_20.95,monogamy,cavity,monogamy,monogamy,SNPs,2,yes,species_coordinates,17,20,28,209,biparental,biparental
552DiLecce2023,total,Parus_major,great_tit,monogamy,179,11,32,38,52.2833,20.95,no,SNPs,2018,2019,2,March,May,no,161,Parus_major,Parus_major,Parus_major,Parus_major,no_fam,no_fam,Pair,Pair,biparental,biparental,biparental,15,21.1,,16.2,23,18.36666667,0,0,0,1,0,0,Mono,NA,monogamy,Mono,0,CV,3,18,no,0,Clements_name,NA,1,4,0,Territorial,Weak,52.28,20.95,Parus_major_52.28_20.95,monogamy,cavity,monogamy,monogamy,SNPs,2,no,species_coordinates,12,20,20,159,biparental,biparental
552DiLecce2023,total,Parus_major,great_tit,monogamy,189,16,26,62,52.2833,20.95,yes,SNPs,2018,2019,2,March,May,no,161,Parus_major,Parus_major,Parus_major,Parus_major,no_fam,no_fam,Pair,Pair,biparental,biparental,biparental,15,21.1,,16.2,23,18.36666667,0,0,0,1,0,0,Mono,NA,monogamy,Mono,0,CV,3,18,no,0,Clements_name,NA,1,4,0,Territorial,Weak,52.28,20.95,Parus_major_52.28_20.95,monogamy,cavity,monogamy,monogamy,SNPs,2,yes,species_coordinates,16,10,30,159,biparental,biparental
554Lifjeld2025,total,Periparus_ater,coal_tit,monogamy,213,32,25,84,59.9833,10.6,yes,microsatellite,1989,1989,1,April,July,single-year study,363,Parus_ater,Parus_ater,Periparus_ater,Periparus_ater,no_fam,no_fam,Pair,Pair,biparental,biparental,biparental,7,9.5,,8,9.8,8.916666667,0,0,1,1,1,0,Mono,NA,monogamy,Mono,0,"CP,CV",5,13,NA,NA,NA,NA,2,4,0,Territorial,Weak,59.98,10.6,Periparus_ater_59.98_10.6,monogamy,cavity,monogamy,monogamy,microsatellite,1,yes,species_coordinates,21,4,68,145,biparental,biparental
555Costanzo2017,total,Hirundo_rustica,barn_swallow,monogamy,720,14.3,190,21.6,45.4667,9.1833,no,microsatellite,2013,2015,3,NA,NA,no,117,Hirundo_rustica,Hirundo_rustica,Hirundo_rustica,Hirundo_rustica,no_fam,no_fam,Pair,Pair,biparental,biparental,biparental,11,24.8,,12.1,28.2,19.35,1,1,1,1,1,0,Mono,NA,monogamy,Mono,1,CP,2,7,no,0,Clements_name,NA,2,4,0,Non-territorial,Strong,45.47,9.18,Hirundo_rustica_45.47_9.18,monogamy,open,monogamy,monogamy,microsatellite,3,no,species_coordinates,41,149,103,617,biparental,biparental
556Grunst2019,total,Zonotrichia_albicollis,white-throated_sparrow,monogamy,1532,15.7,412,30.6,44.0833,-74.8333,no,microsatellite,1998,2014,17,May,August,no,197,Zonotrichia_albicollis,Zonotrichia_albicollis,Zonotrichia_albicollis,Zonotrichia_albicollis,no_fam,no_fam,Pair,Pair,biparental,biparental,biparental,20,31.4,,23,36.1,27.48333333,0,0,0,0,0,0,NA,NA,NA,NA,0,CP,1,7,no,0,Clements_name,NA,1,4,0,Territorial,Strong,44.08,-74.83,Zonotrichia_albicollis_44.08_-74.83,monogamy,open,monogamy,monogamy,microsatellite,17,no,species_coordinates,126,286,241,1291,biparental,biparental
529Hajdasz2019,total,Setophaga_ruticilla,American_redstart,monogamy,414,28,106,44.3,44.5,-76.3,no,microsatellite,2004,2011,8,May,July,no,330,Setophaga_ruticilla,Setophaga_ruticilla,Setophaga_ruticilla,Setophaga_ruticilla,no_fam,no_fam,Pair,Pair,biparental,biparental,biparental,6.4,10,,6.5,10.2,8.275,0,1,0,1,1,0,Mono,NA,monogamy,Mono,0,CP,1,5,NA,NA,NA,NA,2,4,0,Territorial,Strong,44.5,-76.3,Setophaga_ruticilla_44.5_-76.3,monogamy,open,monogamy,monogamy,microsatellite,8,no,species_coordinates,47,59,116,298,biparental,biparental
557Ortega2023,total,Sula_nebouxii,blue-footed_booby,monogamy,820,6.6,449,NA,21.8497,-105.882,no,microsatellite,2011,2011,1,February,May,yes,344,Sula_nebouxii,Sula_nebouxii,Sula_nebouxii,Sula_nebouxii,no_fam,no_fam,Pair,Pair,biparental,biparental,biparental,1450,2230,,1100,1580,1590,1,0,0,0,0,0,NA,NA,NA,NA,0,NA,1,3,NA,NA,NA,NA,1,4,0,Non-territorial,Weak,21.85,-105.88,Sula_nebouxii_21.85_-105.88,monogamy,NA,monogamy,monogamy,microsatellite,1,no,species_coordinates,NA,NA,54,766,biparental,biparental
531deMendonça Dantas2020,total,Pygoscelis_papua,gentoo_penguin,monogamy,80,48.75,40,72.5,-61.2167,-55.35,no,microsatellite,2012,2013,2,November,January,no,364,Pygoscelis_papua,Pygoscelis_papua,Pygoscelis_papua,Pygoscelis_papua,no_fam,no_fam,Pair,Pair,biparental,biparental,biparental,5500,NA,,6400,NA,6225,1,0,0,0,0,0,NA,NA,NA,NA,0,NA,2,2,NA,NA,NA,NA,2,4,0,Non-territorial,Weak,-61.22,-55.35,Pygoscelis_papua_-61.22_-55.35,monogamy,NA,monogamy,monogamy,microsatellite,2,no,species_coordinates,29,11,39,41,biparental,biparental
535LaPergola2022,total,Melanoptila_glabrirostris,black_catbird,monogamy,38,21,23,30,20,-87,no,SNPs,2008,2009,2,May,August,no,365,Melanoptila_glabrirostris,Melanoptila_glabrirostris,Melanoptila_glabrirostris,Melanoptila_glabrirostris,NA,NA,NA,Pair,NA,NA,NA,34,40,,32.1,37,36.11666667,0,0,0,0,0,0,Mono,Poly,mixed,MonoPoly,0,CP,2,3,no,0,Clements_name,NA,0,3,0,Territorial,Weak,20,-87,Melanoptila_glabrirostris_20_-87,monogamy,open,monogamy,monogamy,SNPs,2,no,species_coordinates,7,16,8,30,NA,NA
536Zhang2025,total,Turdus_mandarinus,Chinese_blackbird,monogamy,284,17.6,69,63.76,28.1667,115.45,no,microsatellite,2017,2020,4,March,July,no,366,Turdus_philomelos,Turdus_philomelos,Turdus_philomelos,Turdus_philomelos,no_fam,no_fam,Pair,Pair,biparental,biparental,biparental,52,89,,56,89,73.83333333,0,0,0,0,0,0,Mono,NA,monogamy,Mono,0,CP,3,5,NA,NA,NA,NA,0,3,0,Territorial,Strong,28.17,115.45,Turdus_mandarinus_28.17_115.45,monogamy,open,monogamy,monogamy,microsatellite,4,no,species_coordinates,44,25,50,234,biparental,biparental
559Krietsch2022,total,Phalaropus_fulicarius,red_phalarope,polyandry,1182,4,334,11,71.3167,-156.65,no,microsatellite,2003,2019,17,May,July,yes,255,Phalaropus_fulicarius,Phalaropus_fulicarius,Phalaropus_fulicarius,Phalaropus_fulicarius,no_fam,no_fam,Male only,Male only,uniparental,uniparental,uniparental,49.4,77,,37,77,60.1,0,0,0,0,0,0,Mono,Poly,mixed,MonoPoly,0,SC,3,4,NA,NA,NA,NA,2,4,1,Non-territorial,Strong,71.32,-156.65,Phalaropus_fulicarius_71.32_-156.65,polygamy,ground,polygamy,polygamy,microsatellite,17,no,species_coordinates,37,297,47,1135,uniparental,uniparental
542Sakao2019,total,Calonectris_leucomelas,streaked_shearwater,monogamy,113,15.04,113,15,39.4,141.99,no,microsatellite,2014,2016,3,April,November,yes,367,Calonectris_leucomelas,Calonectris_leucomelas,Calonectris_leucomelas,Calonectris_leucomelas,no_fam,no_fam,Pair,Pair,biparental,biparental,biparental,NA,NA,,NA,NA,530.5,1,0,0,0,0,0,Mono,NA,monogamy,Mono,0,BU,1,1,NA,NA,NA,NA,1,4,0,Non-territorial,Strong,39.4,141.99,Calonectris_leucomelas_39.4_141.99,monogamy,cavity,monogamy,monogamy,microsatellite,3,no,species_coordinates,17,96,17,96,biparental,biparental
543Indykiewicz2017,total,Chroicocephalus_ridibundus,black-headed_gull,monogamy,102,0,34,0,53.25,18.0333,no,microsatellite,2016,2016,1,April,May,yes,368,Larus_ridibundus,Larus_ridibundus,Chroicocephalus_ridibundus,Chroicocephalus_ridibundus,NA,NA,Pair,Pair,biparental,biparental,biparental,NA,NA,,NA,NA,261,1,0,0,0,0,0,Mono,NA,monogamy,Mono,0,SC,1,3,NA,NA,NA,NA,1,4,0,Non-territorial,Weak,53.25,18.03,Chroicocephalus_ridibundus_53.25_18.03,monogamy,ground,monogamy,monogamy,microsatellite,1,no,species_coordinates,0,34,0,102,biparental,biparental
544Kleven2020,total,Poecile_cinctus,grey-headed_chickadee,monogamy,203,16.7,27,40.7,69.4667,-29.8333,yes,microsatellite,2013,2018,6,June,June,yes,369,Parus_cinctus,Parus_cinctus,Poecile_cinctus,Poecile_cinctus,no_fam,no_fam,Pair,Pair,biparental,biparental,biparental,11,13.7,,12.7,13,12.4,0,0,1,0,0,0,Mono,NA,monogamy,Mono,0,PL,6,11,NA,NA,NA,NA,1,4,0,Territorial,Weak,69.47,-29.83,Poecile_cinctus_69.47_-29.83,monogamy,open,monogamy,monogamy,microsatellite,6,yes,species_coordinates,11,16,34,169,biparental,biparental
548Bao2019,total,Lanius_isabellinus,Isabelline_shrike,monogamy,206,1.46,61,4.92,40.3667,96.2333,no,microsatellite,2012,2014,3,NA,NA,yes,370,Lanius_isabellinus,Lanius_isabellinus,Lanius_isabellinus,Lanius_isabellinus,no_fam,no_fam,Pair,Pair,biparental,biparental,biparental,NA,NA,,NA,NA,29.75,0,0,0,0,0,0,NA,NA,NA,NA,0,CP,3,7,NA,NA,NA,NA,0,4,0,Territorial,Strong,40.37,96.23,Lanius_isabellinus_40.37_96.23,monogamy,open,monogamy,monogamy,microsatellite,3,no,species_coordinates,3,58,3,203,biparental,biparental
548Bao2019,total,Passer_ammodendri,saxaul_sparrow,monogamy,392,11.22,85,38.82,40.3667,96.2333,yes,microsatellite,2014,2014,1,NA,NA,yes,371,Passer_ammodendri,Passer_ammodendri,Passer_ammodendri,Passer_ammodendri,NA,NA,Pair,Pair,biparental,biparental,biparental,26.1,NA,,25,NA,27.025,1,1,0,1,0,0,NA,NA,NA,NA,0,"DM,CV",4,6,NA,NA,NA,NA,1,4,0,Non-territorial,Weak,40.37,96.23,Passer_ammodendri_40.37_96.23,monogamy,cavity,monogamy,monogamy,microsatellite,1,yes,species_coordinates,33,52,44,348,biparental,biparental
549Barati2018,total,Manorina_melanocephala,noisy_miner,cooperative breeder,75,14,29,27,-30.4167,151.6333,no,microsatellite,2013,2015,3,August,November,NA,248,Manorina_melanocephala,Manorina_melanocephala,Manorina_melanocephala,Manorina_melanocephala,coop_families,coop_families,Cooperation,Cooperation,cooperation,cooperation,cooperation,46.7,74,,40,91,66.65,1,0,0,0,0,0,NA,NA,NA,NA,1,CP,2,4,yes,84.2,Clements_name,NA,2,4,0,Territorial,Weak,-30.42,151.63,Manorina_melanocephala_-30.42_151.63,monogamy,open,monogamy,monogamy,microsatellite,3,no,species_coordinates,8,21,10,65,NA,NA
553Magonyi2012,total,Falco_vespertinus,red-footed_falcon,monogamy,97,2.06,37,2.7,NA,NA,yes,microsatellite,2008,2015,8,NA,NA,no,372,Falco_vespertinus,Falco_vespertinus,Falco_vespertinus,Falco_vespertinus,NA,no_fam,Pair,Pair,biparental,biparental,biparental,130,220,,115,190,163.75,1,0,0,0,1,0,Mono,NA,monogamy,Mono,0,O,1,5,NA,NA,NA,NA,0,4,0,Territorial,Strong,NA,NA,Falco_vespertinus_553Magonyi2012,monogamy,open,monogamy,monogamy,microsatellite,8,yes,species_study_id_missing_coordinates,1,36,2,95,biparental,biparental
561Leitão2021,total,Malurus_amabilis,lovely_fairy-wren,cooperative breeder,58,53,29,58,-16.87,145.75,no,microsatellite,2013,2017,5,August,November,NA,373,Malurus_amabilis,Malurus_amabilis,Malurus_amabilis,Malurus_amabilis,coop_families,coop_families,Cooperation,Cooperation,cooperation,cooperation,cooperation,7.5,12,,7.5,11.5,9.583333333,0,0,1,0,0,0,Mono,NA,monogamy,Mono,2,PN,3,3,yes,17.8,Clements_name,NA,3,4,0,Territorial,Weak,-16.87,145.75,Malurus_amabilis_-16.87_145.75,monogamy,other_enclosed,monogamy,monogamy,microsatellite,5,no,species_coordinates,17,12,31,27,NA,NA
563Cousseau2020,total,Phyllastrephus_placidus,placid_greenbul,cooperative breeder,237,46,137,54,-3.4167,38.3333,no,microsatellite,2007,2015,9,NA,NA,no,374,Phyllastrephus_cabanisi,Phyllastrephus_cabanisi,Phyllastrephus_cabanisi,Phyllastrephus_cabanisi,coop_families,coop_families,Cooperation,Cooperation,cooperation,cooperation,cooperation,19,39,,21,42,30.25,0,1,1,1,0,0,Mono,NA,monogamy,Mono,0,CP,2,3,yes,43.5,Clements_name,NA,2,4,0,Territorial,Weak,-3.42,38.33,Phyllastrephus_placidus_-3.42_38.33,monogamy,open,monogamy,monogamy,microsatellite,9,no,species_coordinates,74,63,109,128,NA,NA
564Anderson2025,total,Sula_granti,Nazca_booby,monogamy,22,0,17,0,-1.3833,-89.6167,no,DNA_fingerprinting,2001,2002,2,October,January,no,343,Sula_granti,Sula_granti,Sula_granti,Sula_granti,NA,NA,NA,NA,NA,NA,NA,1470,2350,,1220,1970,1752.5,1,0,0,0,0,0,NA,NA,NA,NA,0,NA,1,2,no,0,Clements_name,NA,0,4,0,Non-territorial,Weak,-1.38,-89.62,Sula_granti_-1.38_-89.62,monogamy,NA,monogamy,monogamy,DNA_fingerprinting,2,no,species_coordinates,0,17,0,22,NA,NA
565Lavretsky2023,total,Anas_rubripes,American_black_duck,monogamy,172,NA,19,37,35.372,-76.358,no,SNPs,2020,2021,2,March,July,NA,375,Anas_rubripes,Anas_rubripes,Anas_rubripes,Anas_rubripes,no_fam,no_fam,Female only,Female only,uniparental,uniparental,uniparental,720,1500,,825,1800,1211.25,0,1,1,0,0,0,Mono,NA,monogamy,Mono,0,SC,1,17,NA,NA,NA,NA,1,4,0,Non-territorial,Weak,35.37,-76.36,Anas_rubripes_35.37_-76.36,monogamy,ground,monogamy,monogamy,SNPs,2,no,species_coordinates,7,12,NA,NA,uniparental,uniparental
567Alfonso2021,total,Mycteria_americana,Wood_stork,monogamy,27,74,11,18,22.127,-81.229,no,microsatellite,NA,NA,#VALUE!,NA,NA,NA,144,Mycteria_americana,Mycteria_americana,Mycteria_americana,Mycteria_americana,no_fam,no_fam,Pair,Pair,biparental,biparental,biparental,2050,2780,,2700,3090,2655,1,0,0,0,0,0,Mono,NA,monogamy,Mono,0,NA,2,5,NA,NA,NA,NA,0,4,0,Non-territorial,Weak,22.13,-81.23,Mycteria_americana_22.13_-81.23,monogamy,NA,monogamy,monogamy,microsatellite,NA,no,species_coordinates,2,9,20,7,biparental,biparental
569Hauber2018,total,Morus_serrator,Australasian_Gannet,monogamy,34,11.8,30,1.333,-39.6333,177.0833,no,DNA_fingerprinting,2005,2005,1,November,December,single-year study,376,Morus_serrator,Morus_serrator,Morus_serrator,Morus_serrator,no_fam,no_fam,Pair,Pair,biparental,biparental,biparental,2660,NA,,2590,NA,2512.5,1,0,0,0,0,0,NA,NA,NA,NA,0,M,1,1,NA,NA,NA,NA,1,4,0,Non-territorial,Weak,-39.63,177.08,Morus_serrator_-39.63_177.08,monogamy,ground,monogamy,monogamy,DNA_fingerprinting,1,no,species_coordinates,0,30,4,30,biparental,biparental
570Benitez2019,total,Sicalis_flaveola_pelzelni,Saffron_Finch,monogamy,198,31.8,54,51.8,-35.5667,-58.0167,yes,microsatellite,2013,2016,4,October,March,yes,377,Sicalis_flaveola,Sicalis_flaveola,Sicalis_flaveola,Sicalis_flaveola,NA,no_fam,Pair,Pair,biparental,biparental,biparental,NA,NA,,NA,NA,17.7,0,0,1,1,0,0,NA,NA,NA,NA,0,"CP,CV,O",2,4,NA,NA,NA,NA,2,4,0,Territorial,Weak,-35.57,-58.02,Sicalis_flaveola_pelzelni_-35.57_-58.02,monogamy,cavity,monogamy,monogamy,microsatellite,4,yes,species_coordinates,28,26,63,135,biparental,biparental
571Gill2020,total,Corvus_monedula,Jackdaw,monogamy,65,0,16,NA,NA,NA,yes,microsatellite,2017,2017,1,April,June,no,68,Corvus_monedula,Corvus_monedula,Coloeus_monedula,Coloeus_monedula,no_fam,no_fam,Pair,Pair,biparental,biparental,biparental,NA,NA,,NA,NA,200.5,1,1,0,0,0,0,Mono,NA,monogamy,Mono,0,CV,3,7,no,0,Scientific_name_amended,NA,0,4,0,Non-territorial,Weak,NA,NA,Corvus_monedula_571Gill2020,monogamy,cavity,monogamy,monogamy,microsatellite,1,yes,species_study_id_missing_coordinates,NA,NA,0,65,biparental,biparental
572Sakamoto2023,total,Passer_montanus,Eurasian_tree_sparrow,monogamy,91,NA,29,58.6,43.0667,141.3333,yes,microsatellite,2019,2020,2,March,August,no,287,Passer_montanus,Passer_montanus,Passer_montanus,Passer_montanus,no_fam,no_fam,Pair,Pair,biparental,biparental,biparental,20.5,26.5,,18,28,23.33333333,0,0,0,0,0,0,Mono,NA,monogamy,Mono,0,"CV,BU",2,9,NA,NA,NA,NA,1,4,0,Non-territorial,Weak,43.07,141.33,Passer_montanus_43.07_141.33,monogamy,cavity,monogamy,monogamy,microsatellite,2,yes,species_coordinates,17,12,NA,NA,biparental,biparental
573LaBarbera2017,total,Troglodytes_aedon,house_wren,monogamy,105,2,23,NA,42.4686,-76.4492,yes,microsatellite,2009,2009,1,April,August,single-year study,180,Troglodytes_aedon,Troglodytes_aedon,Troglodytes_aedon,Troglodytes_aedon,family,family,pair,Pair,biparental,biparental,biparental,9.8,13.1,,9.8,12.1,11.13333333,0,0,0,1,0,0,Mono,Poly,mixed,MonoPoly,3,"CV,O,CR",4,8,NA,NA,NA,NA,2,4,0,Territorial,Weak,42.47,-76.45,Troglodytes_aedon_42.47_-76.45,monogamy,cavity,monogamy,monogamy,microsatellite,1,yes,species_coordinates,NA,NA,2,103,biparental,biparental
574Cava2019,total,Passerculus_sandwichensis,savannah_sparrow,monogamy,43,63,NA,NA,44.3946,-73.166,no,microsatellite,2002,2014,13,May,August,no,288,Passerculus_sandwichensis,Passerculus_sandwichensis,Passerculus_sandwichensis,Passerculus_sandwichensis,no_fam,no_fam,Pair,Pair,biparental,biparental,biparental,19.5,NA,,20.6,NA,21.4,0,0,0,0,0,0,NA,Poly,polygamy,Poly,0,CP,2,6,NA,NA,NA,NA,2,4,0,Territorial,Strong,44.39,-73.17,Passerculus_sandwichensis_44.39_-73.17,monogamy,open,monogamy,monogamy,microsatellite,13,no,species_coordinates,NA,NA,27,16,biparental,biparental
575Dobson2019,total,Cracticus_tibicen,Australian_magpie,cooperative breeder,317,36,NA,NA,NA,NA,no,microsatellite,1993,2010,18,NA,NA,no,378,Gymnorhina_tibicen,Gymnorhina_tibicen,Gymnorhina_tibicen,Gymnorhina_tibicen,coop_families,coop_families,Cooperation,Cooperation,cooperation,cooperation,cooperation,314,NA,,NA,NA,294.6666667,0,0,1,0,0,0,NA,NA,NA,NA,3,HC,3,5,yes,54.8,Clements_name,NA,3,4,0,Territorial,Weak,NA,NA,Cracticus_tibicen_575Dobson2019,monogamy,open,monogamy,monogamy,microsatellite,18,no,species_study_id_missing_coordinates,NA,NA,114,203,NA,NA
577Corregidor2022,total,Petronia_petronia,rock_sparrow,monogamy,199,12.4,51,18.1,40.9,-4.0167,yes,microsatellite,2016,2018,3,NA,NA,yes,293,Petronia_petronia,Petronia_petronia,Petronia_petronia,Petronia_petronia,NA,no_fam,Pair,Pair,biparental,biparental,biparental,NA,NA,,NA,NA,32.5,0,0,0,0,0,0,NA,Poly,polygamy,Poly,0,"CR,DM",4,8,NA,NA,NA,NA,2,4,0,Territorial,Weak,40.9,-4.02,Petronia_petronia_40.9_-4.02,monogamy,cavity,monogamy,monogamy,microsatellite,3,yes,species_coordinates,9,42,25,174,biparental,biparental
581Gao2018,total,Cyanopica_cyana,Azure-winged_magpie,monogamy,1013,13,286,39.5,34.6,102.5,no,microsatellite,2011,2016,6,April,September,NA,379,Cyanopica_cyanus,Cyanopica_cyanus,Cyanopica_cyanus,Cyanopica_cyanus,coop_families,coop_families,Cooperation,Cooperation,cooperation,cooperation,cooperation,76,112,,80,118,96.5,1,0,0,0,0,0,Mono,NA,monogamy,Mono,1,CP,5,7,NA,NA,NA,NA,1,4,0,Territorial,Weak,34.6,102.5,Cyanopica_cyana_34.6_102.5,monogamy,open,monogamy,monogamy,microsatellite,6,no,species_coordinates,113,173,132,881,NA,NA
580Wang2021,total,Poecile_palustris,marsh_tit,monogamy,325,15.08,44,45.45,NA,NA,yes,microsatellite,2012,2019,8,March,July,no,380,Parus_palustris,Parus_palustris,Poecile_palustris,Poecile_palustris,no_fam,no_fam,Pair,Pair,biparental,biparental,biparental,NA,NA,,NA,NA,11.95,0,0,0,1,0,0,Mono,Poly,mixed,MonoPoly,0,CV,5,11,NA,NA,NA,NA,1,4,0,Territorial,Weak,NA,NA,Poecile_palustris_580Wang2021,monogamy,cavity,monogamy,monogamy,microsatellite,8,yes,species_study_id_missing_coordinates,20,24,49,276,biparental,biparental
583Pipoly2019,total,Parus_major,great_tit,monogamy,851,7,86,37,46.9586,17.8929,yes,microsatellite,2012,2014,3,March,June,no,161,Parus_major,Parus_major,Parus_major,Parus_major,no_fam,no_fam,Pair,Pair,biparental,biparental,biparental,15,21.1,,16.2,23,18.36666667,0,0,0,1,0,0,Mono,NA,monogamy,Mono,0,CV,3,18,no,0,Clements_name,NA,1,4,0,Territorial,Weak,46.96,17.89,Parus_major_46.96_17.89,monogamy,cavity,monogamy,monogamy,microsatellite,3,yes,species_coordinates,32,54,60,791,biparental,biparental
590Ursino2017,total,Agelaioides_badius,grayish_baywing,monogamy,153,13,47,38,-35.13,-57.38,yes,microsatellite,2006,2014,9,November,February,no,381,Agelaioides_badius,Agelaioides_badius,Agelaioides_badius,Agelaioides_badius,coop_families,coop_families,Cooperation,Cooperation,cooperation,cooperation,cooperation,39.9,46.2,,39.3,61.5,46.15,0,1,1,0,0,0,Mono,NA,monogamy,Mono,1,"CV,DM,O",3,5,yes,42.2,Clements_name,NA,1,4,0,Non-territorial,Weak,-35.13,-57.38,Agelaioides_badius_-35.13_-57.38,monogamy,cavity,monogamy,monogamy,microsatellite,9,yes,species_coordinates,18,29,20,133,NA,NA
591Hitt2023,total,Mimus_polyglottos,Northern_mockingbird,monogamy,NA,NA,48,33.3,NA,NA,no,SNPs,2016,2018,3,March,August,no,382,Mimus_polyglottos,Mimus_polyglottos,Mimus_polyglottos,Mimus_polyglottos,no_fam,no_fam,Pair,Pair,biparental,biparental,biparental,46.4,47,,50.5,51.8,48.15,0,0,0,0,0,0,Mono,Poly,mixed,MonoPoly,0,CP,2,6,no,0,Clements_name,NA,1,4,0,Territorial,Strong,NA,NA,Mimus_polyglottos_591Hitt2023,monogamy,open,monogamy,monogamy,SNPs,3,no,species_study_id_missing_coordinates,16,32,NA,NA,biparental,biparental
594Arrieta2022,total,Cistothorus_platensis,grass_wren,monogamy,319,19,73,45,-32.6333,-69.3667,no,SNPs,2015,2017,3,October,February,yes,357,Cistothorus_platensis,Cistothorus_platensis,Cistothorus_stellaris,Cistothorus_stellaris,NA,family,Female only,Female only,uniparental,uniparental,uniparental,7.1,8.9,,7.8,8.9,8.366666667,0,0,0,0,0,0,NA,Poly,polygamy,Poly,0,SP,2,8,no,0,Scientific_name_amended,NA,1,4,0,Territorial,Weak,-32.63,-69.37,Cistothorus_platensis_-32.63_-69.37,monogamy,other_enclosed,monogamy,monogamy,SNPs,3,no,species_coordinates,33,40,61,258,uniparental,uniparental
595Li2021,total,Parus_varius,varied_tit,monogamy,549,16.4,80,39.5,40.02,122.94,yes,microsatellite,2011,2018,8,April,July,no,165,Parus_varius,Parus_varius,Sittiparus_varius,Sittiparus_varius,no_fam,no_fam,Pair,Pair,biparental,biparental,biparental,18.2,NA,,15.9,NA,17.325,0,0,0,1,0,0,Mono,NA,monogamy,Mono,0,NA,6,8,NA,NA,NA,NA,1,4,0,Territorial,Weak,40.02,122.94,Parus_varius_40.02_122.94,monogamy,NA,monogamy,monogamy,microsatellite,8,yes,species_coordinates,32,48,90,459,biparental,biparental
596Cepková2022,total,Alcedo_atthis,Common_kingfisher,monogamy,548,1.09,87,3.45,47.9919,17.3367,no,microsatellite,2016,2018,3,March,September,yes,383,Alcedo_atthis,Alcedo_atthis,Alcedo_atthis,Alcedo_atthis,no_fam,no_fam,pair,Pair,biparental,biparental,biparental,20,46,,19,45,31,0,0,0,0,1,0,Mono,Poly,mixed,MonoPoly,3,BU,3,10,NA,NA,NA,NA,0,4,0,Territorial,Weak,47.99,17.34,Alcedo_atthis_47.99_17.34,monogamy,cavity,monogamy,monogamy,microsatellite,3,no,species_coordinates,3,84,6,542,biparental,biparental
597Mingju2017,total,Ficedula_zanthopygia,Yellow-rumped_flycatcher,monogamy,325,22.15,64,54.7,NA,NA,yes,microsatellite,2011,2013,3,NA,NA,no,101,Ficedula_zanthopygia,Ficedula_zanthopygia,Ficedula_zanthopygia,Ficedula_zanthopygia,NA,NA,Pair,Pair,biparental,biparental,biparental,9,14.5,,10,15.5,12.33333333,0,0,0,1,0,0,NA,NA,NA,NA,0,CP,4,8,NA,NA,NA,NA,1,4,0,Territorial,Strong,NA,NA,Ficedula_zanthopygia_597Mingju2017,monogamy,open,monogamy,monogamy,microsatellite,3,yes,species_study_id_missing_coordinates,35,29,72,253,biparental,biparental
598Wysocki2023,total,Turdus_merula,European_blackbird,monogamy,123,13.1,36,17.1,53.4333,14.55,no,microsatellite,2016,2020,5,March,August,no,384,Turdus_merula,Turdus_merula,Turdus_merula,Turdus_merula,no_fam,no_fam,Pair,Pair,biparental,biparental,biparental,81,120,,84.7,123,106.6166667,0,0,0,0,0,0,Mono,NA,monogamy,Mono,0,CP,3,5,NA,NA,NA,NA,1,4,0,Territorial,Weak,53.43,14.55,Turdus_merula_53.43_14.55,monogamy,open,monogamy,monogamy,microsatellite,5,no,species_coordinates,6,30,16,107,biparental,biparental
599Karpinska2025,total,Erithacus_rubecula,European_robin,monogamy,NA,5.1,70,5.7,52.715,23.935,no,microsatellite,2018,2019,2,March,June,no,385,Erithacus_rubecula,Erithacus_rubecula,Erithacus_rubecula,Erithacus_rubecula,no_fam,no_fam,pair,Pair,biparental,biparental,biparental,14.1,22.5,,14.3,18.8,18.11666667,0,0,0,0,0,0,Mono,NA,monogamy,Mono,0,CP,4,7,NA,NA,NA,NA,0,4,0,Territorial,Strong,52.72,23.93,Erithacus_rubecula_52.72_23.93,monogamy,open,monogamy,monogamy,microsatellite,2,no,species_coordinates,4,66,NA,NA,biparental,biparental
593Costanzo2017,total,Hirundo_rustica,barn_swallow,monogamy,425,12.7,167,34.7,NA,NA,no,microsatellite,2013,2015,3,NA,NA,no,117,Hirundo_rustica,Hirundo_rustica,Hirundo_rustica,Hirundo_rustica,no_fam,no_fam,Pair,Pair,biparental,biparental,biparental,11,24.8,,12.1,28.2,19.35,1,1,1,1,1,0,Mono,NA,monogamy,Mono,1,CP,2,7,no,0,Clements_name,NA,2,4,0,Non-territorial,Strong,NA,NA,Hirundo_rustica_593Costanzo2017,monogamy,open,monogamy,monogamy,microsatellite,3,no,species_study_id_missing_coordinates,58,109,54,371,biparental,biparental
601Mikami2021,total,Pomatostomus_temporalis_rubecula,grey-crowned_babbler,cooperative breeder,87,10.3,26,NA,-13,131.1333,no,microsatellite,2002,2008,7,July,December,no,386,Pomatostomus_temporalis,Pomatostomus_temporalis,Pomatostomus_temporalis,Pomatostomus_temporalis,coop_families,coop_families,Cooperation,Cooperation,cooperation,cooperation,cooperation,NA,NA,,NA,NA,72.5,0,1,1,0,0,0,Mono,NA,monogamy,Mono,1,DM,2,6,yes,87,Clements_name,NA,1,4,0,Territorial,Weak,-13,131.13,Pomatostomus_temporalis_rubecula_-13_131.13,monogamy,ground,monogamy,monogamy,microsatellite,7,no,species_coordinates,NA,NA,9,78,NA,NA
604Dickerson2023,total,Rhipidura_leucophrys,willie_wagtail,monogamy,28,11,14,14,NA,NA,no,SNPs,2016,2019,4,August,January,no,387,Rhipidura_leucophrys,Rhipidura_leucophrys,Rhipidura_leucophrys,Rhipidura_leucophrys,family,family,Pair,Pair,biparental,biparental,biparental,25,27.7,,17,NA,21.94,0,0,0,1,0,0,Mono,NA,monogamy,Mono,0,CP,3,4,NA,NA,NA,NA,1,4,0,Territorial,Weak,NA,NA,Rhipidura_leucophrys_604Dickerson2023,monogamy,open,monogamy,monogamy,SNPs,4,no,species_study_id_missing_coordinates,2,12,3,25,biparental,biparental
609Bojarska2018,total,Gerygone_flavolateralis,fan-tailed_gerygone,monogamy,69,8.7,36,16.6,-21.6167,165.75,no,microsatellite,2011,2018,8,September,January,no,388,Gerygone_flavolateralis,Gerygone_flavolateralis,Gerygone_flavolateralis,Gerygone_flavolateralis,family,family,Pair,Pair,biparental,biparental,biparental,NA,NA,,NA,NA,6,0,0,1,0,0,0,NA,NA,NA,NA,0,PN,2,3,NA,NA,NA,NA,1,4,0,Territorial,Weak,-21.62,165.75,Gerygone_flavolateralis_-21.62_165.75,monogamy,other_enclosed,monogamy,monogamy,microsatellite,8,no,species_coordinates,6,30,6,63,biparental,biparental
608Brewer2025,total,Melospiza_melodia,song_sparrow,monogamy,117,27.4,45,35.6,37,-80,no,microsatellite,2018,2019,2,March,July,no,142,Melospiza_melodia,Melospiza_melodia,Melospiza_melodia,Melospiza_melodia,no_fam,no_fam,Pair,Pair,biparental,biparental,biparental,17.1,27,,18,45.7,25.46666667,0,0,0,0,0,0,Mono,Poly,mixed,MonoPoly,0,CP,1,6,NA,NA,NA,NA,2,4,0,Territorial,Weak,37,-80,Melospiza_melodia_37_-80,monogamy,open,monogamy,monogamy,microsatellite,2,no,species_coordinates,16,29,32,85,biparental,biparental
610Li2024,total,Grus_nigricollis,Black-necked_crane,monogamy,48,16.6,NA,NA,NA,NA,no,microsatellite,2017,2020,4,March,October,no,389,Grus_nigricollis,Grus_nigricollis,Grus_nigricollis,Grus_nigricollis,NA,family,Pair,Pair,biparental,biparental,biparental,6000,NA,,NA,NA,6000,0,0,0,0,0,0,NA,NA,NA,NA,0,HC,2,2,NA,NA,NA,NA,0,4,0,Territorial,Strong,NA,NA,Grus_nigricollis_610Li2024,monogamy,open,monogamy,monogamy,microsatellite,4,no,species_study_id_missing_coordinates,NA,NA,8,40,biparental,biparental
611Horníček2017,total,Aegolius_funereus,Tengmalm's_owl,monogamy,171,2.3,46,6.5,50.9333,13.9667,yes,microsatellite,2006,2010,5,March,August,no,9,Aegolius_funereus,Aegolius_funereus,Aegolius_funereus,Aegolius_funereus,no_fam,no_fam,Pair,Pair,biparental,biparental,biparental,100,215,,90,146,137.75,0,0,0,0,0,0,Mono,Poly,mixed,MonoPoly,0,CV,3,6,NA,NA,NA,NA,1,4,0,Territorial,Weak,50.93,13.97,Aegolius_funereus_50.93_13.97,monogamy,cavity,monogamy,monogamy,microsatellite,5,yes,species_coordinates,3,43,4,167,biparental,biparental
612Forsdick2021,total,Petroica_traversi,Chatham_island_black_robin,monogamy,60,2,35,2,-44.3465,-176.172,NA,microsatellite,2008,2011,4,NA,NA,no,390,Petroica_traversi,Petroica_traversi,Petroica_traversi,Petroica_traversi,no_fam,no_fam,Pair,Pair,biparental,biparental,biparental,NA,NA,,NA,NA,22.75,0,0,0,0,0,0,NA,NA,NA,NA,0,CP,1,3,NA,NA,NA,NA,0,3,0,Territorial,Weak,-44.35,-176.17,Petroica_traversi_-44.35_-176.17,monogamy,open,monogamy,monogamy,microsatellite,4,NA,species_coordinates,1,34,1,59,biparental,biparental
613White2021,total,Dolichonyx_oryzivorus,bobolink,monogamy,120,42,40,57.5,44.3921,-73.2731,no,microsatellite,2002,2018,17,May,July,no,391,Dolichonyx_oryzivorus,Dolichonyx_oryzivorus,Dolichonyx_oryzivorus,Dolichonyx_oryzivorus,no_fam,no_fam,Pair,Pair,pair,pair,pair,22.9,44.9,,23.5,56.3,36.9,0,0,0,0,0,0,NA,Poly,polygamy,Poly,3,CP,1,7,no,0,Clements_name,NA,3,4,0,Territorial,Strong,44.39,-73.27,Dolichonyx_oryzivorus_44.39_-73.27,monogamy,open,monogamy,monogamy,microsatellite,17,no,species_coordinates,23,17,50,70,biparental,biparental
614Lyon2022,total,Calamospiza_melanocorys,lark_bunting,monogamy,492,27.4,148,49.7,40.6333,-104.483,no,microsatellite,1999,2003,5,May,July,no,31,Calamospiza_melanocorys,Calamospiza_melanocorys,Calamospiza_melanocorys,Calamospiza_melanocorys,no_fam,no_fam,nk-coop,nk-coop,nk_cooperation,nk_cooperation,nk_cooperation,31.8,39.4,,36.9,42.3,38.56666667,0,0,0,0,0,0,Mono,Poly,mixed,MonoPoly,1,CP,2,6,NA,NA,NA,NA,2,4,0,Territorial,Strong,40.63,-104.48,Calamospiza_melanocorys_40.63_-104.48,monogamy,open,monogamy,monogamy,microsatellite,5,no,species_coordinates,74,74,135,357,NA,NA
616Marasco2020,total,Spheniscus_magellanicus,magellanic_penguin,monogamy,88,0.31,44,48,-47.75,-65.8833,no,microsatellite,2010,2011,2,September,April,yes,392,Spheniscus_magellanicus,Spheniscus_magellanicus,Spheniscus_magellanicus,Spheniscus_magellanicus,no_fam,no_fam,Pair,Pair,biparental,biparental,biparental,3770,NA,,4470,NA,4585,1,0,0,0,0,0,Mono,NA,monogamy,Mono,0,BU,1,2,NA,NA,NA,NA,2,4,0,Non-territorial,Weak,-47.75,-65.88,Spheniscus_magellanicus_-47.75_-65.88,monogamy,cavity,monogamy,monogamy,microsatellite,2,no,species_coordinates,21,23,0,88,biparental,biparental
618Rivers2020,total,Chiroxiphia_lanceolata,lance-tailed_manakin,lekking,930,NA,465,14,8.2,-82.2,no,microsatellite,2000,2013,14,February,June,no,221,Chiroxiphia_lanceolata,Chiroxiphia_lanceolata,Chiroxiphia_lanceolata,Chiroxiphia_lanceolata,NA,NA,Female only,Female only,uniparental,uniparental,uniparental,14.1,19.8,,15.1,17.9,17.23333333,0,0,0,1,0,0,NA,Poly,polygamy,Poly,0,PN,2,2,NA,NA,NA,NA,4,4,0,Non-territorial,Weak,8.2,-82.2,Chiroxiphia_lanceolata_8.2_-82.2,polygamy,other_enclosed,polygamy,polygamy,microsatellite,14,no,species_coordinates,65,400,NA,NA,uniparental,uniparental
622Wei2025,total,Pseudopodoces_humilis,Tibetan_ground_tit,cooperative breeder,1354,NA,NA,33.2,30.55,97.1,no,microsatellite,2013,2020,8,May,July,no,265,Pseudopodoces_humilis,Pseudopodoces_humilis,Pseudopodoces_humilis,Pseudopodoces_humilis,coop_families,coop_families,Cooperation,Cooperation,cooperation,cooperation,cooperation,NA,NA,,42.5,48.5,45.5,0,0,0,1,0,0,NA,NA,NA,NA,3,NA,4,6,yes,6.9,Clements_name,NA,1,4,0,Territorial,Weak,30.55,97.1,Pseudopodoces_humilis_30.55_97.1,monogamy,NA,monogamy,monogamy,microsatellite,8,no,species_coordinates,NA,NA,NA,NA,NA,NA
623Gyarmathy2025,total,Ficedula_albicollis,collared_flycatcher,monogamy,278,0.23,44,63.6,47.7167,19.0167,yes,microsatellite,2017,2018,2,April,NA,no,98,Ficedula_albicollis,Ficedula_albicollis,Ficedula_albicollis,Ficedula_albicollis,no_fam,no_fam,pair,Pair,biparental,biparental,biparental,10,14.2,,9.2,16,12.23333333,0,0,0,0,0,0,Mono,Poly,mixed,MonoPoly,0,CP,1,9,no,0,Clements_name,NA,1,4,0,Territorial,Strong,47.72,19.02,Ficedula_albicollis_47.72_19.02,monogamy,open,monogamy,monogamy,microsatellite,2,yes,species_coordinates,28,16,1,277,biparental,biparental
625vanderVelde2022,total,Baeolophus_atricristatus,black-crested_titmouse,monogamy,NA,NA,NA,NA,29.6875,-98.3303,yes,microsatellite,2018,2018,1,May,July,no,393,Baeolophus_atricristatus,Baeolophus_atricristatus,Baeolophus_atricristatus,Baeolophus_atricristatus,no_fam,no_fam,Pair,Pair,biparental,biparental,biparental,15.2,17.4,,15,18.4,17.08333333,0,0,0,1,0,0,NA,NA,NA,NA,0,NA,6,7,NA,NA,NA,NA,0,4,0,Territorial,Weak,29.69,-98.33,Baeolophus_atricristatus_29.69_-98.33,monogamy,NA,monogamy,monogamy,microsatellite,1,yes,species_coordinates,NA,NA,NA,NA,biparental,biparental
626Morosse2025,total,Hirundo_rustica_erythrogaster,North_American_barn_swallow,monogamy,155,NA,47,NA,40.4575,-82.6372,no,SNPs,2022,2022,1,NA,NA,no,394,Hirundo_rustica,Hirundo_rustica,Hirundo_rustica,Hirundo_rustica,no_fam,no_fam,Pair,Pair,biparental,biparental,biparental,11,24.8,,12.1,28.2,19.35,1,1,1,1,1,0,Mono,NA,monogamy,Mono,1,CP,2,7,no,0,Clements_name,NA,2,4,0,Non-territorial,Strong,40.46,-82.64,Hirundo_rustica_erythrogaster_40.46_-82.64,monogamy,open,monogamy,monogamy,SNPs,1,no,species_coordinates,NA,NA,NA,NA,biparental,biparental
627Woltmann2023,total,Ammospiza_maritima,seaside_sparrow,monogamy,153,NA,50,32,NA,NA,no,microsatellite,2012,2017,6,March,June,no,395,Ammodramus_maritimus,Ammodramus_maritimus,Ammospiza_maritima,Ammospiza_maritima,no_fam,no_fam,Pair,Pair,biparental,biparental,biparental,18.9,28.5,,19.1,30.4,24.225,0,0,0,0,0,0,Mono,NA,monogamy,Mono,0,CP,2,5,NA,NA,NA,NA,1,4,0,Territorial,Weak,NA,NA,Ammospiza_maritima_627Woltmann2023,monogamy,open,monogamy,monogamy,microsatellite,6,no,species_study_id_missing_coordinates,16,34,NA,NA,biparental,biparental
629LaPergola2022,total,Melanerpes_striatus,hispaniolan_woodpecker,cooperative breeder,307,0,101,0,19.1167,-70.5667,no,SNPs,2012,2017,6,April,July,no,396,Melanerpes_striatus,Melanerpes_striatus,Melanerpes_striatus,Melanerpes_striatus,NA,coop_families,NA,Cooperation,biparental,biparental,biparental,63.5,90,,57.5,92,75.75,1,1,0,1,1,0,NA,NA,NA,NA,0,CV,4,6,NA,NA,NA,NA,0,4,0,Territorial,Weak,19.12,-70.57,Melanerpes_striatus_19.12_-70.57,monogamy,cavity,monogamy,monogamy,SNPs,6,no,species_coordinates,0,101,0,307,biparental,biparental
630Eastwood2018,total,Platycercus_elegans,crimson_rosella,monogamy,185,0,42,0,NA,NA,yes,microsatellite,2004,2016,13,NA,NA,no,397,Platycercus_elegans,Platycercus_elegans,Platycercus_elegans,Platycercus_elegans,no_fam,no_fam,pair,Pair,biparental,biparental,biparental,75,170,,112,170,128.6666667,0,0,0,0,0,0,Mono,NA,monogamy,Mono,0,CV,4,7,NA,NA,NA,NA,0,4,0,Non-territorial,Weak,NA,NA,Platycercus_elegans_630Eastwood2018,monogamy,cavity,monogamy,monogamy,microsatellite,13,yes,species_study_id_missing_coordinates,0,42,0,185,biparental,biparental
632Roth2019,total,Parus_major,great_tit,monogamy,NA,NA,160,31,51.7667,-1.3333,yes,microsatellite,2005,2007,3,April,July,no,161,Parus_major,Parus_major,Parus_major,Parus_major,no_fam,no_fam,Pair,Pair,biparental,biparental,biparental,15,21.1,,16.2,23,18.36666667,0,0,0,1,0,0,Mono,NA,monogamy,Mono,0,CV,3,18,no,0,Clements_name,NA,1,4,0,Territorial,Weak,51.77,-1.33,Parus_major_51.77_-1.33,monogamy,cavity,monogamy,monogamy,microsatellite,3,yes,species_coordinates,50,110,NA,NA,biparental,biparental
633Bonderud2018,total,Poecile_gambeli,mountain_chickadee,monogamy,252,17.9,44,43.2,50.6745,-120.327,yes,microsatellite,2014,2016,3,May,July,no,398,Parus_gambeli,Parus_gambeli,Poecile_gambeli,Poecile_gambeli,no_fam,no_fam,Pair,Pair,biparental,biparental,biparental,8.2,14.5,,9,14.3,11.5,0,0,1,0,0,0,Mono,NA,monogamy,Mono,0,NA,5,9,NA,NA,NA,NA,1,4,0,Territorial,Weak,50.67,-120.33,Poecile_gambeli_50.67_-120.33,monogamy,NA,monogamy,monogamy,microsatellite,3,yes,species_coordinates,19,25,45,207,biparental,biparental
636Boersma2023,total,Malurus_lamberti,variegated_fairywren,cooperative breeder,357,60,130,80,-27.2667,152.6833,no,SNPs,2014,2017,4,August,January,yes,399,Malurus_lamberti,Malurus_lamberti,Malurus_lamberti,Malurus_lamberti,coop_families,coop_families,Cooperation,Cooperation,cooperation,cooperation,cooperation,8,NA,,7,NA,7.725,0,1,1,0,0,0,Mono,NA,monogamy,Mono,2,DM,2,4,yes,MISSING_DATA,Clements_name,NA,2,3,0,Territorial,Weak,-27.27,152.68,Malurus_lamberti_-27.27_152.68,monogamy,ground,monogamy,monogamy,SNPs,4,no,species_coordinates,104,26,214,143,NA,NA
639Llanes2019,total,Platalea_ajaja,roseate_spoonbill,monogamy,62,NA,24,46,20,-76,no,microsatellite,NA,NA,#VALUE!,NA,NA,no,310,Platalea_ajaja,Platalea_ajaja,Platalea_ajaja,Platalea_ajaja,no_fam,no_fam,Pair,Pair,biparental,biparental,biparental,1520,NA,,1430,NA,1475,1,0,0,0,0,0,Mono,NA,monogamy,Mono,0,PL,1,7,NA,NA,NA,NA,0,4,0,Non-territorial,Weak,20,-76,Platalea_ajaja_20_-76,monogamy,open,monogamy,monogamy,microsatellite,NA,no,species_coordinates,11,13,NA,NA,biparental,biparental
640Wells2017,total,Prosthemadera_novaeseelandiae,tui,monogamy,152,57,53,72,-36.3667,174.8333,no,microsatellite,2009,2012,4,October,February,no,317,Prosthemadera_novaeseelandiae,Prosthemadera_novaeseelandiae,Prosthemadera_novaeseelandiae,Prosthemadera_novaeseelandiae,family,family,Pair,Pair,biparental,biparental,biparental,70,170,,62,240,135.5,0,0,1,1,0,0,NA,NA,NA,NA,0,HC,2,5,NA,NA,NA,NA,3,4,0,Territorial,Weak,-36.37,174.83,Prosthemadera_novaeseelandiae_-36.37_174.83,monogamy,open,monogamy,monogamy,microsatellite,4,no,species_coordinates,38,15,87,65,biparental,biparental
641nomano2023,total,Lanius_bucephalus,bull-headed_shrike,monogamy,214,NA,52,NA,25.8333,131.2333,no,microsatellite,2008,2008,1,February,August,single-year study,128,Lanius_bucephalus,Lanius_bucephalus,Lanius_bucephalus,Lanius_bucephalus,family,family,Pair,Pair,biparental,biparental,biparental,34,54.4,,35,46,42.35,0,0,0,1,0,0,Mono,NA,monogamy,Mono,0,CP,2,7,NA,NA,NA,NA,1,4,0,Territorial,Strong,25.83,131.23,Lanius_bucephalus_25.83_131.23,monogamy,open,monogamy,monogamy,microsatellite,1,no,species_coordinates,NA,NA,NA,NA,biparental,biparental
642Reid2020,total,Melospiza_melodia,song_sparrow,monogamy,NA,28.8,1177,44,48.6,-123.3,no,microsatellite,1993,2016,24,March,August,no,142,Melospiza_melodia,Melospiza_melodia,Melospiza_melodia,Melospiza_melodia,no_fam,no_fam,Pair,Pair,biparental,biparental,biparental,17.1,27,,18,45.7,25.46666667,0,0,0,0,0,0,Mono,Poly,mixed,MonoPoly,0,CP,1,6,NA,NA,NA,NA,2,4,0,Territorial,Weak,48.6,-123.3,Melospiza_melodia_48.6_-123.3,monogamy,open,monogamy,monogamy,microsatellite,24,no,species_coordinates,518,659,NA,NA,biparental,biparental
643Nava2017,total,Hydrobates_monteiroi,Monteiro’s_storm-petrel,monogamy,71,2.8,56,3.6,39.05,-27.95,yes,microsatellite,2000,2015,16,April,September,no,400,Oceanodroma_castro,Oceanodroma_castro,Hydrobates_castro,Hydrobates_castro,no_fam,no_fam,Pair,Pair,biparental,biparental,biparental,NA,NA,,NA,NA,49.25,1,0,0,0,0,0,Mono,NA,monogamy,Mono,0,"BU,CR",1,1,NA,NA,NA,NA,0,4,0,Non-territorial,Strong,39.05,-27.95,Hydrobates_monteiroi_39.05_-27.95,monogamy,cavity,monogamy,monogamy,microsatellite,16,yes,species_coordinates,2,54,2,69,biparental,biparental
644Johnson2018,total,Malurus_lamberti,variegated_fairywren,cooperative breeder,332,39.76,120,55,-34.35,139.4833,no,microsatellite,2012,2015,4,September,December,yes,399,Malurus_lamberti,Malurus_lamberti,Malurus_lamberti,Malurus_lamberti,coop_families,coop_families,Cooperation,Cooperation,cooperation,cooperation,cooperation,8,NA,,7,NA,7.725,0,1,1,0,0,0,Mono,NA,monogamy,Mono,2,DM,2,4,yes,MISSING_DATA,Clements_name,NA,2,3,0,Territorial,Weak,-34.35,139.48,Malurus_lamberti_-34.35_139.48,monogamy,ground,monogamy,monogamy,microsatellite,4,no,species_coordinates,66,54,132,200,NA,NA
645Celis2012,total,Sturnus_unicolor,spotless_starling,monogamy,1225,7,341,19.4,40.75,-3.7833,yes,microsatellite,2004,2006,3,March,July,yes,340,Sturnus_unicolor,Sturnus_unicolor,Sturnus_unicolor,Sturnus_unicolor,no_fam,no_fam,Pair,Pair,biparental,biparental,biparental,90.2,NA,,94.1,NA,88.575,1,1,0,0,0,0,Mono,Poly,mixed,MonoPoly,0,O,3,5,NA,NA,NA,NA,1,4,0,Non-territorial,Weak,40.75,-3.78,Sturnus_unicolor_40.75_-3.78,monogamy,open,monogamy,monogamy,microsatellite,3,yes,species_coordinates,66,275,86,1139,biparental,biparental
646Biagolini2025,total,Volatinia_jacarina,blue-black_grassquit,monogamy,NA,NA,107,21.5,-15.75,-47.8667,no,microsatellite,2015,2019,5,December,March,no,195,Volatinia_jacarina,Volatinia_jacarina,Volatinia_jacarina,Volatinia_jacarina,NA,NA,Pair,Pair,biparental,biparental,biparental,NA,NA,,NA,NA,10,0,1,0,1,1,0,Mono,Poly,mixed,MonoPoly,0,CP,1,4,no,0,Clements_name,NA,1,4,0,Non-territorial,Weak,-15.75,-47.87,Volatinia_jacarina_-15.75_-47.87,monogamy,open,monogamy,monogamy,microsatellite,5,no,species_coordinates,23,84,NA,NA,biparental,biparental
647Segami2021,total,Ficedula_albicollis,collared_flycatcher,monogamy,812,NA,154,NA,57.1667,16.9667,yes,microsatellite,2002,2016,15,May,July,no,98,Ficedula_albicollis,Ficedula_albicollis,Ficedula_albicollis,Ficedula_albicollis,no_fam,no_fam,pair,Pair,biparental,biparental,biparental,10,14.2,,9.2,16,12.23333333,0,0,0,0,0,0,Mono,Poly,mixed,MonoPoly,0,CP,1,9,no,0,Clements_name,NA,1,4,0,Territorial,Strong,57.17,16.97,Ficedula_albicollis_57.17_16.97,monogamy,open,monogamy,monogamy,microsatellite,15,yes,species_coordinates,NA,NA,NA,NA,biparental,biparental
648Roeder2019,total,Tyrannus_forficatus,scissor-tailed_flycatcher,monogamy,550,59,140,73,34.74,-98.67,no,microsatellite,2008,2014,7,April,August,yes,185,Tyrannus_forficatus,Tyrannus_forficatus,Tyrannus_forficatus,Tyrannus_forficatus,no_fam,no_fam,Pair,Pair,biparental,biparental,biparental,36,43.2,,37.1,41.3,41.7,0,1,1,0,0,0,Mono,NA,monogamy,Mono,0,CP,3,6,NA,NA,NA,NA,2,4,0,Territorial,Strong,34.74,-98.67,Tyrannus_forficatus_34.74_-98.67,monogamy,open,monogamy,monogamy,microsatellite,7,no,species_coordinates,102,38,324,226,biparental,biparental
652Sætre2018,total,Luscinia_svecica,bluethroat,monogamy,315,10.48,61,25,61.4167,8.8667,no,microsatellite,2013,2015,3,May,August,yes,139,Luscinia_svecica,Luscinia_svecica,Luscinia_svecica,Luscinia_svecica,no_fam,no_fam,Pair,Pair,biparental,biparental,biparental,14.5,22,,15.1,19.5,18.01666667,0,0,0,0,0,0,Mono,Poly,mixed,MonoPoly,0,CP,4,7,NA,NA,NA,NA,2,4,0,Territorial,Strong,61.42,8.87,Luscinia_svecica_61.42_8.87,monogamy,open,monogamy,monogamy,microsatellite,3,no,species_coordinates,15,46,33,282,biparental,biparental
654Ferretti2019,total,Tachycineta_leucorrhoa,white-rumped_swallows,monogamy,51,35,13,61,NA,NA,yes,microsatellite,2003,2004,2,NA,NA,no,168,Tachycineta_leucorrhoa,Tachycineta_leucorrhoa,Tachycineta_leucorrhoa,Tachycineta_leucorrhoa,NA,no_fam,Pair,Pair,biparental,biparental,biparental,19,NA,,NA,NA,17.6,0,0,1,1,1,0,NA,NA,NA,NA,0,CV,4,7,NA,NA,NA,NA,3,4,0,Non-territorial,Strong,NA,NA,Tachycineta_leucorrhoa_654Ferretti2019,monogamy,cavity,monogamy,monogamy,microsatellite,2,yes,species_study_id_missing_coordinates,8,5,18,33,biparental,biparental
654Ferretti2019,total,Tachycineta_albilinea,mangrove_swallows,monogamy,95,7,22,18,NA,NA,yes,microsatellite,2003,2003,1,NA,NA,single-year study,346,Tachycineta_albilinea,Tachycineta_albilinea,Tachycineta_albilinea,Tachycineta_albilinea,NA,no_fam,Pair,Pair,biparental,biparental,biparental,13.6,16,,10,14,14.26666667,0,0,0,1,0,0,Mono,NA,monogamy,Mono,0,"CV,O",3,5,NA,NA,NA,NA,1,4,0,Non-territorial,Weak,NA,NA,Tachycineta_albilinea_654Ferretti2019,monogamy,cavity,monogamy,monogamy,microsatellite,1,yes,species_study_id_missing_coordinates,4,18,7,88,biparental,biparental
654Ferretti2019,total,Tachycineta_thalassina,violet-green_swallows,monogamy,78,56,27,67,NA,NA,yes,microsatellite,2008,2009,2,NA,NA,no,401,Tachycineta_thalassina,Tachycineta_thalassina,Tachycineta_thalassina,Tachycineta_thalassina,NA,no_fam,pair,Pair,biparental,biparental,biparental,12.5,16,,12.5,16.3,14.325,0,1,1,1,1,0,NA,NA,NA,NA,0,"CV,O",2,7,NA,NA,NA,NA,3,4,0,Non-territorial,Strong,NA,NA,Tachycineta_thalassina_654Ferretti2019,monogamy,cavity,monogamy,monogamy,microsatellite,2,yes,species_study_id_missing_coordinates,18,9,44,34,biparental,biparental
655Arct2024,total,Cyanistes_caeruleus,blue_tit,monogamy,NA,7,310,30,57.05,18.2833,yes,microsatellite,2008,2016,9,April,June,yes,349,Parus_caeruleus,Parus_caeruleus,Cyanistes_caeruleus,Cyanistes_caeruleus,no_fam,no_fam,pair,Pair,biparental,biparental,biparental,9.1,15,,8.4,13.6,11.38333333,0,0,0,1,1,0,Mono,Poly,mixed,MonoPoly,0,"CV,O",6,13,no,1.4,Clements_name,NA,1,4,0,Territorial,Weak,57.05,18.28,Cyanistes_caeruleus_57.05_18.28,monogamy,cavity,monogamy,monogamy,microsatellite,9,yes,species_coordinates,93,217,NA,NA,biparental,biparental
670Walsh2018,total,Ammodramus_nelsoni,Nelson's_sparrow,polyandry,NA,NA,8,100,43,-70,no,microsatellite,2011,2013,3,May,August,no,402,Ammodramus_nelsoni,Ammodramus_nelsoni,Ammospiza_nelsoni,Ammospiza_nelsoni,NA,NA,NA,NA,NA,NA,NA,12.8,15.2,,13.7,16.2,14.475,0,0,0,0,0,0,NA,NA,NA,NA,0,"CP,DM",2,6,NA,NA,NA,NA,3,4,0,Territorial,Strong,43,-70,Ammodramus_nelsoni_43_-70,polygamy,ground,polygamy,polygamy,microsatellite,3,no,species_coordinates,8,0,NA,NA,NA,NA
670Walsh2018,total,Ammodramus_caudacutus,saltmarsh_sparrow,no social bond,NA,NA,112,88,43,-70,no,microsatellite,2011,2013,3,May,August,no,209,Ammodramus_caudacutus,Ammodramus_caudacutus,Ammospiza_caudacuta,Ammospiza_caudacuta,no_fam,no_fam,Pair,Pair,biparental,biparental,biparental,15.4,22.5,,15.3,24.1,19.325,0,0,0,0,0,0,NA,NA,NA,NA,0,CP,3,5,NA,NA,NA,NA,3,4,0,Territorial,Strong,43,-70,Ammodramus_caudacutus_43_-70,polygamy,open,polygamy,polygamy,microsatellite,3,no,species_coordinates,99,13,NA,NA,biparental,biparental
672Grinkov2022,total,Ficedula_hypoleuca,European_pied_flycatcher,monogamy,1485,NA,250,21.2,56.35,84.9333,yes,microsatellite,2005,2005,1,April,June,single-year study,99,Ficedula_hypoleuca,Ficedula_hypoleuca,Ficedula_hypoleuca,Ficedula_hypoleuca,no_fam,no_fam,pair,Pair,biparental,biparental,biparental,11.4,18.3,,10.2,13.5,14.21666667,0,0,0,0,0,0,Mono,Poly,mixed,MonoPoly,0,CP,3,10,no,0,Clements_name,NA,2,4,0,Territorial,Strong,56.35,84.93,Ficedula_hypoleuca_56.35_84.93,monogamy,open,monogamy,monogamy,microsatellite,1,yes,species_coordinates,53,197,NA,NA,biparental,biparental
673Stermin2026,total,Rallus_aquaticus,water_rail,monogamy,NA,NA,6,16.7,46.91,23.91,no,microsatellite,2012,2012,1,May,May,single-year study,403,Rallus_aquaticus,Rallus_aquaticus,Rallus_aquaticus,Rallus_aquaticus,no_fam,no_fam,Pair,Pair,biparental,biparental,biparental,74,138,,88,190,122.5,0,0,0,1,0,0,Mono,NA,monogamy,Mono,0,CP,6,11,NA,NA,NA,NA,0,4,0,Territorial,Weak,46.91,23.91,Rallus_aquaticus_46.91_23.91,monogamy,open,monogamy,monogamy,microsatellite,1,no,species_coordinates,1,5,NA,NA,biparental,biparental
674Mino2017,total,Bubulcus_ibis,cattle_egret,monogamy,89,35.9,31,61.3,-22.5,-47.5833,no,microsatellite,2011,2011,1,October,December,single-year study,404,Bubulcus_ibis,Bubulcus_ibis,Ardea_ibis,Ardea_ibis,no_fam,no_fam,Pair,Pair,biparental,biparental,biparental,270,512,,295.8,460.3,385.6833333,1,0,0,0,0,0,Mono,NA,monogamy,Mono,0,PL,1,9,NA,NA,NA,NA,2,4,0,Non-territorial,Weak,-22.5,-47.58,Bubulcus_ibis_-22.5_-47.58,monogamy,open,monogamy,monogamy,microsatellite,1,no,species_coordinates,19,12,32,57,biparental,biparental
675Dawson2025,total,Myiopsitta_monachus,monk_parakeet,monogamy,91,17.6,27,27,41.39,2.17,no,microsatellite,2017,2018,2,April,July,yes,145,Myiopsitta_monachus,Myiopsitta_monachus,Myiopsitta_monachus,Myiopsitta_monachus,family,family,Pair,Pair,pair,pair,pair,112,140,,90,134,114.3333333,1,0,0,0,0,0,Mono,NA,monogamy,Mono,3,DM,5,7,no,3.6,Clements_name,NA,0,4,0,Non-territorial,Weak,41.39,2.17,Myiopsitta_monachus_41.39_2.17,monogamy,ground,monogamy,monogamy,microsatellite,2,no,species_coordinates,7,20,16,75,biparental,biparental
676Germain2021,total,Setophaga_caerulescens,black-throated_blue_warbler,monogamy,4097,NA,NA,NA,43.9333,-71.75,no,microsatellite,1999,2015,17,May,August,no,405,Dendroica_caerulescens,Dendroica_caerulescens,Setophaga_caerulescens,Setophaga_caerulescens,no_fam,no_fam,Pair,Pair,biparental,biparental,biparental,8.1,12.1,,8.4,12.4,10.25,0,1,0,1,1,0,Mono,Poly,mixed,MonoPoly,0,CP,2,5,NA,NA,NA,NA,1,4,0,Territorial,Strong,43.93,-71.75,Setophaga_caerulescens_43.93_-71.75,monogamy,open,monogamy,monogamy,microsatellite,17,no,species_coordinates,NA,NA,NA,NA,biparental,biparental
677Lifjeld2022,total,Hirundo_rustica,barn_swallow,monogamy,665,NA,NA,NA,44,-76,no,microsatellite,2003,2006,4,May,August,yes,117,Hirundo_rustica,Hirundo_rustica,Hirundo_rustica,Hirundo_rustica,no_fam,no_fam,Pair,Pair,biparental,biparental,biparental,11,24.8,,12.1,28.2,19.35,1,1,1,1,1,0,Mono,NA,monogamy,Mono,1,CP,2,7,no,0,Clements_name,NA,2,4,0,Non-territorial,Strong,44,-76,Hirundo_rustica_44_-76,monogamy,open,monogamy,monogamy,microsatellite,4,no,species_coordinates,NA,NA,NA,NA,biparental,biparental
678Beck2020,total,Cyanistes_caeruleus,blue_tit,monogamy,NA,NA,124,41,48.1333,10.8833,yes,microsatellite,2018,2018,1,March,June,single-year study,349,Parus_caeruleus,Parus_caeruleus,Cyanistes_caeruleus,Cyanistes_caeruleus,no_fam,no_fam,pair,Pair,biparental,biparental,biparental,9.1,15,,8.4,13.6,11.38333333,0,0,0,1,1,0,Mono,Poly,mixed,MonoPoly,0,"CV,O",6,13,no,1.4,Clements_name,NA,1,4,0,Territorial,Weak,48.13,10.88,Cyanistes_caeruleus_48.13_10.88,monogamy,cavity,monogamy,monogamy,microsatellite,1,yes,species_coordinates,51,73,NA,NA,biparental,biparental
679Kaiser2019,total,Yuhina_everetti,chestnut-crested_yuhina,cooperative breeder,NA,NA,76,18,6,116,no,microsatellite,2009,2015,7,February,June,NA,406,Yuhina_everetti,Yuhina_everetti,Staphida_everetti,Staphida_everetti,coop_families,coop_families,Cooperation,Cooperation,cooperation,cooperation,cooperation,NA,NA,,11,13.2,12.1,0,1,0,0,0,0,NA,NA,NA,NA,1,CP,1,6,yes,93,Clements_name,NA,1,3,0,Territorial,Weak,6,116,Yuhina_everetti_6_116,monogamy,open,monogamy,monogamy,microsatellite,7,no,species_coordinates,14,62,NA,NA,NA,NA
500Desrosiers2021,total,Aphelocoma_insularis,scrub-jay,monogamy,156,8,52,15,34.0233,-119.766,no,microsatellite,2009,2012,4,February,June,no,407,Aphelocoma_insularis,Aphelocoma_insularis,Aphelocoma_insularis,Aphelocoma_insularis,no_fam,no_fam,Pair,Pair,biparental,biparental,biparental,99,117,,100,147,115.75,0,0,0,1,0,0,Mono,NA,monogamy,Mono,0,CP,2,5,NA,NA,NA,NA,1,4,0,Territorial,Weak,34.02,-119.77,Aphelocoma_insularis_34.02_-119.77,monogamy,open,monogamy,monogamy,microsatellite,4,no,species_coordinates,8,44,12,144,biparental,biparental
507Roeder2022,total,Tyrannus_forficatus,scissor-tailed_flycatcher,monogamy,550,59,140,73,34.75,-98.5833,no,microsatellite,2009,2014,6,April,August,yes,185,Tyrannus_forficatus,Tyrannus_forficatus,Tyrannus_forficatus,Tyrannus_forficatus,no_fam,no_fam,Pair,Pair,biparental,biparental,biparental,36,43.2,,37.1,41.3,41.7,0,1,1,0,0,0,Mono,NA,monogamy,Mono,0,CP,3,6,NA,NA,NA,NA,2,4,0,Territorial,Strong,34.75,-98.58,Tyrannus_forficatus_34.75_-98.58,monogamy,open,monogamy,monogamy,microsatellite,6,no,species_coordinates,102,38,324,226,biparental,biparental
513Kaiser2018,total,Stachyris_nigriceps,gray-throated_babbler,cooperative breeder,73,25,29,34,6,116,no,microsatellite,2010,2015,6,February,June,no,408,Stachyris_nigriceps,Stachyris_nigriceps,Stachyris_nigriceps,Stachyris_nigriceps,family,family,nk-coop,nk-coop,nk_cooperation,nk_cooperation,nk_cooperation,NA,NA,,NA,NA,15,0,0,1,0,0,0,NA,NA,NA,NA,0,"CP,DM",2,5,yes,9,Clements_name,NA,2,3,0,Territorial,Weak,6,116,Stachyris_nigriceps_6_116,monogamy,ground,monogamy,monogamy,microsatellite,6,no,species_coordinates,10,19,18,55,NA,NA
523Gao2020,total,Cyanopica_cyanus,azure-winged_magpie,monogamy,NA,NA,NA,NA,34.6,102.5,no,microsatellite,2012,2018,7,NA,NA,no,409,Cyanopica_cyanus,Cyanopica_cyanus,Cyanopica_cyanus,Cyanopica_cyanus,coop_families,coop_families,Cooperation,Cooperation,cooperation,cooperation,cooperation,76,112,,80,118,96.5,1,0,0,0,0,0,Mono,NA,monogamy,Mono,1,CP,5,7,NA,NA,NA,NA,1,4,0,Territorial,Weak,34.6,102.5,Cyanopica_cyanus_34.6_102.5,monogamy,open,monogamy,monogamy,microsatellite,7,no,species_coordinates,NA,NA,NA,NA,NA,NA
587Badás2020,total,Cyanistes_caeruleus,blue_tit,monogamy,552,19,78,55,40.9,-4.0167,yes,microsatellite,2013,2013,1,April,June,single-year study,349,Parus_caeruleus,Parus_caeruleus,Cyanistes_caeruleus,Cyanistes_caeruleus,no_fam,no_fam,pair,Pair,biparental,biparental,biparental,9.1,15,,8.4,13.6,11.38333333,0,0,0,1,1,0,Mono,Poly,mixed,MonoPoly,0,"CV,O",6,13,no,1.4,Clements_name,NA,1,4,0,Territorial,Weak,40.9,-4.02,Cyanistes_caeruleus_40.9_-4.02,monogamy,cavity,monogamy,monogamy,microsatellite,1,yes,species_coordinates,43,35,105,447,biparental,biparental
666Danner2018,total,Ammodramus_savannarum,grasshopper_sparrows,monogamy,448,36.8,124,62.1,39.2311,-75.9819,no,microsatellite,2005,2009,5,April,August,yes,410,Ammodramus_savannarum,Ammodramus_savannarum,Ammodramus_savannarum,Ammodramus_savannarum,no_fam,no_fam,nk-coop,nk-coop,nk_cooperation,nk_cooperation,nk_cooperation,16.3,18.8,,14.5,20,18.56666667,0,0,0,0,0,0,NA,NA,NA,NA,1,DM,3,6,yes,17.4,Clements_name,NA,2,4,0,Territorial,Weak,39.23,-75.98,Ammodramus_savannarum_39.23_-75.98,monogamy,ground,monogamy,monogamy,microsatellite,5,no,species_coordinates,77,47,165,283,NA,NA
586Green2018,total,Aegithalos_caudatus,long-tailed_tit,cooperative breeder,1957,11,254,3,52.3833,-1.5667,no,microsatellite,1994,2015,22,April,May,yes,206,Aegithalos_caudatus,Aegithalos_caudatus,Aegithalos_caudatus,Aegithalos_caudatus,coop_families,coop_families,Cooperation,Cooperation,cooperation,cooperation,cooperation,NA,NA,,NA,NA,8.3,0,0,1,0,0,0,Mono,NA,monogamy,Mono,1,DM,6,15,yes,38.1,Clements_name,NA,0,4,0,Territorial,Weak,52.38,-1.57,Aegithalos_caudatus_52.38_-1.57,monogamy,ground,monogamy,monogamy,microsatellite,22,no,species_coordinates,8,246,215,1742,NA,NA
88Mayer2013,total,Emberiza_schoeniclus,reed_bunting,monogamy,669,37.1,181,56.4,47,8,no,microsatellite,2002,2005,4,March,August,yes,83,Emberiza_schoeniclus,Emberiza_schoeniclus,Emberiza_schoeniclus,Emberiza_schoeniclus,NA,no_fam,Pair,Pair,biparental,biparental,biparental,14.2,20.6,,10,29,18.63333333,0,1,1,1,0,0,Mono,Poly,mixed,MonoPoly,0,CP,4,5,no,0,Clements_name,NA,2,4,0,Territorial,Weak,47,8,Emberiza_schoeniclus_47_8,monogamy,open,monogamy,monogamy,microsatellite,4,no,species_coordinates,102,79,248,421,biparental,biparental
168Bj›rnstad1997,total,Phylloscopus_trochilus,willow_warbler,monogamy,109,33,15,33,61.42,8.87,no,DNA_fingerprinting,1993,1993,1,May,July,single-year study,306,Phylloscopus_trochilus,Phylloscopus_trochilus,Phylloscopus_trochilus,Phylloscopus_trochilus,no_fam,no_fam,pair,Pair,biparental,biparental,biparental,7.3,10.2,,8.2,10.8,9.533333333,0,1,1,1,1,0,Mono,Poly,mixed,MonoPoly,0,SP,4,8,NA,NA,NA,NA,2,4,0,Territorial,Strong,61.42,8.87,Phylloscopus_trochilus_61.42_8.87,monogamy,other_enclosed,monogamy,monogamy,DNA_fingerprinting,1,no,species_coordinates,5,10,36,73,biparental,biparental
484Liu2023,total,Turdus_rubrocanus,chestnut_thrush,monogamy,208,34.6,77,53.3,34.6853,103.5233,no,microsatellite,2019,2021,3,May,July,NA,347,Turdus_rubrocanus,Turdus_rubrocanus,Turdus_rubrocanus,Turdus_rubrocanus,no_fam,no_fam,Pair,Pair,biparental,biparental,biparental,NA,NA,,84.6,99.7,92.325,0,1,0,0,0,0,NA,NA,NA,NA,0,CP,2,4,NA,NA,NA,NA,0,2,0,Territorial,Weak,34.69,103.52,Turdus_rubrocanus_34.69_103.52,monogamy,open,monogamy,monogamy,microsatellite,3,no,species_coordinates,41,36,72,136,biparental,biparental
547DiLecce2024,total,Cyanistes_caeruleus,blue_tit,monogamy,1015,15,155,47,52.2297,21.0122,yes,SNPs,2017,2019,3,April,May,no,349,Parus_caeruleus,Parus_caeruleus,Cyanistes_caeruleus,Cyanistes_caeruleus,no_fam,no_fam,pair,Pair,biparental,biparental,biparental,9.1,15,,8.4,13.6,11.38333333,0,0,0,1,1,0,Mono,Poly,mixed,MonoPoly,0,"CV,O",6,13,no,1.4,Clements_name,NA,1,4,0,Territorial,Weak,52.23,21.01,Cyanistes_caeruleus_52.23_21.01,monogamy,cavity,monogamy,monogamy,SNPs,3,yes,species_coordinates,73,82,152,863,biparental,biparental
547DiLecce2024,total,Parus_major,great_tit,monogamy,903,10,149,31,52.2297,21.0122,yes,SNPs,2017,2019,3,April,May,no,161,Parus_major,Parus_major,Parus_major,Parus_major,no_fam,no_fam,Pair,Pair,biparental,biparental,biparental,15,21.1,,16.2,23,18.36666667,0,0,0,1,0,0,Mono,NA,monogamy,Mono,0,CV,3,18,no,0,Clements_name,NA,1,4,0,Territorial,Weak,52.23,21.01,Parus_major_52.23_21.01,monogamy,cavity,monogamy,monogamy,SNPs,3,yes,species_coordinates,46,103,90,813,biparental,biparental
